{
    "id": 71,
    "name": "Brewstew Park",
    "author": "Brapstu",
    "creators": [],
    "verifier": "Raezori",
    "verification": "https://www.youtube.com/watch?v=kmrp7QqUwXo",
    "percentToQualify": 100,
    "records": [
        {
            "user": "EvilEmperium",
            "link": "a",
            "percent": 100,
            "hz": 360
        },
        {
            "user": "Hamster",
            "link": "a",
            "percent": 100,
            "hz": 144
        },
        {
            "user": "EmeraldOre45",
            "link": "a",
            "percent": 100,
            "hz": 144
        }
    ]
}
