{
    "id": 139,
    "name": "Brewstew Demon",
    "author": "Brapstu",
    "creators": [],
    "verifier": "Raezori",
    "verification": "https://www.youtube.com/watch?v=K5Z2dJvIfL8",
    "percentToQualify": 55,
    "records": [
        {
            "user": "EvilEmperium",
            "link": "a",
            "percent": 100,
            "hz": 360
        },
        {
            "user": "ZorpikGMD",
            "link": "a",
            "percent": 100,
            "hz": 144
        }
    ]
}
