{
    "id": 129,
    "name": "Deep Down Below Us",
    "author": "cinderrblock",
    "creators": ["F1regek"],
    "verifier": "cinderrblock",
    "verification": "https://www.youtube.com/watch?v=OkG9KQbGpKw",
    "percentToQualify": 66,
    "records": [
        {
            "user": "ShadowAxeKid",
            "link": "a",
            "percent": 100,
            "hz": 144
        },
        {
            "user": "EvilEmperium",
            "link": "https://youtu.be/VBfpKOraOf8",
            "percent": 100,
            "hz": 360
        },
        {
            "user": "ZorpikGMD",
            "link": "https://www.youtube.com/watch?v=Fu-0mw1ivYA",
            "percent": 100,
            "hz": 144
        }
    ]
}
