{
    "id": 52,
    "name": "Easiesy",
    "author": "Clover",
    "creators": [
       "Clover",
       "Brapstu"
    ],
    "verifier": "Raezori",
    "verification": "https://www.youtube.com/watch?v=Utc03QgXw5A",
    "percentToQualify": 100,
    "records": [
        {
            "user": "EmeraldOre45",
            "link": "a",
            "percent": 100,
            "hz": 144
        },
        {
            "user": "Hamster",
            "link": "a",
            "percent": 100,
            "hz": 144
        },
        {
            "user": "Clover",
            "link": "a",
            "percent": 100,
            "hz": 60
        }
    ]
}
