{
    "id": 87382828,
    "name": "Shitty EUPHORIA",
    "author": "Deceit",
    "creators": [],
    "verifier": "Dxst",
    "verification": "https://youtu.be/SqwEdwBvG18",
    "showcase": "https://youtu.be/K-qpbhTxn24",
    "percentToQualify": 100,
    "records": [
        {
            "user": "ZerniasX",
            "link": "https://www.youtube.com/watch?v=aKzy4YirEpA",
            "percent": 100,
            "hz": 360
        },
        {
            "user": "KasiaUwU",
            "link": "https://youtu.be/Z3WlCKae8ls",
            "percent": 100,
            "hz": 240
        }
    ]
}
