{
    "id": 87022401,
    "name": "Shitty EXPLICIT",
    "author": "vKaii",
    "creators": [],
    "verifier": "vKaii",
    "verification": "https://youtu.be/fHM5de1lX-U",
    "showcase": "https://youtu.be/lRdNxqtvaUk",
    "percentToQualify": 100,
    "password": "Free To Copy",
    "records": [
        {
            "user": "ObvSilver",
            "link": "https://youtu.be/8wlgNst7cOA",
            "percent": 100,
            "hz": 165
        },
        {
            "user": "ZerniasX",
            "link": "https://youtu.be/SzLFiv_WitY",
            "percent": 100,
            "hz": 360
        },
        {
            "user": "LAMINGTON",
            "link": "https://www.youtube.com/watch?v=lM0_3ehjS3I",
            "percent": 100,
            "hz": 360
        }
        
    ]
}
