{
    "id": 66182456,
    "name": "Shitty Firework",
    "author": "Kobra456",
    "creators": [
        "Rimexon",
        "DeadshotHD",
        "MP3141",
        "Hilzi",
        "Serpyy",
        "NourTheKing",
        "MJA",
        "Cyns",
        "Tai0",
        "HdLink13",
        "Acidius",
        "Kobra456"
    ],
    "verifier": "Kobra456",
    "verification": "https://www.youtube.com/watch?v=v9TkqNDg-lI",
    "showcase": "https://youtu.be/bw9ccD2C6DA",
    "percentToQualify": 100,
    "records": [
        {
            "user": "Chspchips",
            "link": "https://youtu.be/H6gMjU85Y7I",
            "percent": 100,
            "hz": 144
        },
        {
            "user": "Lonhi198",
            "link": "https://www.youtube.com/watch?v=njJJfyR6C1A",
            "percent": 100,
            "hz": 144
        },
        {
            "user": "ballsking",
            "link": "https://www.youtube.com/watch?v=j8BVz_UDhbc",
            "percent": 100,
            "hz": 144
        },
        {
            "user": "Emonadeo",
            "link": "https://www.youtube.com/watch?v=Vy4qGX2004Q",
            "percent": 100,
            "hz": 180
        },
        {
            "user": "GD Catalyst",
            "link": "https://youtu.be/tfzWJkJrKoo",
            "percent": 100,
            "hz": 144
        },
        {
            "user": "iRaily",
            "link": "https://youtu.be/KZiIv60kRwo",
            "percent": 100,
            "hz": 288
        },
        {
            "user": "RadioY",
            "link": "https://youtu.be/JJgueQbcL1U",
            "percent": 100,
            "hz": 60
        },
        {
            "user": "Airi~",
            "link": "https://youtu.be/ixoNtbnq9Uc",
            "percent": 100,
            "hz": 60
        },
        {
            "user": "Samuuu18",
            "link": "https://youtu.be/PGGnKX_RpUY",
            "percent": 100,
            "hz": 180
        },
        {
            "user": "ColorRox",
            "link": "https://youtu.be/dWD4PAy52CU",
            "percent": 100,
            "hz": 120
        },
        {
            "user": "Frozono",
            "link": "https://www.youtube.com/watch?v=cDhcPJD4fH4",
            "percent": 100,
            "hz": 60
        },
        {
            "user": "ButterFish",
            "link": "https://www.youtube.com/watch?v=MU4l4FTg4Vw",
            "percent": 100,
            "hz": 144
        },
        {
            "user": "ZedGMD",
            "link": "https://youtu.be/mMoQW2VLbwk",
            "percent": 100,
            "hz": 240
        },
        {
            "user": "Tai0",
            "link": "https://youtu.be/N47IW1GET5k?t=87",
            "percent": 100,
            "hz": 144
        },
        {
            "user": "Halledo",
            "link": "https://www.youtube.com/watch?v=k0UGI6UOx-E",
            "percent": 100,
            "hz": 144
        },
        {
            "user": "Whatsalifewithoutawarry",
            "link": "https://www.youtube.com/watch?v=fmixkA8ZYT8",
            "percent": 100,
            "hz": 360
        },
        {
            "user": "attrixia",
            "link": "https://youtu.be/M_8sWdjSp_U",
            "percent": 100,
            "hz": 150
        },
        {
            "user": "MushroomB0i",
            "link": "https://youtu.be/dQK0mVcFK3w",
            "percent": 100,
            "hz": 360
        },
        {
            "user": "IDeltaPhantomI",
            "link": "https://youtu.be/QKNfS7jWILI",
            "percent": 100,
            "hz": 360
        },
        {
            "user": "AzielGD",
            "link": "https://youtu.be/3DzsATg2l-g",
            "percent": 100,
            "hz": 60,
            "mobile": true
        },
        {
            "user": "IKuster",
            "link": "https://www.youtube.com/watch?v=ZeeVdVodzNE",
            "percent": 100,
            "hz": 120
        },
        {
            "user": "BlueTomcat",
            "link": "https://youtu.be/Jgl_0FbDcYQ",
            "percent": 100,
            "hz": 288
        },
        {
            "user": "eLcacos",
            "link": "https://www.youtube.com/watch?v=A6HzTwHHEaU",
            "percent": 100,
            "hz": 144
        },
        {
            "user": "GD CrimsonKing22",
            "link": "https://www.youtube.com/watch?v=TOUpkr13xzc&ab_channel=GDCrimsonKing22",
            "percent": 100,
            "hz": 288
        },
        {
            "user": "KylashTheKiller",
            "link": "https://www.youtube.com/watch?v=YHilRCe5yJg&list=PLH1HYuDnF4eMNllfDraksH2U9bzSTz23z&index=2",
            "percent": 100,
            "hz": 144
        },
        {
            "user": "excist",
            "link": "https://youtu.be/5p3mltAC244",
            "percent": 100,
            "hz": 144
        },
        {
            "user": "MeatGaming",
            "link": "https://www.youtube.com/watch?v=qVzDvXghjkQ",
            "percent": 100,
            "hz": 144
        },
        {
            "user": "Lisa",
            "link": "https://www.youtube.com/watch?v=z1dBgKAkjf8",
            "percent": 100,
            "hz": 360
        },
        {
            "user": "Dafty",
            "link": "https://www.youtube.com/watch?v=rkSQICPqoLo",
            "percent": 100,
            "hz": 360
        },
        {
            "user": "Sanxbot",
            "link": "https://www.youtube.com/watch?v=A8xNjCWDzTs",
            "percent": 100,
            "hz": 122
        },
        {
            "user": "WilzX",
            "link": "https://www.youtube.com/watch?v=ZDpCdgHBsnI",
            "percent": 100,
            "hz": 200
        },
        {
            "user": "Echo",
            "link": "https://youtu.be/RkDlQIYuh1g",
            "percent": 100,
            "hz": 144
        },
        {
            "user": "Keruo",
            "link": "https://www.youtube.com/watch?v=jrba41-u59I",
            "percent": 100,
            "hz": 144
        },
        {
            "user": "Shel",
            "link": "https://youtu.be/uJZPnccXVRA",
            "percent": 100,
            "hz": 144
        },
        {
            "user": "Hasik",
            "link": "https://www.youtube.com/watch?v=D_UJMCIzu6U&t=2s",
            "percent": 100,
            "hz": 165
        },
        {
            "user": "NixHGD",
            "link": "https://www.youtube.com/watch?v=hCo8vZ6O5zY",
            "percent": 100,
            "hz": 60
        },
        {
            "user": "Charlielance",
            "link": "https://www.youtube.com/watch?v=BaAVPvvHQhw&t=24s&ab_channel=CharlieLance",
            "percent": 100,
            "hz": 360
        },
        {
            "user": "Mortex",
            "link": "https://www.youtube.com/watch?v=24mQiohF35Y&ab_channel=MortexGD",
            "percent": 100,
            "hz": 240
        },
        {
            "user": "bnuuy",
            "link": "https://www.youtube.com/watch?v=25nuIOOhhlw",
            "percent": 100,
            "hz": 240
        },
        {
            "user": "Sushiboys",
            "link": "https://www.youtube.com/watch?v=TE9Qf2Alu-I",
            "percent": 100,
            "hz": 300
        },
        {
            "user": "ZerniasX",
            "link": "https://youtu.be/GF56m-P9dSg",
            "percent": 100,
            "hz": 360
        },
        {
            "user": "WilltheRen",
            "link": "https://www.youtube.com/watch?v=VpfweecloAE",
            "percent": 100,
            "hz": 165
        },
        {
            "user": "Nolife",
            "link": "https://www.youtube.com/watch?v=7tvgYayVyJ0",
            "percent": 100,
            "hz": 165
        },
        {
            "user": "Willow",
            "link": "https://www.youtube.com/watch?v=ZFqyD9pHKco",
            "percent": 100,
            "hz": 360
        },
        {
            "user": "WauksGD",
            "link": "https://www.youtube.com/watch?v=VtzOJHLI7N4",
            "percent": 100,
            "hz": 144
        },
        {
            "user": "kiseki",
            "link": "https://www.youtube.com/watch?v=tJHI2r5DhkM",
            "percent": 100,
            "hz": 144
        },
        {
            "user": "Certified Noob",
            "link": "https://www.youtube.com/watch?v=9FdVHdOKD48",
            "percent": 100,
            "hz": 165
        },
        {
            "user": "Armani",
            "link": "https://www.youtube.com/watch?v=YgS56X-KBOQ",
            "percent": 100,
            "hz": 360
        },
        {
            "user": "Matthlew",
            "link": "https://youtu.be/JATuSg8f-MQ",
            "percent": 100,
            "hz": 144
        },
        {
            "user": "Holojen",
            "link": "https://www.youtube.com/watch?v=8RusCB7PB2Q",
            "percent": 100,
            "hz": 288
        },
        {
            "user": "CaoticGD",
            "link": "https://youtu.be/GX6130Wq9FU?t=633",
            "percent": 100,
            "hz": 144
        },
        {
            "user": "Gamez",
            "link": "https://www.youtube.com/watch?v=5hpY7EQT_Ac",
            "percent": 100,
            "hz": 60
        },
        {
            "user": "FlameZero",
            "link": "https://www.youtube.com/watch?v=FFD92mgTaGg",
            "percent": 100,
            "hz": 144
        },
        {
            "user": "Korushi [GD]",
            "link": "https://www.youtube.com/watch?v=mn_GaSFwqNI",
            "percent": 100,
            "hz": 288
        },
        {
            "user": "Davine_007",
            "link": "https://www.youtube.com/watch?v=J_Nrl_D60C4&t=0s",
            "percent": 100,
            "hz": 144
        },
        {
            "user": "BlackChaleur",
            "link": "https://www.youtube.com/watch?v=C-9TjWfUVJ8",
            "percent": 100,
            "hz": 240
        },
        {
            "user": "Lukasta",
            "link": "https://www.youtube.com/watch?v=vxhh_0m42LM",
            "percent": 100,
            "hz": 120
        },
        {
            "user": "Darkseid_a.t16",
            "link": "https://www.youtube.com/watch?v=1yGmEFlk2uw",
            "percent": 100,
            "hz": 60
        },
        {
            "user": "Chewie",
            "link": "https://www.youtube.com/watch?v=t4-ls2c1j7k",
            "percent": 100,
            "hz": 240
        },
        {
            "user": "Galaxyx",
            "link": "https://www.youtube.com/watch?v=07BnkpLhsfw",
            "percent": 100,
            "hz": 360
        },
        {
            "user": "Spesta",
            "link": "https://www.youtube.com/watch?v=I0_JAUD6Lxw",
            "percent": 100,
            "hz": 144
        },
        {
            "user": "Strylah",
            "link": "https://www.youtube.com/watch?v=I4gJQTkU8eU",
            "percent": 100,
            "hz": 240
        },
        {
            "user": "rweix",
            "link": "https://www.youtube.com/watch?v=kzajLtOOhWw",
            "percent": 100,
            "hz": 360
        },
        {
            "user": "rexyy",
            "link": "https://www.youtube.com/watch?v=q_YG54Dj__o",
            "percent": 100,
            "hz": 165
        },
        {
            "user": "Itsmegadash",
            "link": "https://www.youtube.com/watch?v=aLXunWbMZZY",
            "percent": 100,
            "hz": 180
        },
        {
            "user": "Fh1r",
            "link": "https://www.youtube.com/watch?v=hLlusJdcYg0",
            "percent": 100,
            "hz": 240
        },
        {
            "user": "Zygimantux",
            "link": "https://www.youtube.com/watch?v=H-mQ0bLPKcU",
            "percent": 100,
            "hz": 144
        },
        {
            "user": "homegrowntag",
            "link": "https://youtu.be/WQHilQf6MG8",
            "percent": 100,
            "hz": 144
        },
        {
            "user": "maskingtape",
            "link": "https://www.youtube.com/watch?v=bVBBGfOa_WE",
            "percent": 100,
            "hz": 360
        },
        {
            "user": "BrightBird",
            "link": "https://youtu.be/QgjzIEZxXpc",
            "percent": 100,
            "hz": 288
        },
        {
            "user": "Delay",
            "link": "https://www.youtube.com/watch?v=JqJot9wkBCM&t=5s",
            "percent": 100,
            "hz": 144
        },
        {
            "user": "ShimYeong",
            "link": "https://www.youtube.com/watch?v=Y9ekKHZ5Wo8",
            "percent": 100,
            "hz": 360
        },
        {
            "user": "T333",
            "link": "https://www.youtube.com/watch?v=3UvVWbWk4JY",
            "percent": 100,
            "hz": 240
        },
        {
            "user": "Invinceicube",
            "link": "https://youtu.be/GmELqsIbSHo",
            "percent": 100,
            "hz": 360
        },
        {
            "user": "Rubix",
            "link": "https://www.youtube.com/watch?v=oMiGpDzL_Gs",
            "percent": 100,
            "hz": 360
        },
        {
            "user": "Skhinner13",
            "link": "https://www.youtube.com/watch?v=c7OsVhXbNN0",
            "percent": 100,
            "hz": 144
        },
        {
            "user": "wienerrr",
            "link": "https://www.youtube.com/watch?v=fLBHmhk6PfY",
            "percent": 100,
            "hz": 144
        },
        {
            "user": "Dandy Chiggins",
            "link": "https://www.youtube.com/watch?v=EwJLjn6B-Ec",
            "percent": 100,
            "hz": 240
        },
        {
            "user": "Maklap",
            "link": "https://youtu.be/sDjZT-iU_Yo",
            "percent": 100,
            "hz": 144
        },
        {
            "user": "UnliMiteR",
            "link": "https://www.youtube.com/watch?v=puX9YZHrpFI",
            "percent": 100,
            "hz": 360
        },
        {
            "user": "TheIzIngrId",
            "link": "https://youtu.be/pG2BnR4ipBY",
            "percent": 100,
            "hz": 144
        },
        {
            "user": "92004JACOB",
            "link": "https://youtu.be/nkkwTl4rrNw",
            "percent": 100,
            "hz": 360
        },
        {
            "user": "Fidget",
            "link": "https://youtu.be/9JwM4y98EvU",
            "percent": 100,
            "hz": 360
        },
        {
            "user": "funniestpro",
            "link": "https://www.youtube.com/watch?v=VTfB2jEdGtc",
            "percent": 100,
            "hz": 240
        },
        {
            "user": "Floomer",
            "link": "https://www.youtube.com/watch?v=gNifJxCHgIw",
            "percent": 100,
            "hz": 360
        },
        {
            "user": "Cric2",
            "link": "https://www.youtube.com/watch?v=NjhiLM2-oAQ",
            "percent": 100,
            "hz": 240
        },
        {
            "user": "Decin0",
            "link": "https://youtu.be/x1uFQV8cg38?t=31 ",
            "percent": 100,
            "hz": 288
        },
        {
            "user": "Spaace",
            "link": "https://www.youtube.com/watch?v=9iH_KQZ2aJ0",
            "percent": 100,
            "hz": 144
        },
        {
            "user": "JonnePro77",
            "link": "https://www.youtube.com/watch?v=-RrbMHHnBOw",
            "percent": 100,
            "hz": 360
        },
        {
            "user": "mag1c",
            "link": "https://www.youtube.com/watch?v=lhgSQfOr9vY",
            "percent": 100,
            "hz": 240
        },
        {
            "user": "alfaro",
            "link": "https://www.youtube.com/watch?v=zeFi5egzAEU",
            "percent": 100,
            "hz": 60
        },
        {
            "user": "LokuninGD",
            "link": "https://www.youtube.com/watch?v=P8zOP3MXKJ8&t=27s",
            "percent": 100,
            "hz": 120
        },
        {
            "user": "Vicrf",
            "link": "https://youtu.be/xjPa74VlzMQ",
            "percent": 100,
            "hz": 288
        },
        {
            "user": "f1rst",
            "link": "https://youtu.be/RdiJDh3wp6c",
            "percent": 100,
            "hz": 240
        },
        {
            "user": "Breakcore",
            "link": "https://www.youtube.com/watch?v=SAvvJ6SvUcg",
            "percent": 100,
            "hz": 360
        },
        {
            "user": "nGoose",
            "link": "https://www.youtube.com/watch?v=5fx4OdjvUbY",
            "percent": 100,
            "hz": 120
        },
        {
            "user": "odnanref713",
            "link": "https://www.youtube.com/watch?v=YsJFRz39Ryw",
            "percent": 100,
            "hz": 120
        },
        {
            "user": "ChristianGD2309",
            "link": "https://www.youtube.com/watch?v=I49dIGtbjbU",
            "percent": 100,
            "hz": 144
        },
        {
            "user": "Normus",
            "link": "https://www.youtube.com/watch?v=tg62dfIb90E",
            "percent": 100,
            "hz": 360
        },
        {
            "user": "krispix",
            "link": "https://youtu.be/sX6eGwTek1c",
            "percent": 100,
            "hz": 225
        },
        {
            "user": "snickles",
            "link": "https://youtu.be/WMjln_FJBus",
            "percent": 100,
            "hz": 360
        },
        {
            "user": "WellNot",
            "link": "https://www.youtube.com/watch?v=XflEDZoJLAI",
            "percent": 100,
            "hz": 60
        },
        {
            "user": "DogeyBoi",
            "link": "https://www.youtube.com/watch?v=UhnjoqbuU6E",
            "percent": 100,
            "hz": 360
        },
        {
            "user": "Snakez363",
            "link": "https://www.twitch.tv/videos/1251571832",
            "percent": 100,
            "hz": 144
        },
        {
            "user": "Kl\u00f6stflow",
            "link": "https://www.youtube.com/watch?v=MEAFoiyRIEg",
            "percent": 100,
            "hz": 120
        },
        {
            "user": "frol1kkk",
            "link": "https://www.youtube.com/watch?v=6bfUpelQ0Qw",
            "percent": 100,
            "hz": 180
        },
        {
            "user": "MfoGaming1219",
            "link": "https://youtu.be/3Ox13y-SsuA",
            "percent": 100,
            "hz": 165
        },
        {
            "user": "Cuin",
            "link": "https://youtu.be/gP-VbN5tvog",
            "percent": 100,
            "hz": 240
        },
        {
            "user": "PilBoom",
            "link": "https://youtu.be/VfSs5nNMGQM",
            "percent": 100,
            "hz": 360
        },
        {
            "user": "DashTH",
            "link": "https://www.youtube.com/watch?v=N87nfJRXmTw",
            "percent": 100,
            "hz": 120
        },
        {
            "user": "ObvSilver",
            "link": "https://youtu.be/M78Ov3yKfZQ",
            "percent": 100,
            "hz": 165
        },
        {
            "user": "Cactusel",
            "link": "https://www.youtube.com/watch?v=2FG3rluS2Nk",
            "percent": 100,
            "hz": 144
        },
        {
            "user": "DanceWithMeNow",
            "link": "https://youtu.be/DbfAeT1CFkE",
            "percent": 100,
            "hz": 60
        },
        {
            "user": "zuva",
            "link": "https://youtu.be/s7VNwzz_tvo",
            "percent": 100,
            "hz": 288
        },
        {
            "user": "kanataken",
            "link": "https://www.youtube.com/watch?v=WefxHbJm4aE",
            "percent": 100,
            "hz": 360
        },
        {
            "user": "Tobiko",
            "link": "https://youtu.be/k4sFXUtLyRg",
            "percent": 100,
            "hz": 300
        },
        {
            "user": "Ka4epra",
            "link": "https://www.youtube.com/watch?v=3B1M_-SBUNU",
            "percent": 100,
            "hz": 300
        },
        {
            "user": "DarkMatt",
            "link": "https://youtu.be/YZTM9wwclSQ",
            "percent": 100,
            "hz": 360
        },
        {
            "user": "Smokz",
            "link": "https://www.youtube.com/watch?v=cp4WRH5XQi0",
            "percent": 100,
            "hz": 360
        },
        {
            "user": "LavinRu",
            "link": "https://youtu.be/7MODdCczewc",
            "percent": 100,
            "hz": 360
        },
        {
            "user": "Acacia",
            "link": "https://www.youtube.com/watch?v=-eawMY00ZN0",
            "percent": 100,
            "hz": 288
        },
        {
            "user": "Ellyy",
            "link": "https://www.youtube.com/watch?v=mAJZ5x0v4nE&ab_channel=Splatterella",
            "percent": 100,
            "hz": 165
        },
        {
            "user": "Ferleon10",
            "link": "https://youtu.be/lgfWTgRLJb0",
            "percent": 100,
            "hz": 144
        },
        {
            "user": "Tases",
            "link": "https://www.youtube.com/watch?v=hDD_yl3PmCI&t=190s",
            "percent": 100,
            "hz": 240
        },
        {
            "user": "Lyrian",
            "link": "https://www.youtube.com/watch?v=1Jitug57JtU&t=36s",
            "percent": 100,
            "hz": 360
        },
        {
            "user": "schemanick",
            "link": "https://youtu.be/ELQDG6bZM_I",
            "percent": 100,
            "hz": 360
        },
        {
            "user": "ii_Savageboy",
            "link": "https://www.youtube.com/watch?v=U_0LbioiwNE&ab_channel=Vl4d",
            "percent": 100,
            "hz": 144
        },
        {
            "user": "lonifer",
            "link": "https://www.youtube.com/watch?v=U-I1ceZlSec",
            "percent": 100,
            "hz": 360
        },
        {
            "user": "wolfblack54",
            "link": "https://www.youtube.com/watch?v=bAuIWiGyKTw",
            "percent": 100,
            "hz": 240
        },
        {
            "user": "asmallsock",
            "link": "https://www.youtube.com/watch?v=YupFNdK8Wgc",
            "percent": 100,
            "hz": 300
        },
        {
            "user": "Wolfen",
            "link": "https://www.youtube.com/watch?v=OOvKjG3Mhf4",
            "percent": 100,
            "hz": 360
        },
        {
            "user": "Loffy",
            "link": "https://www.youtube.com/watch?v=H6HmrAi09v4",
            "percent": 100,
            "hz": 144
        },
        {
            "user": "Dk",
            "link": "https://www.youtube.com/watch?v=hkW4jkcUAuQ",
            "percent": 100,
            "hz": 240
        },
        {
            "user": "NiXaNTy",
            "link": "https://www.youtube.com/watch?v=tGa8jt5V3CU",
            "percent": 100,
            "hz": 360
        },
        {
            "user": "Shemenzy",
            "link": "https://www.youtube.com/watch?v=1pURrkKo_48",
            "percent": 100,
            "hz": 300
        },
        {
            "user": "Kmetra",
            "link": "https://youtu.be/peFsiiU5Er0",
            "percent": 100,
            "hz": 144
        },
        {
            "user": "NigraGMD",
            "link": "https://www.youtube.com/watch?v=XEXFZq61lJs",
            "percent": 100,
            "hz": 144
        },
        {
            "user": "LoneEnigma",
            "link": "https://youtu.be/llbuyaIAfDk",
            "percent": 100,
            "hz": 240
        },
        {
            "user": "Juanjoim2007",
            "link": "https://youtu.be/kAj-9llIWzs",
            "percent": 100,
            "hz": 144
        },
        {
            "user": "Riptide",
            "link": "https://youtu.be/fsYcfd0LFlo",
            "percent": 100,
            "hz": 120
        },
        {
            "user": "Celcious",
            "link": "https://www.youtube.com/watch?v=Kre6wcmgmjM&t=32s",
            "percent": 100,
            "hz": 144
        },
        {
            "user": "PartyPenguin",
            "link": "https://www.youtube.com/watch?v=860ko-m8RnA",
            "percent": 100,
            "hz": 360
        },
        {
            "user": "Alaniz004",
            "link": "https://youtu.be/yA3Ydb6leus?list=PLa0Js5L-MJ8NkTF8C197sHE3Jb5GAAMwb&t=111",
            "percent": 100,
            "hz": 360
        },
        {
            "user": "ChumbeChumbe",
            "link": "https://www.youtube.com/watch?v=0g3F-neJN8c&ab_channel=chumbechumbe%5BGD%5D",
            "percent": 100,
            "hz": 144
        },
        {
            "user": "Daron [GMD]",
            "link": "https://www.youtube.com/watch?v=Gj6No2u9AeE",
            "percent": 100,
            "hz": 120
        },
        {
            "user": "DijonGD",
            "link": "https://youtu.be/nUAyCO6QHbs",
            "percent": 100,
            "hz": 240
        },
        {
            "user": "NotD4N1",
            "link": "https://www.youtube.com/watch?v=G-eoAZ3eksk",
            "percent": 100,
            "hz": 360
        },
        {
            "user": "Papote Malote",
            "link": "https://youtu.be/DIgmf3g7eUs",
            "percent": 100,
            "hz": 240
        },
        {
            "user": "ItsStam",
            "link": "https://www.youtube.com/watch?v=n71kEm2berI",
            "percent": 100,
            "hz": 120
        },
        {
            "user": "ThirtyTwelve",
            "link": "https://youtu.be/plybjdlB7s8",
            "percent": 100,
            "hz": 240
        },
        {
            "user": "voltrux",
            "link": "https://www.youtube.com/watch?v=w065RIyjwqk&ab_channel=voltrux",
            "percent": 100,
            "hz": 360
        },
        {
            "user": "ihopxe",
            "link": "https://youtu.be/8ikdbcdJWMc",
            "percent": 100,
            "hz": 240
        },
        {
            "user": "D4rky",
            "link": "https://www.youtube.com/watch?v=cN8UG_fClpM",
            "percent": 100,
            "hz": 75
        },
        {
            "user": "Outdated Noob",
            "link": "https://www.youtube.com/watch?v=oP2YzHsqqfY&ab_channel=OutdatedNoob",
            "percent": 100,
            "hz": 240
        },
        {
            "user": "CrussoCode",
            "link": "https://www.youtube.com/watch?v=_2DNgzXjaQg&t=28s",
            "percent": 100,
            "hz": 240
        },
        {
            "user": "TravelChimp",
            "link": "https://youtu.be/QVAiqwKnqLc",
            "percent": 100,
            "hz": 288
        },
        {
            "user": "Chronic",
            "link": "https://youtu.be/5KrsQQirSC0",
            "percent": 100,
            "hz": 144
        },
        {
            "user": "Ed",
            "link": "https://www.youtube.com/watch?v=sRu6dazZy1g",
            "percent": 100,
            "hz": 330
        },
        {
            "user": "origammi",
            "link": "https://www.youtube.com/watch?v=9cME9O6YaHI",
            "percent": 100,
            "hz": 240
        },
        {
            "user": ".com",
            "link": "https://youtu.be/LCmZTxdjpM8",
            "percent": 100,
            "hz": 120
        },
        {
            "user": "LEX1P",
            "link": "https://youtu.be/-EsJEk-VkRs",
            "percent": 100,
            "hz": 360
        },
        {
            "user": "abx23",
            "link": "https://www.youtube.com/watch?v=PK5saVg3RWs",
            "percent": 100,
            "hz": 288
        },
        {
            "user": "biskit",
            "link": "https://youtu.be/FbKYwrT3ywk",
            "percent": 100,
            "hz": 360
        },
        {
            "user": "RussianPotato",
            "link": "https://www.youtube.com/watch?v=8UJ7e4NYF3k",
            "percent": 100,
            "hz": 144
        },
        {
            "user": "Mauster",
            "link": "https://youtu.be/5J0jcB9dN3A",
            "percent": 100,
            "hz": 288
        },
        {
            "user": "eliaselkku",
            "link": "https://www.youtube.com/watch?v=NdHQnMOjVWk",
            "percent": 100,
            "hz": 144
        },
        {
            "user": "starships",
            "link": "https://www.youtube.com/watch?v=Ml_ROzOjrEU",
            "percent": 100,
            "hz": 360
        },
        {
            "user": "ItzMira",
            "link": "https://youtu.be/EHn3EmgMrW4",
            "percent": 100,
            "hz": 240
        },
        {
            "user": "rikkocreativity",
            "link": "https://youtu.be/dzBXhQ32dU8",
            "percent": 100,
            "hz": 240
        },
        {
            "user": "justtoxic",
            "link": "https://youtu.be/FKyOj4F20Qw",
            "percent": 100,
            "hz": 360
        },
        {
            "user": "Erdus7",
            "link": "https://www.youtube.com/watch?v=N7t2UDY0-Fw",
            "percent": 100,
            "hz": 288
        },
        {
            "user": "VeNoX",
            "link": "https://www.youtube.com/watch?v=aUIYtvACnko",
            "percent": 100,
            "hz": 240
        },
        {
            "user": "banks",
            "link": "https://www.youtube.com/watch?v=a26WNvV8FXQ",
            "percent": 100,
            "hz": 360
        },
        {
            "user": "Helgium",
            "link": "https://youtu.be/urB2lz3rta0",
            "percent": 100,
            "hz": 360
        },
        {
            "user": "Miguet",
            "link": "https://youtu.be/WpCR1tUx8fU",
            "percent": 100,
            "hz": 360
        },
        {
            "user": "Kucouski",
            "link": "https://youtu.be/fe2odhGf7xA",
            "percent": 100,
            "hz": 120,
            "mobile": true
        },
        {
            "user": "IIBoushII",
            "link": "https://www.youtube.com/watch?v=ChxWUuR2As4",
            "percent": 100,
            "hz": 288
        },
        {
            "user": "Dylinator",
            "link": "https://youtu.be/rynujgnsvEY?t=598",
            "percent": 100,
            "hz": 360
        },
        {
            "user": "mist3red",
            "link": "https://www.youtube.com/watch?v=OurmMpdbvXk",
            "percent": 100,
            "hz": 225
        },
        {
            "user": "NoobikGD",
            "link": "https://youtu.be/I0FLYARsNyA",
            "percent": 100,
            "hz": 180
        },
        {
            "user": "J",
            "link": "https://youtu.be/rRWJJzvGRPw",
            "percent": 100,
            "hz": 360
        },
        {
            "user": "Andrew14916",
            "link": "https://www.youtube.com/watch?v=HFPyUVnO0lU",
            "percent": 100,
            "hz": 360
        },
        {
            "user": "BlackAlex077",
            "link": "https://www.youtube.com/watch?v=-Ig28DHAbsM",
            "percent": 100,
            "hz": 120
        },
        {
            "user": "UPder",
            "link": "https://youtu.be/cjMxv1P2oW8",
            "percent": 100,
            "hz": 180
        },
        {
            "user": "TheDerpShark",
            "link": "https://www.youtube.com/watch?v=leyuk-rXRME&t=12s",
            "percent": 100,
            "hz": 360
        },
        {
            "user": "Stucc",
            "link": "https://youtu.be/yzsGnnKb-0w",
            "percent": 100,
            "hz": 360
        },
        {
            "user": "Sismosis",
            "link": "https://youtu.be/bEv1B11bZD8",
            "percent": 100,
            "hz": 125
        },
        {
            "user": "Karikaeshii",
            "link": "https://youtu.be/Pmrn3S7ALnE",
            "percent": 100,
            "hz": 360
        },
        {
            "user": "skyv",
            "link": "https://www.tiktok.com/@_skyv_/video/7141128782970211585",
            "percent": 100,
            "hz": 240
        },
        {
            "user": "TimsTeamYTgd",
            "link": "https://www.youtube.com/watch?v=tPnzUYuMQT0",
            "percent": 100,
            "hz": 165
        },
        {
            "user": "JaByUs",
            "link": "https://youtu.be/SMekfJ2rdEQ",
            "percent": 100,
            "hz": 240
        },
        {
            "user": "Saka",
            "link": "https://youtu.be/xRZrmy6Pjzw",
            "percent": 100,
            "hz": 360
        },
        {
            "user": "kyselo",
            "link": "https://youtu.be/DFzDvTFToJI",
            "percent": 100,
            "hz": 360
        },
        {
            "user": "SuperThiago1234",
            "link": "https://www.youtube.com/watch?v=9LeOIe-pwko",
            "percent": 100,
            "hz": 360
        },
        {
            "user": "DenyZr",
            "link": "https://youtu.be/pJyNbQ-PFuM",
            "percent": 100,
            "hz": 240
        },
        {
            "user": "MrQuart",
            "link": "https://youtu.be/Eb8dW7Zp3sQ",
            "percent": 100,
            "hz": 360
        },
        {
            "user": "JumbleBee",
            "link": "https://www.youtube.com/watch?v=B2jpim1npFo",
            "percent": 100,
            "hz": 360
        },
        {
            "user": "MrMen11",
            "link": "https://www.youtube.com/watch?v=2AMphGhQxWE",
            "percent": 100,
            "hz": 240
        },
        {
            "user": "TechJaden",
            "link": "https://www.youtube.com/watch?v=d6AW7LgUwOU",
            "percent": 100,
            "hz": 60
        },
        {
            "user": "Physion",
            "link": "https://www.youtube.com/watch?v=tlf2zZlaoRw",
            "percent": 100,
            "hz": 360
        },
        {
            "user": "Jacob PL",
            "link": "https://youtu.be/zSPSBbYSXa8",
            "percent": 100,
            "hz": 120,
            "mobile": true
        },
        {
            "user": "Dijinald Cactus",
            "link": "https://www.youtube.com/watch?v=3zBreXR16kk",
            "percent": 100,
            "hz": 120
        },
        {
            "user": "Exotixgd",
            "link": "https://www.youtube.com/watch?v=fWGDXcp9VqA",
            "percent": 100,
            "hz": 120
        },
        {
            "user": "juls",
            "link": "https://youtu.be/QFeeGrc0qI8",
            "percent": 100,
            "hz": 360
        },
        {
            "user": "Cooly",
            "link": "https://www.youtube.com/watch?v=nDFjtck9Rpg",
            "percent": 100,
            "hz": 144
        },
        {
            "user": "Bafferov",
            "link": "https://youtu.be/1V7XWm4t92A",
            "percent": 100,
            "hz": 144
        },
        {
            "user": "tunbag_",
            "link": "https://youtu.be/2gY1lb4fjUY",
            "percent": 100,
            "hz": 360
        },
        {
            "user": "Mikatito",
            "link": "https://youtu.be/1jBw0-U8dQQ",
            "percent": 100,
            "hz": 60
        },
        {
            "user": "brawlstirs665",
            "link": "https://www.youtube.com/watch?v=yfZjPqYc0NU",
            "percent": 100,
            "hz": 360
        },
        {
            "user": "FeikNubGD",
            "link": "https://youtu.be/r8qOsTkqpDM",
            "percent": 100,
            "hz": 144
        },
        {
            "user": "Goulzz",
            "link": "https://www.youtube.com/watch?v=SlKRGLvlreY",
            "percent": 100,
            "hz": 360
        },
        {
            "user": "UnaiMJ",
            "link": "https://www.youtube.com/watch?v=lj76V0BVa2Q&t",
            "percent": 100,
            "hz": 240
        },
        {
            "user": "CrunchyCroissant",
            "link": "https://www.youtube.com/watch?v=fphTrOG8X3I",
            "percent": 100,
            "hz": 288
        },
        {
            "user": "GD Fayo",
            "link": "https://www.youtube.com/watch?v=imGLn3chTng",
            "percent": 100,
            "hz": 360
        },
        {
            "user": "Hidrox",
            "link": "https://youtu.be/eDDBSBnbE7c",
            "percent": 100,
            "hz": 240
        },
        {
            "user": "Alexon",
            "link": "https://youtu.be/bwotgcPjmlQ",
            "percent": 100,
            "hz": 60
        },
        {
            "user": "ChedarGD",
            "link": "https://youtu.be/KXCjt1CHQnE",
            "percent": 100,
            "hz": 120,
            "mobile": true
        },
        {
            "user": "doradogmd",
            "link": "https://youtu.be/cauJAso6e_E",
            "percent": 82,
            "hz": 120,
            "mobile": true
        },
        {
            "user": "CRIMSI GmD",
            "link": "https://youtu.be/NfcP5cGkHQI",
            "percent": 100,
            "hz": 144
        },
        {
            "user": "NIK1LE",
            "link": "https://youtu.be/Xl4C6LKT8SM",
            "percent": 100,
            "hz": 75
        },
        {
            "user": "nWine",
            "link": "https://www.youtube.com/watch?v=OTFMpvFMa0Q",
            "percent": 100,
            "hz": 360
        },
        {
            "user": "aytGD",
            "link": "https://www.youtube.com/watch?v=eMS1-aD-17w",
            "percent": 100,
            "hz": 360
        },
        {
            "user": "aza74",
            "link": "https://youtu.be/--XWMGIpF74",
            "percent": 100,
            "hz": 240
        },
        {
            "user": "MajesticGingy",
            "link": "https://youtu.be/4o3F7Y5iy0Q",
            "percent": 100,
            "hz": 240
        },
        {
            "user": "Meaty",
            "link": "https://www.youtube.com/watch?v=f1glU6XnIZU",
            "percent": 100,
            "hz": 360
        },
        {
            "user": "Takuya",
            "link": "https://youtu.be/a6kEWtsDmeo",
            "percent": 100,
            "hz": 240
        },
        {
            "user": "SagerR",
            "link": "https://youtu.be/lcYMYDBIw18",
            "percent": 100,
            "hz": 360
        },
        {
            "user": "Vex",
            "link": "https://youtu.be/cEis3s-Z7I8",
            "percent": 100,
            "hz": 240
        }
            
    ] 
}
