{
    "id": 74236226,
    "name": "Shitty Frozen Cave",
    "author": "AcropolisBoy",
    "creators": [],
    "verifier": "Tai0",
    "verification": "https://youtu.be/fvuuGXlZgYE",
    "showcase": "https://youtu.be/z03uqxbFCf4",
    "percentToQualify": 66,
    "records": [
        {
            "user": "Nolife",
            "link": "https://www.youtube.com/watch?v=wesZiiWqR04",
            "percent": 100,
            "hz": 240
        },
        {
            "user": "BlueTomcat",
            "link": "https://www.youtube.com/watch?v=YbPAycdDpFQ",
            "percent": 100,
            "hz": 288
        },
        {
            "user": "iRaily",
            "link": "https://www.youtube.com/watch?v=pz7FX0U6pO0",
            "percent": 100,
            "hz": 288
        },
        {
            "user": "Samuuu18",
            "link": "https://www.youtube.com/watch?v=vQ-q7OBvIpc",
            "percent": 100,
            "hz": 360
        },
        {
            "user": "Dandy Chiggins",
            "link": "https://www.youtube.com/watch?v=fMHNd9-DoCc",
            "percent": 100,
            "hz": 240
        },
        {
            "user": "Vink",
            "link": "https://youtu.be/wW2gjvFZKi0",
            "percent": 100,
            "hz": 120
        },
        {
            "user": "Sushiboys",
            "link": "https://www.youtube.com/watch?v=7KqtRhA34h4",
            "percent": 100,
            "hz": 300
        },
        {
            "user": "attrixia",
            "link": "https://youtu.be/hPekXvPU-WA",
            "percent": 100,
            "hz": 150
        },
        {
            "user": "Galaxyx",
            "link": "https://www.youtube.com/watch?v=wSmVCIJ75jY",
            "percent": 100,
            "hz": 360
        },
        {
            "user": "Alaniz004",
            "link": "https://youtu.be/5jdy4J9WrTA",
            "percent": 100,
            "hz": 300
        },
        {
            "user": "GD CrimsonKing22",
            "link": "https://www.youtube.com/watch?v=IwFy41hoT1M&ab",
            "percent": 100,
            "hz": 288
        },
        {
            "user": "Strylah",
            "link": "https://youtu.be/M5sPZ2Squwk",
            "percent": 79,
            "hz": 240
        },
        {
            "user": "SebHerVil",
            "link": "https://youtu.be/l6J3YiwGyf0",
            "percent": 100,
            "hz": 144
        },
        {
            "user": "Shel",
            "link": "https://www.youtube.com/watch?v=RnW-qkkVlmI",
            "percent": 100,
            "hz": 144
        },
        {
            "user": "ZedGMD",
            "link": "https://www.youtube.com/watch?v=TlO3YHJFAi8",
            "percent": 98,
            "hz": 360
        },
        {
            "user": "Solid",
            "link": "https://www.youtube.com/watch?v=QTQV6bhH_s0",
            "percent": 100,
            "hz": 240
        },
        {
            "user": "Holojen",
            "link": "https://www.youtube.com/watch?v=rkEsrwjC4hs",
            "percent": 100,
            "hz": 288
        },
        {
            "user": "Kenos Song",
            "link": "https://www.youtube.com/watch?v=ePix3FF4cIQ",
            "percent": 100,
            "hz": 360
        },
        {
            "user": "CookieIsMine",
            "link": "https://www.youtube.com/watch?v=R7LKaUz1WUI",
            "percent": 100,
            "hz": 240
        },
        {
            "user": "Rixen Ace",
            "link": "https://www.youtube.com/watch?v=fka1OckZ3Rc&ab_channel=RixenAce",
            "percent": 100,
            "hz": 165
        },
        {
            "user": "Magmeta",
            "link": "https://youtu.be/hIttkcqmMVE",
            "percent": 100,
            "hz": 240
        },
        {
            "user": "Freikz",
            "link": "https://youtu.be/bQH9hFNEc_8",
            "percent": 100,
            "hz": 360
        },
        {
            "user": "deex3",
            "link": "https://youtu.be/cW0YVtHNubU",
            "percent": 100,
            "hz": 360
        },
        {
            "user": "KylashTheKiller",
            "link": "https://www.youtube.com/watch?v=Z2m1Z2cPepo",
            "percent": 100,
            "hz": 60
        },
        {
            "user": "BrightBird",
            "link": "https://youtu.be/nylmNXeYlFU",
            "percent": 100,
            "hz": 288
        },
        {
            "user": "h4tecr1me.",
            "link": "https://www.youtube.com/watch?v=k5CkgsjP7Xg",
            "percent": 100,
            "hz": 240
        },
        {
            "user": "Hyru1e",
            "link": "https://youtu.be/PUmJRRabtlw",
            "percent": 100,
            "hz": 144
        },
        {
            "user": "DarkTD",
            "link": "https://www.youtube.com/watch?v=sBT-h_mHrpw",
            "percent": 100,
            "hz": 330
        },
        {
            "user": "Cetza",
            "link": "https://youtu.be/vC3hdPQXBS4",
            "percent": 88,
            "hz": 144
        },
        {
            "user": "SupaX_",
            "link": "https://youtu.be/HoqUUvyAqL8",
            "percent": 100,
            "hz": 240
        },
        {
            "user": "ZawyGD",
            "link": "https://www.youtube.com/watch?v=Qoy4EQJEq0w&ab_channel=ZawyGD",
            "percent": 79,
            "hz": 144
        },
        {
            "user": "Breakcore",
            "link": "https://www.twitch.tv/videos/1413212853",
            "percent": 100,
            "hz": 360
        },
        {
            "user": "LzKlauss",
            "link": "https://youtu.be/av4bUtuZAp0",
            "percent": 100,
            "hz": 360
        },
        {
            "user": "SnoopyHyperion6",
            "link": "https://www.youtube.com/watch?v=w4yO8KblXN8",
            "percent": 100,
            "hz": 360
        },
        {
            "user": "AleczD",
            "link": "https://www.youtube.com/watch?v=mTHofEGN1qE",
            "percent": 100,
            "hz": 280
        },
        {
            "user": "ZerniasX",
            "link": "https://youtu.be/YWzodfAfMHw",
            "percent": 100,
            "hz": 360
        },
        {
            "user": "Fh1r",
            "link": "https://www.youtube.com/watch?v=eEPGVjS9nBQ",
            "percent": 100,
            "hz": 240
        },
        {
            "user": "rNexel",
            "link": "https://www.youtube.com/watch?v=Iudvua18_sE",
            "percent": 100,
            "hz": 360
        },
        {
            "user": "TheRandomStuff",
            "link": "https://www.youtube.com/watch?v=JzcFXYwlU4E",
            "percent": 100,
            "hz": 240
        },
        {
            "user": "Pitoxo",
            "link": "https://www.youtube.com/watch?v=oVXI9xet2Kk",
            "percent": 100,
            "hz": 360
        },
        {
            "user": "DijonGD",
            "link": "https://youtu.be/aOYCzfXESIU",
            "percent": 100,
            "hz": 330
        },
        {
            "user": "Davine_007",
            "link": "https://youtu.be/Etla-1qi1ig",
            "percent": 93,
            "hz": 144
        },
        {
            "user": "D141D",
            "link": "https://youtu.be/gmgDgUAFlEg",
            "percent": 100,
            "hz": 293
        },
        {
            "user": "Acacia",
            "link": "https://www.youtube.com/watch?v=-swuFVGvfPE",
            "percent": 100,
            "hz": 288
        },
        {
            "user": "RealEB2610",
            "link": "https://www.youtube.com/watch?v=HnBbj1InBq0",
            "percent": 100,
            "hz": 288
        },
        {
            "user": "Riptide",
            "link": "https://youtu.be/n_yFekg0xJI",
            "percent": 100,
            "hz": 120
        },
        {
            "user": "mist3red",
            "link": "https://www.youtube.com/watch?v=Bzih5xw3KwQ",
            "percent": 100,
            "hz": 240
        },
        {
            "user": "gonza",
            "link": "https://youtu.be/ljD0buHQ2Ds",
            "percent": 100,
            "hz": 240
        },
        {
            "user": "biskit",
            "link": "https://youtu.be/XVjfRArej50",
            "percent": 100,
            "hz": 360
        },
        {
            "user": "starships",
            "link": "https://www.youtube.com/watch?v=99gr61GeooE&t=76s",
            "percent": 100,
            "hz": 360
        },
        {
            "user": "GD Leaf",
            "link": "https://youtu.be/cOh-xfIzlOQ",
            "percent": 100,
            "hz": 144
        },
        {
            "user": "MechanicGD",
            "link": "https://youtu.be/CyJJjLTrJvs",
            "percent": 100,
            "hz": 360
        },
        {
            "user": "AzielGD",
            "link": "https://youtu.be/u7G1BbqpwBw",
            "percent": 100,
            "hz": 120,
            "mobile": true
        },
        {
            "user": "DeXtarity",
            "link": "https://www.youtube.com/watch?v=apYEsGa_w0E",
            "percent": 100,
            "hz": 360
        },
        {
            "user": "ThinCrust",
            "link": "https://youtu.be/fEugnYm9Dr0",
            "percent": 73,
            "hz": 360
        },
        {
            "user": "natertot07",
            "link": "https://www.youtube.com/watch?v=0l6I2iwzciE",
            "percent": 100,
            "hz": 360
        },
        {
            "user": "skeeb",
            "link": "https://www.youtube.com/watch?v=7kfwnJGFL4c",
            "percent": 100,
            "hz": 288
        },
        {
            "user": "zuva",
            "link": "https://www.youtube.com/watch?v=yfQJxU4VUZM",
            "percent": 100,
            "hz": 360
        },
        {
            "user": "wiz",
            "link": "https://youtu.be/lil1-r3Ail0",
            "percent": 100,
            "hz": 360
        },
        {
            "user": "Andrew14916",
            "link": "https://www.youtube.com/watch?v=AInXmAzSyNI",
            "percent": 100,
            "hz": 360
        },
        {
            "user": "StarXV",
            "link": "https://youtu.be/WXVwKCa79oo?t=500",
            "percent": 100,
            "hz": 300
        },
        {
            "user": "Delay",
            "link": "https://www.youtube.com/watch?v=MJwBbIPh2h0",
            "percent": 100,
            "hz": 144
        },
        {
            "user": "miguel6456",
            "link": "https://youtu.be/PGEdJgbEoyI",
            "percent": 100,
            "hz": 360
        },
        {
            "user": "Lonrana1278",
            "link": "https://youtu.be/EzLp0fpZ12M",
            "percent": 100,
            "hz": 240
        },
        {
            "user": "ElijahJordan2",
            "link": "https://www.youtube.com/watch?v=jrOe4Gy4dZQ&ab_channel=GDlevels",
            "percent": 100,
            "hz": 240
        },
        {
            "user": "JaxonKN",
            "link": "https://www.youtube.com/watch?v=7cc4nOc9B_A",
            "percent": 100,
            "hz": 360
        },
        {
            "user": "Tunax",
            "link": "https://youtu.be/1_paQh3967Q",
            "percent": 100,
            "hz": 360
        },
        {
            "user": "FullyDiverse",
            "link": "https://youtu.be/16Gbe4B8nC4",
            "percent": 100,
            "hz": 321
        },
        {
            "user": "Sloppy Joe Gaming",
            "link": "https://www.youtube.com/watch?v=Odce4pBANtc",
            "percent": 100,
            "hz": 360
        },
        {
            "user": "BarbequeSauce",
            "link": "https://youtu.be/yXFy00GPK0s",
            "percent": 100,
            "hz": 360
        },
        {
            "user": "normus",
            "link": "https://youtu.be/AlbjRw6vUX0",
            "percent": 100,
            "hz": 360
        },
        {
            "user": "Lawnmower",
            "link": "https://youtu.be/Hqlkz3PXOW8",
            "percent": 100,
            "hz": 240
        },
        {
            "user": "reyes",
            "link": "https://www.youtube.com/watch?v=zS9ztZSZmTU",
            "percent": 66,
            "hz": 360
        },
        {
            "user": "sydno",
            "link": "https://www.youtube.com/watch?v=Pkg_x07XWFY",
            "percent": 100,
            "hz": 360
        }
    ]
}
