{
    "id": 96,
    "name": "Frozen Shade II",
    "author": "Deepstrider2",
    "creators": [
        "Latios"
    ],
    "verifier": "Latios",
    "verification": "https://www.youtube.com/watch?v=P_9vgaBqBfc",
    "percentToQualify": 62,
    "records": [
        {
            "user": "Hamster",
            "link": "https://discord.com/channels/1025542414024310794/1025706987205447790/1038630439138623578",
            "percent": 100,
            "hz": 144
        },
        {
            "user": "EvilEmperium",
            "link": "https://youtu.be/bg5pWNYXlqA",
            "percent": 100,
            "hz": 360
        }
    ]
}
