{
    "id": 78134098,
    "name": "Shitty Glacial Core",
    "author": "Fh1r",
    "creators": [],
    "verifier": "iRaily",
    "verification": "https://youtu.be/yifw_MhTOdQ",
    "showcase": "https://youtu.be/dqDD5BrV2qM",
    "percentToQualify": 100,
    "password": "67993",
    "records": [
        {
            "user": "ZerniasX",
            "link": "https://youtu.be/ctsrlrFllV0",
            "percent": 100,
            "hz": 360
        },
        {
            "user": "LzKlauss",
            "link": "https://youtu.be/QKMiTjBzqaU",
            "percent": 100,
            "hz": 360
        },
        {
            "user": "Samuuu18",
            "link": "https://youtu.be/vLsKvlG3AuI",
            "percent": 100,
            "hz": 360
        },
        {
            "user": "Haze",
            "link": "https://youtu.be/NR3dnZWYmfI",
            "percent": 100,
            "hz": 360
        }
    ]
}
