{
    "id": 3,
    "name": "Glazed Void",
    "author": "Raezori",
    "creators": [],
    "verifier": "Raezori",
    "verification": "https://www.youtube.com/watch?v=Sl_d1B_tKa4",
    "percentToQualify": 56,
    "records": [
        {
            "user": "EvilEmperium",
            "link": "a",
            "percent": 100,
            "hz": 360
        },
        {
            "user": "EmeraldOre45",
            "link": "a",
            "percent": 100,
            "hz": 144
        },
        {
            "user": "Hamster",
            "link": "a",
            "percent": 100,
            "hz": 144
        }
    ]
}
