{
    "id": 81344398,
    "name": "Shitty Hard Machine",
    "author": "Bluestone",
    "creators": [
        "Bluestone",
        "Prometheus",
        "Ryoui"
    ],
    "verifier": "Prometheus",
    "verification": "https://youtu.be/qv6O_dC3ptc",
    "showcase": "https://youtu.be/KpHJpPoGknk",
    "percentToQualify": 55,
    "records": [
        {
            "user": "biskit",
            "link": "https://youtu.be/dHi8jfMJBeI",
            "percent": 100,
            "hz": 360
        },
        {
            "user": "Kenos Song",
            "link": "https://youtu.be/kTKVXhpxbyM",
            "percent": 100,
            "hz": 360
        },
        {
            "user": "Dandy Chiggins",
            "link": "https://youtu.be/QSQOQt7DBTw",
            "percent": 100,
            "hz": 360
        },
        {
            "user": "KylashTheKiller",
            "link": "https://youtu.be/FqWhcTm26wc",
            "percent": 100,
            "hz": 60
        },
        {
            "user": "MinYong",
            "link": "https://youtu.be/FvG1e6aLXiE",
            "percent": 100,
            "hz": 360
        },
        {
            "user": "putr1ckk",
            "link": "https://youtu.be/IKIpci0az9E",
            "percent": 90,
            "hz": 288
        },
        {
            "user": "GD CrimsonKing22",
            "link": "https://www.youtube.com/watch?v=Ii6CSn9bhD4",
            "percent": 100,
            "hz": 360
        },
        {
            "user": "h4tecr1me.",
            "link": "https://www.youtube.com/watch?v=PANbX8UvC2w",
            "percent": 100,
            "hz": 360
        },
        {
            "user": "BarbequeSauce",
            "link": "https://m.youtube.com/watch?v=HQXH61M0nAA&feature=youtu.be",
            "percent": 100,
            "hz": 360
        },
        {
            "user": "zrK",
            "link": "https://www.youtube.com/watch?v=NnmJkKreYtc",
            "percent": 100,
            "hz": 280
        },
        {
            "user": "bull2k",
            "link": "https://youtu.be/kI_vVnwIET0",
            "percent": 100,
            "hz": 360
        },
        {
            "user": "lonifer",
            "link": "https://www.youtube.com/watch?v=CPYpAEeT2E0&t",
            "percent": 94,
            "hz": 360
        },
        {
            "user": "IKuster",
            "link": "https://youtu.be/YpEpWY9qB4A",
            "percent": 100,
            "hz": 360
        }
    
        
        
    ]
}
