{
    "id": 63161977,
    "name": "Shitty Hateful Reflection",
    "author": "Melbourne",
    "creators": [
        "Melbourne",
        "Bluuper",
        "Ppraerius"
    ],
    "verifier": "Melbourne",
    "verification": "https://youtu.be/L0oFBIGpmGI",
    "showcase": "https://youtu.be/fbdBHYHyA1I",
    "percentToQualify": 100,
    "records": [
        {
            "user": "XLGamer10",
            "link": "https://www.youtube.com/watch?v=oWe0PnOwjw0",
            "percent": 100,
            "hz": 288
        },
        {
            "user": "lappwv",
            "link": "https://youtu.be/fD-EroQYW7s",
            "percent": 100,
            "hz": 300
        },
        {
            "user": "Kobra456",
            "link": "https://www.youtube.com/watch?v=Z9VrI2jkM-A",
            "percent": 100,
            "hz": 144
        },
        {
            "user": "Lawnmower",
            "link": "https://youtu.be/jcpIVrAnQ4E",
            "percent": 100,
            "hz": 288
        },
        {
            "user": "Sydney",
            "link": "https://youtu.be/xRO4PYJSFk8",
            "percent": 100,
            "hz": 288
        },
        {
            "user": "TheSlammed",
            "link": "https://youtu.be/LQOSOqLqV2s",
            "percent": 100,
            "hz": 180
        },
        {
            "user": "FizzySalad",
            "link": "https://www.youtube.com/watch?v=GP65_bDdHfo&feature=youtu.be",
            "percent": 100,
            "hz": 144
        },
        {
            "user": "JakeN2436",
            "link": "https://www.youtube.com/watch?v=782hEffNkrM&ab_channel=JakeN2436",
            "percent": 100,
            "hz": 240
        },
        {
            "user": "ImScoping",
            "link": "https://youtu.be/prUy9CjtoIU",
            "percent": 100,
            "hz": 288
        },
        {
            "user": "GDMeric",
            "link": "https://youtu.be/lhWnSkF6bPQ",
            "percent": 100,
            "hz": 288
        },
        {
            "user": "ddddr",
            "link": "https://www.youtube.com/watch?v=vUAbmtL9P9A",
            "percent": 100,
            "hz": 144
        },
        {
            "user": "Kenos Song",
            "link": "https://www.youtube.com/watch?v=SzyXWWecu8g",
            "percent": 100,
            "hz": 288
        },
        {
            "user": "Peachy",
            "link": "https://www.youtube.com/watch?v=80IeyYWhrG0",
            "percent": 100,
            "hz": 144
        },
        {
            "user": "Goodyman",
            "link": "https://www.youtube.com/watch?v=E46TdnH1E1I&feature=youtu.be",
            "percent": 100,
            "hz": 165
        },
        {
            "user": "Acidius",
            "link": "https://www.youtube.com/watch?v=GoHH3n4eyIY",
            "percent": 100,
            "hz": 60,
            "mobile": true
        },
        {
            "user": "Samuuu18",
            "link": "https://youtu.be/_QS5dO6m5UM",
            "percent": 100,
            "hz": 180
        },
        {
            "user": "Mystycal",
            "link": "https://youtu.be/Q0V1uhIqWX4",
            "percent": 100,
            "hz": 280
        },
        {
            "user": "TH54",
            "link": "https://youtu.be/xWgsms4tZOc",
            "percent": 100,
            "hz": 240
        },
        {
            "user": "Tai0",
            "link": "https://youtu.be/L5nSgsVMytE",
            "percent": 100,
            "hz": 144
        },
        {
            "user": "ZerniasX",
            "link": "https://youtu.be/TxeiZf0SkS0",
            "percent": 100,
            "hz": 100
        },
        {
            "user": "PetarParadrop",
            "link": "https://youtu.be/iUXb2JQUzWI",
            "percent": 100,
            "hz": 240
        },
        {
            "user": "SupaX_",
            "link": "https://youtu.be/pNPBD6Hehc4",
            "percent": 100,
            "hz": 240
        },
        {
            "user": "BlueTomcat",
            "link": "https://youtu.be/BSPtwE1knCo",
            "percent": 100,
            "hz": 144
        },
        {
            "user": "IDeltaPhantomI",
            "link": "https://youtu.be/2mmZ4RAPo7o",
            "percent": 100,
            "hz": 240
        },
        {
            "user": "Cryonix",
            "link": "https://youtu.be/Rla3PlX2hNc",
            "percent": 100,
            "hz": 144
        },
        {
            "user": "Magmeta",
            "link": "https://www.youtube.com/watch?v=qYwtul20zM0",
            "percent": 100,
            "hz": 240
        },
        {
            "user": "SrGuillester",
            "link": "https://www.youtube.com/watch?v=fHqhy9bO00o",
            "percent": 100,
            "hz": 144
        },
        {
            "user": "Dustik",
            "link": "https://www.youtube.com/watch?v=2xCe2pqV9Ec&ab_channel=Dustik",
            "percent": 100,
            "hz": 144
        },
        {
            "user": "jOnel",
            "link": "https://youtu.be/LFNe-0xCRik",
            "percent": 100,
            "hz": 360
        },
        {
            "user": "iRaily",
            "link": "https://youtu.be/_KHsc8EexyY",
            "percent": 100,
            "hz": 288
        },
        {
            "user": "TravelChimp",
            "link": "https://www.youtube.com/watch?v=fS-L1MzbdMA",
            "percent": 100,
            "hz": 288
        },
        {
            "user": "DingXD",
            "link": "https://youtu.be/wOZiHK2HX9o",
            "percent": 100,
            "hz": 240
        },
        {
            "user": "Frozono",
            "link": "https://youtu.be/LYTFGuDdW3Y",
            "percent": 100,
            "hz": 60
        },
        {
            "user": "Toonix",
            "link": "https://youtu.be/dsHQUIoGO8A",
            "percent": 100,
            "hz": 60
        },
        {
            "user": "Delay",
            "link": "https://youtu.be/qUYOYZdWuzA",
            "percent": 100,
            "hz": 240
        },
        {
            "user": "LzKlauss",
            "link": "https://www.youtube.com/watch?v=yiYmwPx0bog",
            "percent": 100,
            "hz": 360
        },
        {
            "user": "Sternal_BOT",
            "link": "https://www.youtube.com/watch?v=VAn3TOUR_ug",
            "percent": 100,
            "hz": 360
        },
        {
            "user": "Sushiboys",
            "link": "https://www.youtube.com/watch?v=OLEQm9Dok58",
            "percent": 100,
            "hz": 300
        },
        {
            "user": "ThisIsTheCreeper",
            "link": "https://www.youtube.com/watch?v=OeW4K30EaEM",
            "percent": 100,
            "hz": 360
        },
        {
            "user": "GD CrimsonKing22",
            "link": "https://www.youtube.com/watch?v=lftw_IGvlZA&ab_channel=GDCrimsonKing22",
            "percent": 100,
            "hz": 288
        },
        {
            "user": "DogeyBoi",
            "link": "https://youtu.be/XlmQttlThFw",
            "percent": 100,
            "hz": 165
        },
        {
            "user": "Nolife",
            "link": "https://www.youtube.com/watch?v=imhYYAeF4Vg",
            "percent": 100,
            "hz": 240
        },
        {
            "user": "Shel",
            "link": "https://youtu.be/bYopeHCv39s",
            "percent": 100,
            "hz": 144
        },
        {
            "user": "WilltheRen",
            "link": "https://www.youtube.com/7r2gmBbvN8E",
            "percent": 100,
            "hz": 165
        },
        {
            "user": "Certified Noob",
            "link": "https://www.youtube.com/watch?v=ZjdZWAyGAzM",
            "percent": 100,
            "hz": 165
        },
        {
            "user": "BrightBird",
            "link": "https://youtu.be/4a0LPG0ZRFI",
            "percent": 100,
            "hz": 288
        },
        {
            "user": "Juan_7542",
            "link": "https://youtu.be/v2gvBK2K0rs",
            "percent": 100,
            "hz": 288
        },
        {
            "user": "attrixia",
            "link": "https://youtu.be/z5gmqa6L3Qs",
            "percent": 100,
            "hz": 150
        },
        {
            "user": "Riptide",
            "link": "https://youtu.be/wd_m1LCjShM",
            "percent": 100,
            "hz": 120
        },
        {
            "user": "rikkocreativity",
            "link": "https://www.youtube.com/watch?v=-gwYocs21xg",
            "percent": 100,
            "hz": 240
        },
        {
            "user": "h4tecr1me.",
            "link": "https://www.youtube.com/watch?v=A7hPsN-M0_o",
            "percent": 100,
            "hz": 240
        },
        {
            "user": "Brinnn",
            "link": "https://youtu.be/Zju5sf1fdtI",
            "percent": 100,
            "hz": 120
        },
        {
            "user": "Matthlew",
            "link": "https://youtu.be/4ds6JtkKawY",
            "percent": 100,
            "hz": 144
        },
        {
            "user": "bnuuy",
            "link": "https://www.youtube.com/watch?v=f8KpXO30ysI",
            "percent": 100,
            "hz": 360
        },
        {
            "user": "BlackChaleur",
            "link": "https://youtu.be/T0prT92d6rM",
            "percent": 100,
            "hz": 360
        },
        {
            "user": "JaByUs",
            "link": "https://www.youtube.com/watch?v=9mR_JmhWoWc",
            "percent": 100,
            "hz": 240
        },
        {
            "user": "YOUI",
            "link": "https://youtu.be/nAf37inkVOo",
            "percent": 100,
            "hz": 240
        },
        {
            "user": "Goulzz",
            "link": "https://www.youtube.com/watch?v=NwNUv7DfzbI",
            "percent": 100,
            "hz": 360
        },
        {
            "user": "Dylinator",
            "link": "https://youtu.be/aXb4WFJVLeU?t=1249",
            "percent": 100,
            "hz": 360
        },
        {
            "user": "origammi",
            "link": "https://youtu.be/QFjjtp4PVXM",
            "percent": 100,
            "hz": 288
        }
    ]
}
