{
    "id": 86085762,
    "name": "Shitty Henken",
    "author": "SuperLegenda Go",
    "creators": [],
    "verifier": "Gokill",
    "verification": "https://youtu.be/eI-NEl09C0Y",
    "showcase": "https://www.youtube.com/watch?v=zVZ9BAfqAbQ&ab_channel=TSLShowcases",
    "percentToQualify": 62,
    "records": [
       {
            "user": "Zepynr",
            "link": "https://www.youtube.com/watch?v=9rSlaZR-A0o",
            "percent": 100,
            "hz": 360
        },
        {
            "user": "Dandy Chiggins",
            "link": "https://youtu.be/OjGLXiv1New",
            "percent": 100,
            "hz": 360
        },
        {
            "user": "FullyDiverse",
            "link": "https://youtu.be/YbMVh3jHMxY",
            "percent": 100,
            "hz": 321
        },
        {
            "user": "BarbequeSauce",
            "link": "https://youtu.be/rkj_2wCEIxA",
            "percent": 100,
            "hz": 360
        },
        {
            "user": "vKaii",
            "link": "https://www.youtube.com/watch?v=vtdWxLr1ty4",
            "percent": 100,
            "hz": 360
        },
        {
            "user": "Kenos Song",
            "link": "https://youtu.be/fpgSKT9P8Q4",
            "percent": 100,
            "hz": 360
        }
    ]
}
