{
    "id": 84559550,
    "name": "Shitty Hephaestus",
    "author": "Deceit",
    "creators": [],
    "verifier": "Ryoui",
    "verification": "https://youtu.be/8acljkSdbdM",
    "showcase": "https://youtu.be/kznXdWn0cwo",
    "percentToQualify": 100,
    "records": [
        {
            "user": "Microwaveee",
            "link": "https://www.youtube.com/watch?v=lYMua3PygxE",
            "percent": 100,
            "hz": "144"
        },
        {
            "user": "Riptide",
            "link": "https://www.youtube.com/watch?v=muOS0yTdFK0",
            "percent": 100,
            "hz": 120
        },
        {
            "user": "Bnuuy",
            "link": "https://www.youtube.com/watch?v=Ag4YLX1y8q0",
            "percent": 100,
            "hz": 360
        },
        {
            "user": "BrightBird",
            "link": "https://www.youtube.com/watch?v=kXh5Bq7dzV0",
            "percent": 100,
            "hz": 288
        },
        {
            "user": "ObvSilver",
            "link": "https://youtu.be/-vz9a-qLUBU",
            "percent": 100,
            "hz": 165
        },
        {
            "user": "jonah",
            "link": "https://youtu.be/ohDE7aywTZk",
            "percent": 100,
            "hz": 360
        },
        {
            "user": "Dandy Chiggins",
            "link": "https://youtu.be/NdDCppHF4WU",
            "percent": 100,
            "hz": 360
        }
    ]
}
