{
    "id": 88851206,
    "name": "Shitty Hyper Paracosm",
    "author": "SarcasticMuch",
    "creators": ["SarcasticMuch",
"Ryoui"],
    "verifier": "KylashTheKiller",
    "verification": "https://youtu.be/L0hhdoMOM5Q",
    "showcase": "https://www.youtube.com/watch?v=0SCNJEIzQnc",
    "percentToQualify": 56,
    "password": "Free to Copy",
    "records": [
    {
            "user": "Neltumn",
            "link": "https://www.youtube.com/watch?v=-G8uOkDs4Zk",
            "percent": 100,
            "hz": 360
        }
    ]
}
