{
    "id": 72563604,
    "name": "Shitty Hyper Paradox",
    "author": "Acidius",
    "creators": [],
    "verifier": "SupaX_",
    "verification": "https://youtu.be/cvKLMkSubD4",
    "percentToQualify": 100,
    "password": "402100",
    "records": [
        {
            "user": "iRaily",
            "link": "https://youtu.be/jdDqjZu6LqQ",
            "percent": 100,
            "hz": 288
        },
        {
            "user": "BlueTomcat",
            "link": "https://www.youtube.com/watch?v=d78lYJd6b2k",
            "percent": 100,
            "hz": 288
        },
        {
            "user": "Shel",
            "link": "https://www.youtube.com/watch?v=YHJuNX8cD4k&ab_channel=Shel",
            "percent": 100,
            "hz": 144
        },
        {
            "user": "Nolife",
            "link": "https://youtu.be/tPj7e-87Vgs",
            "percent": 100,
            "hz": 240
        },
        {
            "user": "Juan_7542",
            "link": "https://youtu.be/dlPLVseY_FI",
            "percent": 100,
            "hz": 288
        },
        {
            "user": "7ssumi",
            "link": "https://www.youtube.com/watch?v=XxdZ7hS0vB8",
            "percent": 100,
            "hz": 144
        },
        {
            "user": "RedWire",
            "link": "https://www.youtube.com/watch?v=pw6dpBRgqJM",
            "percent": 100,
            "hz": 240
        },
        {
            "user": "Tai0",
            "link": "https://youtu.be/HNyxe929O1o",
            "percent": 100,
            "hz": 144
        },
        {
            "user": "qb1",
            "link": "https://youtu.be/v4ZQ5CBvdgg",
            "percent": 100,
            "hz": 240
        },
        {
            "user": "DogeyBoi",
            "link": "https://www.youtube.com/watch?v=lr1lxN1ZtRU",
            "percent": 100,
            "hz": 165
        },
        {
            "user": "ZerniasX",
            "link": "https://youtu.be/WtkONC18TX0",
            "percent": 100,
            "hz": 360
        },
        {
            "user": "attrixia",
            "link": "https://youtu.be/QQktUaTjsXg",
            "percent": 100,
            "hz": 150
        },
        {
            "user": "deex3",
            "link": "https://youtu.be/gfcMaXX0iX0?t=68",
            "percent": 100,
            "hz": 360
        },
        {
            "user": "WilltheRen",
            "link": "https://www.youtube.com/watch?v=CU1NJ_SULv0",
            "percent": 100,
            "hz": 165
        },
        {
            "user": "WaveAZ",
            "link": "https://www.youtube.com/watch?v=Gu7oVGGAJL0",
            "percent": 100,
            "hz": 360
        },
        {
            "user": "Delay",
            "link": "https://www.youtube.com/watch?v=uf5fH9iSWVU",
            "percent": 100,
            "hz": 144
        },
        {
            "user": "Lisa",
            "link": "https://www.youtube.com/watch?v=Wf2KVWFp3Aw",
            "percent": 100,
            "hz": 360
        },
        {
            "user": "DoGGy",
            "link": "https://www.youtube.com/watch?v=jDHdsgEzGH4",
            "percent": 100,
            "hz": 288
        },
        {
            "user": "DoxyZ",
            "link": "https://www.youtube.com/watch?v=LLgnxxQGlRQ",
            "percent": 100,
            "hz": 120
        },
        {
            "user": "BlackChaleur",
            "link": "https://www.youtube.com/watch?v=LLgnxxQGlRQ",
            "percent": 100,
            "hz": 240
        },
        {
            "user": "IKuster",
            "link": "https://youtu.be/3RS-giMjHlw",
            "percent": 100,
            "hz": 300
        },
        {
            "user": "Decin0",
            "link": "https://youtu.be/3d4sxztuMGw?t=30",
            "percent": 100,
            "hz": 288
        },
        {
            "user": "T333",
            "link": "https://www.youtube.com/watch?v=zHAcSe8-1XE",
            "percent": 100,
            "hz": 240
        },
        {
            "user": "M1nYong",
            "link": "https://youtu.be/DdhhwmMbJYU",
            "percent": 100,
            "hz": 360
        },
        {
            "user": "LzKlauss",
            "link": "https://youtu.be/4QaFkbAZgE0",
            "percent": 100,
            "hz": 360
        },
        {
            "user": "UnwantedPasta",
            "link": "https://www.youtube.com/watch?v=GQpO1zMYBrA",
            "percent": 100,
            "hz": 144
        },
        {
            "user": "Invinceicube",
            "link": "https://www.youtube.com/watch?v=pZyNY2OPVvk&list=UUKr28c2YZg7-0NDJFJJI-yw&index=1",
            "percent": 100,
            "hz": 240
        },
        {
            "user": "torbrowser",
            "link": "https://youtu.be/oHsowXkzdAk",
            "percent": 100,
            "hz": 240
        },
        {
            "user": "NTB",
            "link": "https://www.youtube.com/watch?v=mZk6Z3Du8HY",
            "percent": 100,
            "hz": 300
        },
        {
            "user": "SoSu",
            "link": "https://www.youtube.com/watch?v=uCKBNratF04",
            "percent": 100,
            "hz": 144
        },
        {
            "user": "Robulaattori",
            "link": "https://www.youtube.com/watch?v=dzAhWcWb7yQ",
            "percent": 100,
            "hz": 360
        },
        {
            "user": "woi",
            "link": "https://youtu.be/MREWRhNr3uE",
            "percent": 100,
            "hz": 360
        },
        {
            "user": "Bamvie",
            "link": "https://youtu.be/lTSIForHeMU",
            "percent": 100,
            "hz": 120
        }
    ]
}