{
    "id": 65422171,
    "name": "Shitty Ithacropolis",
    "author": "Cyns",
    "creators": [],
    "verifier": "Cyns",
    "verification": "https://youtu.be/jUH6GSD4FBE",
    "showcase": "https://youtu.be/U2I-M7wblfs",
    "percentToQualify": 100,
    "records": [
        {
            "user": "IDeltaPhantomI",
            "link": "https://youtu.be/wHr8MRUpb_Q",
            "percent": 100,
            "hz": 240
        },
        {
            "user": "BlueTomcat",
            "link": "https://youtu.be/NKOieGbOeog",
            "percent": 100,
            "hz": 144
        },
        {
            "user": "Dustik",
            "link": "https://www.youtube.com/watch?v=R8VyvJRT2eo&ab_channel=Dustik",
            "percent": 100,
            "hz": 144
        },
        {
            "user": "ZerniasX",
            "link": "https://youtu.be/T75RXKVO_-I",
            "percent": 100,
            "hz": 288
        },
        {
            "user": "Kobra456",
            "link": "https://www.youtube.com/watch?v=sahElOpSwos",
            "percent": 100,
            "hz": 288
        },
        {
            "user": "Lawnmower",
            "link": "https://youtu.be/HAPzQlqwA5g",
            "percent": 100,
            "hz": 240
        },
        {
            "user": "RazerJCZ",
            "link": "https://www.youtube.com/watch?v=Q2J3tmMbRNo&t",
            "percent": 100,
            "hz": 240
        },
        {
            "user": "SrGuillester",
            "link": "https://youtu.be/J8E4IRvsys8",
            "percent": 100,
            "hz": 144
        },
        {
            "user": "gdXposed",
            "link": "https://youtu.be/Kn_aIzsXbko",
            "percent": 100,
            "hz": 240
        },
        {
            "user": "attrixia",
            "link": "https://youtu.be/RkW9RgVTxDE",
            "percent": 100,
            "hz": 144
        },
        {
            "user": "Breakcore",
            "link": "https://streamable.com/v9g227",
            "percent": 100,
            "hz": 288
        },
        {
            "user": "MushroomB0i",
            "link": "https://www.youtube.com/watch?v=PBiXzRbOXc0",
            "percent": 100,
            "hz": 160
        },
        {
            "user": "Vermillion",
            "link": "https://www.youtube.com/watch?v=QhSx7gbIQ0A",
            "percent": 100,
            "hz": 144
        },
        {
            "user": "BeckettGamer",
            "link": "https://youtu.be/606_2RHlFyI",
            "percent": 100,
            "hz": 144
        },
        {
            "user": "SupaX_",
            "link": "https://youtu.be/o_FBTFp6X1U",
            "percent": 100,
            "hz": 240
        },
        {
            "user": "fakeiwnl",
            "link": "https://www.youtube.com/watch?v=45N4NqxXlAY",
            "percent": 100,
            "hz": 360
        },
        {
            "user": "iRaily",
            "link": "https://youtu.be/IhNkTC6g9LE?t=147",
            "percent": 100,
            "hz": 288
        },
        {
            "user": "Realiosteelio",
            "link": "https://youtu.be/P1qFdtjD8ls",
            "percent": 100,
            "hz": 360
        },
        {
            "user": "Tai0",
            "link": "https://youtu.be/Ln-Pzi4Tpv4",
            "percent": 100,
            "hz": 144
        },
        {
            "user": "Myz",
            "link": "https://youtu.be/3gnj7XruMY8",
            "percent": 100,
            "hz": 288
        },
        {
            "user": "TH54",
            "link": "https://youtu.be/rYTLCfHt2is",
            "percent": 100,
            "hz": 360
        },
        {
            "user": "Mikey GMD",
            "link": "https://www.youtube.com/watch?v=QNjQB2JeRD4&lc=Ugwi7NzZPt7vqaRRQaN4AaABAg",
            "percent": 100,
            "hz": 360
        },
        {
            "user": "LBoke",
            "link": "https://youtu.be/1jQp11aPdoc",
            "percent": 100,
            "hz": 300
        },
        {
            "user": "deex3",
            "link": "https://youtu.be/pevLABQ-iz0?t=134",
            "percent": 100,
            "hz": 360
        },
        {
            "user": "ThirtyTwelve",
            "link": "https://www.youtube.com/watch?v=dH0eqo6O5YE",
            "percent": 100,
            "hz": 240
        },
        {
            "user": "Juan_7542",
            "link": "https://youtu.be/IF-smqOr7jg",
            "percent": 100,
            "hz": 360
        },
        {
            "user": "Sushiboys",
            "link": "https://youtu.be/_h8Vj6OlNs8",
            "percent": 100,
            "hz": 300
        },
        {
            "user": "Delay",
            "link": "https://youtu.be/y1Iu5W4YS9o",
            "percent": 100,
            "hz": 240
        },
        {
            "user": "TravelChimp",
            "link": "https://youtu.be/ZsMGUfgtftk",
            "percent": 100,
            "hz": 288
        },
        {
            "user": "DogeyBoi",
            "link": "https://youtu.be/MKDh3kGZZvE",
            "percent": 100,
            "hz": 165
        },
        {
            "user": "excist",
            "link": "https://youtu.be/oHWHuq5egSoE",
            "percent": 100,
            "hz": 144
        },
        {
            "user": "LzKlauss",
            "link": "https://www.youtube.com/watch?v=nf5MPycGDgg",
            "percent": 100,
            "hz": 360
        },
        {
            "user": "Nolife",
            "link": "https://www.youtube.com/watch?v=lhTklM7x0sk",
            "percent": 100,
            "hz": 240
        },
        {
            "user": "Nanzorr",
            "link": "https://www.youtube.com/watch?v=rqEddFu-FD8",
            "percent": 100,
            "hz": 360
        },
        {
            "user": "Keruo",
            "link": "https://www.youtube.com/watch?v=_vqnouNJLo0",
            "percent": 100,
            "hz": 144
        },
        {
            "user": "Prometheus",
            "link": "https://youtu.be/JZoQ8kc_JFc",
            "percent": 100,
            "hz": 144
        },
        {
            "user": "Shel",
            "link": "https://youtu.be/9BKKg0_6Css",
            "percent": 100,
            "hz": 144
        },
        {
            "user": "Andrew14916",
            "link": "https://www.youtube.com/watch?v=fu4Ev9Ey5J8",
            "percent": 100,
            "hz": 360
        },
        {
            "user": "Invinceicube",
            "link": "https://www.youtube.com/watch?v=-9vmZvwmebM",
            "percent": 100,
            "hz": 360
        },
        {
            "user": "Cooliguess",
            "link": "https://www.youtube.com/watch?v=EqovGRyERSk&ab_channel=yesno",
            "percent": 100,
            "hz": 360
        },
        {
            "user": "FedeXD",
            "link": "https://www.youtube.com/watch?v=oxpSt7hLYm4&t=23s",
            "percent": 100,
            "hz": 240
        },
        {
            "user": "CuttNSee",
            "link": "https://www.youtube.com/watch?v=OmEI-dmcgSI&t=5s",
            "percent": 100,
            "hz": 240
        },
        {
            "user": "zLunatiX",
            "link": "https://youtu.be/ijyfvaD7NBo",
            "percent": 100,
            "hz": 120
        },
        {
            "user": "Snakez363",
            "link": "https://youtu.be/pNl3qes6Vuk",
            "percent": 100,
            "hz": 144
        },
        {
            "user": "Andrxw",
            "link": "https://www.youtube.com/watch?v=unegte44gkM&ab_channel=Andr3w",
            "percent": 100,
            "hz": 144
        },
        {
            "user": "Holojen",
            "link": "https://youtu.be/fV77EZjUtaU",
            "percent": 100,
            "hz": 288
        },
        {
            "user": "Yarkii",
            "link": "https://youtu.be/oiP56ZpuMgk",
            "percent": 100,
            "hz": 300
        },
        {
            "user": "GDsasan",
            "link": "https://www.youtube.com/watch?v=SEd0gqYIM-4",
            "percent": 100,
            "hz": 120
        },
        {
            "user": "zorsti",
            "link": "https://www.youtube.com/watch?v=_fBhIR5kfIQ",
            "percent": 100,
            "hz": 144
        },
        {
            "user": "Chuck Danger",
            "link": "https://www.youtube.com/watch?v=y4fK5BKlSHA",
            "percent": 100,
            "hz": 240
        },
        {
            "user": "Samuuu18",
            "link": "https://youtu.be/9FV0Qe5IgRM",
            "percent": 100,
            "hz": 360
        },
        {
            "user": "guec",
            "link": "https://www.youtube.com/watch?v=4YBccOj_G3k",
            "percent": 100,
            "hz": 360
        },
        {
            "user": "JaByUs",
            "link": "https://youtu.be/cJPyuIRjQxY",
            "percent": 100,
            "hz": 240
        },
        {
            "user": "Kar0l",
            "link": "https://www.youtube.com/watch?v=zYAubakxmwY",
            "percent": 100,
            "hz": 144
        },
        {
            "user": "Spinach",
            "link": "https://www.youtube.com/watch?v=UpH3wZ1WR60",
            "percent": 100,
            "hz": 288
        },
        {
            "user": "GD Fayo",
            "link": "https://www.youtube.com/watch?v=yPUVuRwqEpA&ab_channel=GDFayo",
            "percent": 100,
            "hz": 360
        },
        {
            "user": "Maron324",
            "link": "https://www.youtube.com/watch?v=Ocsko2j1bIQ",
            "percent": 100,
            "hz": 144
        }
    ]
}
