{
    "id": 86162611,
    "name": "Shitty Jesse Pinkman",
    "author": "FireRift",
    "creators": [],
    "verifier": "GhostFire",
    "verification": "https://www.youtube.com/watch?v=J4aQUluFf88",
    "showcase": "https://youtu.be/WqjagU72tPo",
    "percentToQualify": 59,
    "records": [
        {
            "user": "asmallsock",
            "link": "https://youtu.be/Pg8UrzMChxk",
            "percent": 96,
            "hz": 300
        },
        {
            "user": "Samuuu18",
            "link": "https://youtu.be/TpMEa-MR12A",
            "percent": 100,
            "hz": 360
        },
        {
            "user": "JaByUs",
            "link": "https://youtu.be/677aK1N1uz0",
            "percent": 100,
            "hz": 300
        },
        {
            "user": "Dandy Chiggins",
            "link": "https://youtu.be/c_JYHJ5wyZw",
            "percent": 100,
            "hz": 360
        },
        {
            "user": "ZerniasX",
            "link": "https://youtu.be/Qm_5240lBX4",
            "percent": 100,
            "hz": 360
        },
        {
            "user": "Gd Leaf",
            "link": "https://youtu.be/p3GXXKwd1Ys",
            "percent": 100,
            "hz": 144
        }
    ]
}
