{
    "id": 69695386,
    "name": "Shitty Kenos",
    "author": "GDTeabag",
    "creators": [],
    "verifier": "GDTeabag",
    "verification": "https://www.youtube.com/watch?v=4MF4yyCtbWo",
    "showcase": "https://youtu.be/fFrcB4mhyrI",
    "percentToQualify": 65,
    "records": [
        {
            "user": "Tai0",
            "link": "https://www.youtube.com/watch?v=oTGrKwM0Puo",
            "percent": 100,
            "hz": 144
        },
        {
            "user": "Viridian",
            "link": "https://youtu.be/_bZ5264C8dQ",
            "percent": 100,
            "hz": 288
        },
        {
            "user": "KandyMan",
            "link": "https://youtu.be/Eowq7vAflmk",
            "percent": 100,
            "hz": 288
        },
        {
            "user": "Myz",
            "link": "https://www.youtube.com/watch?v=UBAge92RFp4",
            "percent": 100,
            "hz": 360
        },
        {
            "user": "Kobra456",
            "link": "https://www.youtube.com/watch?v=gUR54xaKhKA",
            "percent": 100,
            "hz": 288
        },
        {
            "user": "BlueTomcat",
            "link": "https://youtu.be/YRRqCHXkv60",
            "percent": 100,
            "hz": 288
        },
        {
            "user": "iRaily",
            "link": "https://youtu.be/3NZMUvPb74I",
            "percent": 100,
            "hz": 288
        },
        {
            "user": "YOUNGBOY",
            "link": "https://www.youtube.com/watch?v=8F-oJwxUX24",
            "percent": 100,
            "hz": 240
        },
        {
            "user": "Clpz",
            "link": "https://youtu.be/WB6EBokf0l0",
            "percent": 100,
            "hz": 150
        },
        {
            "user": "Sushiboys",
            "link": "https://www.youtube.com/watch?v=oxMyH1bnbq8",
            "percent": 100,
            "hz": 300
        },
        {
            "user": "Nolife",
            "link": "https://www.youtube.com/watch?v=1AYHjePGfZU",
            "percent": 100,
            "hz": 240
        },
        {
            "user": "Santyr",
            "link": "https://youtu.be/TdHPK7Vl5-E",
            "percent": 100,
            "hz": 360
        },
        {
            "user": "DogeyBoi",
            "link": "https://www.youtube.com/watch?v=r5XleIsFodQ&t=5s",
            "percent": 100,
            "hz": 165
        },
        {
            "user": "Vicrf",
            "link": "https://youtu.be/JAyOsLkcX_w",
            "percent": 100,
            "hz": 240
        },
        {
            "user": "Galaxyx",
            "link": "https://www.youtube.com/watch?v=BIcQoQL3luQ",
            "percent": 100,
            "hz": 360
        },
        {
            "user": "zigor137",
            "link": "https://www.youtube.com/watch?v=dcv0E4qFYck",
            "percent": 100,
            "hz": 165
        },
        {
            "user": "KylashTheKiller",
            "link": "https://youtu.be/6X9ALInGtJU",
            "percent": 100,
            "hz": 60
        },
        {
            "user": "GD CrimsonKing22",
            "link": "https://www.youtube.com/watch?v=l3-kwudOJuc&ab_channel=GDCrimsonKing22",
            "percent": 100,
            "hz": 288
        },
        {
            "user": "Charlielance",
            "link": "https://www.youtube.com/watch?v=UbbMAVv0KDo&t=7s",
            "percent": 100,
            "hz": 360
        },
        {
            "user": "attrixia",
            "link": "https://youtu.be/dUaWZDdt11Y",
            "percent": 100,
            "hz": 150
        },
        {
            "user": "Holojen",
            "link": "https://www.youtube.com/watch?v=H8i_v7LgLuY&t=2s",
            "percent": 100,
            "hz": 288
        },
        {
            "user": "Solid",
            "link": "https://drive.google.com/file/d/1FO-ccexJB_YlAVx8m_y2HNNqOR7jscuc/view?usp=sharing",
            "percent": 100,
            "hz": 240
        },
        {
            "user": "PatoQuack",
            "link": "https://youtu.be/dNtyYCIRNb0",
            "percent": 100,
            "hz": 357
        },
        {
            "user": "Decin0",
            "link": "https://youtu.be/r3HiekpRXVo",
            "percent": 100,
            "hz": 288
        },
        {
            "user": "MfoGaming1219",
            "link": "https://youtu.be/Va7YLPddAio",
            "percent": 100,
            "hz": 165
        },
        {
            "user": "BrightBird",
            "link": "https://youtu.be/veqvMn6hrQ8",
            "percent": 100,
            "hz": 288
        },
        {
            "user": "IDeltaPhantomI",
            "link": "https://www.youtube.com/watch?v=Az-G2Ynqw7c",
            "percent": 100,
            "hz": 360
        },
        {
            "user": "Echo",
            "link": "https://www.youtube.com/watch?v=jwwQVeNWlQ4",
            "percent": 100,
            "hz": 240
        },
        {
            "user": "Kenos Song",
            "link": "https://www.youtube.com/watch?v=z9--Gi9Ocuw",
            "percent": 100,
            "hz": 360
        },
        {
            "user": "ZerniasX",
            "link": "https://youtu.be/AJGjkVH7h84",
            "percent": 100,
            "hz": 360
        },
        {
            "user": "TheRandomStuff",
            "link": "https://www.youtube.com/watch?v=JzcFXYwlU4E",
            "percent": 100,
            "hz": 240
        },
        {
            "user": "RazerJCZ",
            "link": "https://www.youtube.com/watch?v=c_1EQWPAZa0",
            "percent": 100,
            "hz": 360
        },
        {
            "user": "Sense.",
            "link": "https://youtu.be/W_E1yBPKSIw",
            "percent": 100,
            "hz": 360
        },
        {
            "user": "Dxst",
            "link": "https://www.youtube.com/watch?v=hWXuuYWFA5c",
            "percent": 69,
            "hz": 300
        },
        {
            "user": "aidantr",
            "link": "https://youtu.be/9g3p2rMr_zA",
            "percent": 100,
            "hz": 360
        },
        {
            "user": "Dandy Chiggins",
            "link": "https://youtu.be/CqLDekJA4R8",
            "percent": 100,
            "hz": 360
        },
        {
            "user": "Samuuu18",
            "link": "https://youtu.be/lSTTC-m5HbI",
            "percent": 100,
            "hz": 360
        },
        {
            "user": "kacro",
            "link": "https://www.youtube.com/watch?v=ZqrkDxKu9ms",
            "percent": 100,
            "hz": 360
        },
        {
            "user": "biskit",
            "link": "https://www.youtube.com/watch?v=dzjGj1IKuTs",
            "percent": 100,
            "hz": 360
        },
        {
            "user": "xdgamer",
            "link": "https://www.youtube.com/watch?v=jHsIi7X4v7g",
            "percent": 100,
            "hz": 288
        },
        {
            "user": "homegrowntag",
            "link": "https://youtu.be/IBfYHsH_SQM",
            "percent": 100,
            "hz": 288
        },
        {
            "user": "Riptide",
            "link": "https://youtu.be/TdcbvvmTqs8",
            "percent": 100,
            "hz": 120
        },
        {
            "user": "lucap123",
            "link": "https://www.youtube.com/watch?v=Ro-XF3JjVEc",
            "percent": 100,
            "hz": 144
        },
        {
            "user": "Majesstic",
            "link": "https://youtu.be/CneunhsdYE8",
            "percent": 78,
            "hz": 360
        },
        {
            "user": "antisynth",
            "link": "https://www.youtube.com/watch?v=Mk1oXuo9Q0o",
            "percent": 100,
            "hz": 330
        },
        {
            "user": "Gamez",
            "link": "https://www.youtube.com/watch?v=LAzXWwJvjO4",
            "percent": 100,
            "hz": 240
        },
        {
            "user": "FullyDiverse",
            "link": "https://youtu.be/46FrNJdPSAg",
            "percent": 100,
            "hz": 360
        },
        {
            "user": "skeeb",
            "link": "https://www.youtube.com/watch?v=NcNuOTtw0PQ",
            "percent": 100,
            "hz": 288
        },
        {
            "user": "IKuster",
            "link": "https://youtu.be/GWHuT1X6suE",
            "percent": 100,
            "hz": 300
        },
        {
            "user": "Emonadeo",
            "link": "https://youtu.be/ax4QAJ_DctI",
            "percent": 100,
            "hz": 240
        },
        {
            "user": "Yiosen",
            "link": "https://youtu.be/qH7at6O7aZ8",
            "percent": 100,
            "hz": 360
        },
        {
            "user": "bnuuy",
            "link": "https://www.youtube.com/watch?v=0Nky4UIuED0&t=4s",
            "percent": 100,
            "hz": 360
        },
        {
            "user": "ClarkIsIDK",
            "link": "https://www.youtube.com/watch?v=O9Ha49GZG5s",
            "percent": 100,
            "hz": 240
        },
        {
            "user": "ItzMira",
            "link": "https://youtu.be/l5SOBT2LOCE",
            "percent": 100,
            "hz": 240
        },
        {
            "user": "Kiero",
            "link": "https://www.youtube.com/watch?v=SyEmrTfuy5c",
            "percent": 76,
            "hz": 240
        },
        {
            "user": "Ruttheeknt",
            "link": "https://youtu.be/XtHG5Tqj8uA",
            "percent": 65,
            "hz": 360
        },
        {
            "user": "skyv",
            "link": "https://youtu.be/DJCMaWgHjcs",
            "percent": 100,
            "hz": 360
        },
        {
            "user": "zepynr",
            "link": "https://www.youtube.com/watch?v=s9w_ZnumABE",
            "percent": 100,
            "hz": 360
        },
        {
            "user": "woi",
            "link": "https://www.youtube.com/watch?v=cMNLBLfbyS8",
            "percent": 100,
            "hz": 360
        },
        {
            "user": "Acacia",
            "link": "https://youtu.be/n4YgixVWTzg",
            "percent": 100,
            "hz": 360
        },
        {
            "user": "Dylinator",
            "link": "https://youtu.be/aXb4WFJVLeU?t=460",
            "percent": 100,
            "hz": 360
        },
        {
            "user": "boylighty",
            "link": "https://www.youtube.com/watch?v=cSjjF7mbbJw",
            "percent": 100,
            "hz": 240
        }
    ]
}
