{
    "id": 64694019,
    "name": "Shitty Killbot",
    "author": "Magma",
    "creators": [],
    "verifier": "Magma",
    "verification": "https://www.youtube.com/watch?v=E6idICOenpI",
    "percentToQualify": 100,
    "password": "Free to Copy",
    "records": [
        {
            "user": "Zombieland",
            "link": "https://youtu.be/ZOZYqHglrz4",
            "percent": 100,
            "hz": 288
        },
        {
            "user": "OnlyTrying",
            "link": "https://www.youtube.com/watch?v=wYn0rJzmvsw",
            "percent": 100,
            "hz": 300
        },
        {
            "user": "belleelle",
            "link": "https://youtu.be/Vo41rhtPM7k",
            "percent": 100,
            "hz": 144
        },
        {
            "user": "bnuuy",
            "link": "https://www.youtube.com/watch?v=2sEBdqI6VKk",
            "percent": 100,
            "hz": 240
        },
        {
            "user": "IDeltaPhantomI",
            "link": "https://youtu.be/LszAvajiLu4",
            "percent": 100,
            "hz": 240
        },
        {
            "user": "Lawnmower",
            "link": "https://youtu.be/of5HaAnnYq0",
            "percent": 100,
            "hz": 240
        },
        {
            "user": "attrixia",
            "link": "https://youtu.be/OIa563BUmas",
            "percent": 100,
            "hz": 144
        },
        {
            "user": "Valentino070406",
            "link": "https://youtu.be/YRg4jEyrNi8",
            "percent": 100,
            "hz": 144
        },
        {
            "user": "dots",
            "link": "https://www.youtube.com/watch?v=ERwpOeEjmC0",
            "percent": 100,
            "hz": 180
        },
        {
            "user": "GD Catalyst",
            "link": "https://www.youtube.com/watch?v=8RxYJI-k6e8",
            "percent": 100,
            "hz": 144
        },
        {
            "user": "GDTeabag",
            "link": "https://www.youtube.com/watch?v=xQOohdNqyXI",
            "percent": 100,
            "hz": 240
        },
        {
            "user": "Dustik",
            "link": "https://www.youtube.com/watch?v=TSQBzjSS4y4&ab_channel=Dustik",
            "percent": 100,
            "hz": 144
        },
        {
            "user": "T333",
            "link": "https://youtu.be/tFbfvVAj5hc",
            "percent": 100,
            "hz": 240
        },
        {
            "user": "Ashlie Burton",
            "link": "https://www.youtube.com/watch?v=-IJMdhCg31c",
            "percent": 100,
            "hz": 144
        },
        {
            "user": "Marteh",
            "link": "https://youtu.be/8H5aefyW6Rk",
            "percent": 100,
            "hz": 144
        },
        {
            "user": "CcrazZynGamer",
            "link": "https://youtu.be/p6CfGqhP4nU",
            "percent": 100,
            "hz": 288
        },
        {
            "user": "Michachel",
            "link": "https://youtu.be/bYAU3GbapiQ",
            "percent": 100,
            "hz": 165
        },
        {
            "user": "klik21",
            "link": "https://www.youtube.com/watch?v=gtFYIi6N1Mg",
            "percent": 100,
            "hz": 165
        },
        {
            "user": "sand1234",
            "link": "https://www.youtube.com/watch?v=JNYcwObpvBU&ab_channel=sandstormy",
            "percent": 100,
            "hz": 240
        },
        {
            "user": "Troy3",
            "link": "https://www.youtube.com/watch?v=tLNnA55-OEg",
            "percent": 100,
            "hz": 144
        },
        {
            "user": "GabeLucario",
            "link": "https://youtu.be/ZKlUJyhRppI",
            "percent": 100,
            "hz": 240
        },
        {
            "user": "Bibox",
            "link": "https://www.youtube.com/watch?v=W63bXVKjHA0",
            "percent": 100,
            "hz": 144
        },
        {
            "user": "vex",
            "link": "https://www.youtube.com/watch?v=TqGnQ5g240E",
            "percent": 100,
            "hz": 144
        },
        {
            "user": "Nandoju2002",
            "link": "https://www.youtube.com/watch?v=Jj5IC6xWiHU",
            "percent": 100,
            "hz": 144
        },
        {
            "user": "ZerniasX",
            "link": "https://youtu.be/_Q_-TrprQpw",
            "percent": 100,
            "hz": 288
        },
        {
            "user": "TkcpeR",
            "link": "https://youtu.be/ucWy--lN1sY",
            "percent": 100,
            "hz": 240
        },
        {
            "user": "NoCtrl",
            "link": "https://youtu.be/olUKHcNw65U",
            "percent": 100,
            "hz": 144
        },
        {
            "user": "Weedeater69420",
            "link": "https://youtu.be/Dj4iLCWV3yA",
            "percent": 100,
            "hz": 300
        },
        {
            "user": "Halledo",
            "link": "https://youtu.be/qwiwchpUnoc",
            "percent": 100,
            "hz": 144
        },
        {
            "user": "Kobra456",
            "link": "https://www.youtube.com/watch?v=sahElOpSwos",
            "percent": 100,
            "hz": 288
        },
        {
            "user": "ImSoSirius",
            "link": "https://youtu.be/aS7_08GgILY",
            "percent": 100,
            "hz": 60
        },
        {
            "user": "Tuuns",
            "link": "https://youtu.be/1ATY4dhW790",
            "percent": 100,
            "hz": 288
        },
        {
            "user": "SrGuillester",
            "link": "https://www.youtube.com/watch?v=fHqhy9bO00o",
            "percent": 100,
            "hz": 144
        },
        {
            "user": "SuseJRG",
            "link": "https://youtu.be/456m6t5Vy5M",
            "percent": 100,
            "hz": 60
        },
        {
            "user": "Renar333",
            "link": "https://youtu.be/NWmp-3I6zFo",
            "percent": 100,
            "hz": 180
        },
        {
            "user": "Buk",
            "link": "https://www.youtube.com/watch?v=uxLJoQ7n_HU",
            "percent": 100,
            "hz": 144
        },
        {
            "user": "gst0_0",
            "link": "https://www.youtube.com/watch?v=DTsXbLXyp3U",
            "percent": 100,
            "hz": 60
        },
        {
            "user": "Yarkii",
            "link": "https://www.youtube.com/watch?v=fO07NoM4KfY",
            "percent": 100,
            "hz": 300
        },
        {
            "user": "zuva",
            "link": "https://youtu.be/nm2X364MlNY",
            "percent": 100,
            "hz": 288
        },
        {
            "user": "SubStra",
            "link": "https://youtu.be/Q47oGBAsIFw",
            "percent": 100,
            "hz": 240
        },
        {
            "user": "Baljeet",
            "link": "https://youtu.be/WFDsZjPEf0E",
            "percent": 100,
            "hz": 288
        },
        {
            "user": "zRene",
            "link": "https://www.youtube.com/watch?v=iixpDuWwQbU&ab_channel=Rene_",
            "percent": 100,
            "hz": 300
        },
        {
            "user": "Frypt",
            "link": "https://youtu.be/FgLxL8P7PX8",
            "percent": 100,
            "hz": 165
        },
        {
            "user": "h4tecr1me.",
            "link": "https://www.youtube.com/watch?v=btjqYKx37H4",
            "percent": 100,
            "hz": 144
        },
        {
            "user": "Dumeer",
            "link": "https://www.youtube.com/watch?v=JxftSoabUfA",
            "percent": 100,
            "hz": 60
        },
        {
            "user": "Nukie",
            "link": "https://www.youtube.com/watch?v=7PZVJx9pXkE",
            "percent": 100,
            "hz": 280
        },
        {
            "user": "xylxv",
            "link": "https://youtu.be/qeHSxCpXNoc",
            "percent": 100,
            "hz": 240
        },
        {
            "user": "Jay trex21",
            "link": "https://www.youtube.com/watch?v=eMy8d7QidEA",
            "percent": 100,
            "hz": 60,
            "mobile": true
        },
        {
            "user": "LinedriveGD",
            "link": "https://www.youtube.com/watch?v=kEkN93v-LD0",
            "percent": 100,
            "hz": 288
        },
        {
            "user": "TIP",
            "link": "https://youtu.be/yKWGBlhcn0w",
            "percent": 100,
            "hz": 60,
            "mobile": true
        },
        {
            "user": "Brinnn",
            "link": "https://youtu.be/2d2ewWziM-E",
            "percent": 100,
            "hz": 120
        },
        {
            "user": "Galaxyx",
            "link": "https://youtu.be/_sLh15tyPhM",
            "percent": 100,
            "hz": 180
        },
        {
            "user": "Holojen",
            "link": "https://youtu.be/C6Kha31IMwE",
            "percent": 100,
            "hz": 144
        },
        {
            "user": "Lhiquidd",
            "link": "https://youtu.be/SzzQ_ogJUcM",
            "percent": 100,
            "hz": 288
        },
        {
            "user": "Bluuper",
            "link": "https://www.youtube.com/watch?v=6Cv08COIi8c",
            "percent": 100,
            "hz": 144
        },
        {
            "user": "Kichat",
            "link": "https://youtu.be/LVpd7QPHM14",
            "percent": 100,
            "hz": 240
        },
        {
            "user": "Pepega",
            "link": "https://www.youtube.com/watch?v=7XJZpV7uQlk",
            "percent": 100,
            "hz": 144
        },
        {
            "user": "SimpalGD",
            "link": "https://www.youtube.com/watch?v=JaEVRZihMoA&ab_channel=Simpal",
            "percent": 100,
            "hz": 288
        },
        {
            "user": "ahStarDust",
            "link": "https://youtu.be/ksF02DkX8BI",
            "percent": 100,
            "hz": 240
        },
        {
            "user": "Adder",
            "link": "https://www.youtube.com/watch?v=7xZX2xTEe5M",
            "percent": 100,
            "hz": 360
        },
        {
            "user": "momo0o",
            "link": "https://www.youtube.com/watch?v=oqBSxUIfsG4",
            "percent": 100,
            "hz": 60
        },
        {
            "user": "fate",
            "link": "https://www.youtube.com/watch?v=93F30NoRmso",
            "percent": 100,
            "hz": 144
        },
        {
            "user": "Samuuu18",
            "link": "https://youtu.be/0xNcrTECsgQ",
            "percent": 100,
            "hz": 180
        },
        {
            "user": "Nexor_r",
            "link": "https://www.youtube.com/watch?v=kIyJsevRoII",
            "percent": 100,
            "hz": 165
        },
        {
            "user": "MushroomB0i",
            "link": "https://www.youtube.com/watch?v=199wbODkWl8",
            "percent": 100,
            "hz": 360
        },
        {
            "user": "RafaUwU",
            "link": "https://youtu.be/U2yUUSA-qq4",
            "percent": 100,
            "hz": 120
        },
        {
            "user": "Dano",
            "link": "https://youtu.be/v5Uvl3Ty6-I",
            "percent": 100,
            "hz": 144
        },
        {
            "user": "MrDashesALot",
            "link": "https://www.youtube.com/watch?v=HFdI0TweRpI",
            "percent": 100,
            "hz": 144
        },
        {
            "user": "kiseki",
            "link": "https://youtu.be/bLQDkEL5A_s",
            "percent": 100,
            "hz": 144
        },
        {
            "user": "Squinty303v2",
            "link": "https://youtu.be/Sai8vP9_u7A",
            "percent": 100,
            "hz": 144
        },
        {
            "user": "Cheat0o",
            "link": "https://youtu.be/diWNAegANf4",
            "percent": 100,
            "hz": 288
        },
        {
            "user": "NVCT",
            "link": "https://www.youtube.com/watch?v=kw8QZKCXY-0",
            "percent": 100,
            "hz": 144
        },
        {
            "user": "GDMeric",
            "link": "https://youtu.be/ZW9SNmW2F5Y",
            "percent": 100,
            "hz": 60,
            "mobile": true
        },
        {
            "user": "Globe",
            "link": "https://youtu.be/NPdZOKwrGMw",
            "percent": 100,
            "hz": 240
        },
        {
            "user": "Consuno",
            "link": "https://www.youtube.com/watch?v=r077GOM-pmU&ab_channel=Consuno",
            "percent": 100,
            "hz": 240
        },
        {
            "user": "danialves555",
            "link": "https://www.youtube.com/watch?v=0l40Fgp3ZYc",
            "percent": 100,
            "hz": 240
        },
        {
            "user": "MichaelRuby",
            "link": "https://medal.tv/clips/52215438/d1337MlOQiUI",
            "percent": 100,
            "hz": 144
        },
        {
            "user": "iRaily",
            "link": "https://youtu.be/CmSOIx1kWaA",
            "percent": 100,
            "hz": 288
        },
        {
            "user": "Rialyy",
            "link": "https://youtu.be/q-bXLXzsjto",
            "percent": 100,
            "hz": 225
        },
        {
            "user": "Focused7733",
            "link": "https://www.youtube.com/watch?v=zmi-GOPkLS0",
            "percent": 100,
            "hz": 300
        },
        {
            "user": "Oisk",
            "link": "https://www.youtube.com/watch?v=Ev9uOsxfnr8",
            "percent": 100,
            "hz": 280
        },
        {
            "user": "DogeyBoi",
            "link": "https://www.youtube.com/watch?v=ZxFo5gHK3KI",
            "percent": 100,
            "hz": 120
        },
        {
            "user": "Riptide",
            "link": "https://youtu.be/0ErZHVoznR4",
            "percent": 100,
            "hz": 60
        },
        {
            "user": "GD Darky",
            "link": "https://youtu.be/t2P2inhkvsg",
            "percent": 100,
            "hz": 240
        },
        {
            "user": "Tai0",
            "link": "https://youtu.be/yhPbXQBBq9E",
            "percent": 100,
            "hz": 144
        },
        {
            "user": "zLettuce",
            "link": "https://youtu.be/zWQDxdKON9U",
            "percent": 100,
            "hz": 60
        },
        {
            "user": "LSeolha",
            "link": "https://youtu.be/bWKZ5xucTc8",
            "percent": 100,
            "hz": 60,
            "mobile": true
        },
        {
            "user": "InferiorPatty",
            "link": "https://www.youtube.com/watch?v=K-aV0d8aly0&ab_channel=InferiorPatty",
            "percent": 100,
            "hz": 360
        },
        {
            "user": "MrScopessss",
            "link": "https://youtu.be/qZpzxzSyTmQ",
            "percent": 100,
            "hz": 60
        },
        {
            "user": "Game Players",
            "link": "https://www.youtube.com/watch?v=mAwMYJ_nIOU",
            "percent": 100,
            "hz": 240
        },
        {
            "user": "Frozono",
            "link": "https://www.youtube.com/watch?v=v1RkupEM_04",
            "percent": 100,
            "hz": 60
        },
        {
            "user": "Vink",
            "link": "https://youtu.be/7cWbmNsDXdU",
            "percent": 100,
            "hz": 60,
            "mobile": true
        },
        {
            "user": "Nsmoke",
            "link": "https://youtu.be/pUdJGxD7vg8",
            "percent": 100,
            "hz": 240
        },
        {
            "user": "Spaace",
            "link": "https://www.youtube.com/watch?v=3fjo0bm81HE",
            "percent": 100,
            "hz": 144
        },
        {
            "user": "MfoGaming1219",
            "link": "https://youtu.be/B8ZRnSIbthI",
            "percent": 100,
            "hz": 75
        },
        {
            "user": "Natsume",
            "link": "https://youtu.be/KAui0lbcarU",
            "percent": 100,
            "hz": 60
        },
        {
            "user": "WhiteGokey",
            "link": "https://youtu.be/SAu-j2NCDDo",
            "percent": 100,
            "hz": 60
        },
        {
            "user": "Tango",
            "link": "https://www.youtube.com/watch?v=BnKvrhZ3Smw",
            "percent": 100,
            "hz": 144
        },
        {
            "user": "HeroAlexO",
            "link": "https://www.youtube.com/watch?v=LjVo7TKc0_Y",
            "percent": 100,
            "hz": 60
        },
        {
            "user": "AzielGD",
            "link": "https://www.youtube.com/watch?v=H2zp8hs1tSM",
            "percent": 100,
            "hz": 60,
            "mobile": true
        },
        {
            "user": "Doodle",
            "link": "https://www.youtube.com/watch?v=khCzH52cSaM",
            "percent": 100,
            "hz": 75
        },
        {
            "user": "ZedGMD",
            "link": "https://www.youtube.com/watch?v=y2Pln4mgVkA",
            "percent": 100,
            "hz": 144
        },
        {
            "user": "BurntChiknNuget",
            "link": "https://www.youtube.com/watch?v=oBE5Zlnn9Ns&t=3s",
            "percent": 100,
            "hz": 144
        },
        {
            "user": "blessed",
            "link": "https://youtu.be/sJi8porpKW4",
            "percent": 100,
            "hz": 120
        },
        {
            "user": "deex3",
            "link": "https://www.youtube.com/watch?v=GpFASI6cMOs",
            "percent": 100,
            "hz": 360
        },
        {
            "user": "ColorRox",
            "link": "https://www.youtube.com/watch?v=GqdBjtIzM94",
            "percent": 100,
            "hz": 120
        },
        {
            "user": "ii_Savageboy",
            "link": "https://www.youtube.com/watch?v=HhwzlBwg2mM",
            "percent": 100,
            "hz": 144
        },
        {
            "user": "Shel",
            "link": "https://www.youtube.com/watch?v=Pniw-flmSvI",
            "percent": 100,
            "hz": 144
        },
        {
            "user": "SupaX_",
            "link": "https://youtu.be/lpJql18GZd4",
            "percent": 100,
            "hz": 240
        },
        {
            "user": "Kanekigh",
            "link": "https://youtu.be/g6T2nOmW7ZE",
            "percent": 100,
            "hz": 60
        },
        {
            "user": "JustCrust",
            "link": "https://www.youtube.com/watch?v=nTgd6aiLbag",
            "percent": 100,
            "hz": 60
        },
        {
            "user": "RazerJCZ",
            "link": "https://www.youtube.com/watch?v=3Ey4sgI_geQ",
            "percent": 100,
            "hz": 240
        },
        {
            "user": "BliffY",
            "link": "https://youtu.be/zmEy4xFqxNs",
            "percent": 100,
            "hz": 60
        },
        {
            "user": "WilzX",
            "link": "https://www.youtube.com/watch?v=YcKOYfLqTBU",
            "percent": 100,
            "hz": 200
        },
        {
            "user": "Andrew14916",
            "link": "https://m.youtube.com/watch?v=6GigU-ra7sU",
            "percent": 100,
            "hz": 240
        },
        {
            "user": "ItzMira",
            "link": "https://youtu.be/kCd8aBcx7Kw",
            "percent": 100,
            "hz": 240
        },
        {
            "user": "nDerp",
            "link": "https://youtu.be/IuzRDG1NZAk",
            "percent": 100,
            "hz": 120,
            "mobile": true
        },
        {
            "user": "Fusion425",
            "link": "https://www.youtube.com/watch?v=2a4z0MRGIcc",
            "percent": 100,
            "hz": 288
        },
        {
            "user": "zDusti",
            "link": "https://www.twitch.tv/videos/1106051723",
            "percent": 100,
            "hz": 240
        },
        {
            "user": "StarXV",
            "link": "https://www.youtube.com/watch?v=RWr8isQyXx4&ab_channel=StarXV",
            "percent": 100,
            "hz": 240
        },
        {
            "user": "RistEdge",
            "link": "https://www.youtube.com/watch?v=IWF2axDB1h8",
            "percent": 100,
            "hz": 144
        },
        {
            "user": "TheLox7",
            "link": "https://youtu.be/o_P1lOP9lL4",
            "percent": 100,
            "hz": 120
        },
        {
            "user": "Trojan",
            "link": "https://youtu.be/TreUMpZuhsc",
            "percent": 100,
            "hz": 360
        },
        {
            "user": "FallenToge",
            "link": "https://youtu.be/QiKHbL9MqUc",
            "percent": 100,
            "hz": 60,
            "mobile": true
        },
        {
            "user": "Toonix",
            "link": "https://youtu.be/b9ZeklfdC0M",
            "percent": 100,
            "hz": 60
        },
        {
            "user": "KylashTheKiller",
            "link": "https://www.youtube.com/watch?v=YHilRCe5yJg&list=PLH1HYuDnF4eMNllfDraksH2U9bzSTz23z&index=2",
            "percent": 100,
            "hz": 144
        },
        {
            "user": "homegrowntag",
            "link": "https://youtu.be/3ZnOc7xD6kE",
            "percent": 100,
            "hz": 180
        },
        {
            "user": "Adriio7",
            "link": "https://www.youtube.com/watch?v=d-gLcpkWuUQ",
            "percent": 100,
            "hz": 60
        },
        {
            "user": "Gabo5400",
            "link": "https://www.youtube.com/watch?v=bEzKC5oLJjs",
            "percent": 100,
            "hz": 165
        },
        {
            "user": "Armani",
            "link": "https://www.youtube.com/watch?v=n99uGjiK7IQ",
            "percent": 100,
            "hz": 288
        },
        {
            "user": "Nanzorr",
            "link": "https://youtu.be/020VQOmebic",
            "percent": 100,
            "hz": 240
        },
        {
            "user": "LetritasOfficial",
            "link": "https://youtu.be/l2qFlT8T7yg",
            "percent": 100,
            "hz": 360
        },
        {
            "user": "Davine_007",
            "link": "https://youtu.be/gNW0WoGHNGM",
            "percent": 100,
            "hz": 144
        },
        {
            "user": "swordmaster2",
            "link": "https://youtu.be/5j96_J1p37E",
            "percent": 100,
            "hz": 240
        },
        {
            "user": "GD CrimsonKing22",
            "link": "https://www.youtube.com/watch?v=ruHI6wSWxDA&ab_channel=GDCrimsonKing22",
            "percent": 100,
            "hz": 288
        },
        {
            "user": "LexTank",
            "link": "https://youtu.be/dy-vSqvYrSc",
            "percent": 100,
            "hz": 144
        },
        {
            "user": "CrazyminerMi",
            "link": "https://www.youtube.com/watch?v=ZDmXFXPOB4Y",
            "percent": 100,
            "hz": 144
        },
        {
            "user": "lopidopi",
            "link": "https://youtu.be/j3Orhzxjgpo",
            "percent": 100,
            "hz": 360
        },
        {
            "user": "DijonGD",
            "link": "https://youtu.be/e_DEsIMjgQ0",
            "percent": 100,
            "hz": 60,
            "mobile": true
        },
        {
            "user": "Nuggels",
            "link": "https://youtu.be/cI70zXVWRYA",
            "percent": 100,
            "hz": 280
        },
        {
            "user": "BlackChaleur",
            "link": "https://www.youtube.com/watch?v=rVJQ5_Qwn3U",
            "percent": 100,
            "hz": 120
        },
        {
            "user": "Emma_GD",
            "link": "https://www.youtube.com/watch?v=Ksxbe1kUado",
            "percent": 100,
            "hz": 240
        },
        {
            "user": "zMultix",
            "link": "https://www.youtube.com/watch?v=rOZuKDrGGj0",
            "percent": 100,
            "hz": 60
        },
        {
            "user": "Cahedron",
            "link": "https://www.youtube.com/watch?v=yAMh7of7BSc",
            "percent": 100,
            "hz": 165
        },
        {
            "user": "EvanGames GD",
            "link": "https://www.youtube.com/watch?v=4bwXMrV0bqY",
            "percent": 100,
            "hz": 300
        },
        {
            "user": "Acacia",
            "link": "https://www.youtube.com/watch?v=5Ok70vkyY8A",
            "percent": 100,
            "hz": 360
        },
        {
            "user": "WilltheRen",
            "link": "https://www.youtube.com/7r2gmBbvN8E",
            "percent": 100,
            "hz": 165
        },
        {
            "user": "couldbeahuman",
            "link": "https://www.youtube.com/watch?v=oaNuf4-Th_4",
            "percent": 100,
            "hz": 144
        },
        {
            "user": "DPD",
            "link": "https://youtu.be/MNAkbKcsrlU",
            "percent": 100,
            "hz": 360
        },
        {
            "user": "IotaTE",
            "link": "https://www.youtube.com/watch?v=ChKi85HdXt8",
            "percent": 100,
            "hz": 240
        },
        {
            "user": "Lopertivo",
            "link": "https://www.youtube.com/watch?v=VL1drfmQCGY",
            "percent": 100,
            "hz": 120
        },
        {
            "user": "WauksGD",
            "link": "https://www.youtube.com/watch?v=m2ZNWT0HSB4",
            "percent": 100,
            "hz": 144
        },
        {
            "user": "AncroniX",
            "link": "https://youtu.be/HOi5KhcVJJs",
            "percent": 100,
            "hz": 240
        },
        {
            "user": "Janarik",
            "link": "https://youtu.be/jjppupVh5w4",
            "percent": 100,
            "hz": 60,
            "mobile": true
        },
        {
            "user": "Keruo",
            "link": "https://youtu.be/26gkdgqZCd0",
            "percent": 100,
            "hz": 144
        },
        {
            "user": "Zappiks",
            "link": "https://www.youtube.com/watch?v=pUaE8DyRhX8",
            "percent": 100,
            "hz": 288
        },
        {
            "user": "Skhinner13",
            "link": "https://www.youtube.com/watch?v=aPqXRKvh-QU",
            "percent": 100,
            "hz": 144
        },
        {
            "user": "Korvak",
            "link": "https://www.youtube.com/watch?v=-NuapMdxBvw",
            "percent": 100,
            "hz": 240
        },
        {
            "user": "CjuanXd",
            "link": "https://www.youtube.com/watch?v=xXJ9RsOnZ10&lc=UgxGAgWR1lfcAZarRxF4AaABAg",
            "percent": 100,
            "hz": 165
        },
        {
            "user": "WGoated",
            "link": "https://youtu.be/VAIPPAp6y04",
            "percent": 100,
            "hz": 360
        },
        {
            "user": "Rumi",
            "link": "https://www.youtube.com/watch?v=lzXYhfKonx4",
            "percent": 100,
            "hz": 144
        },
        {
            "user": "DashTH",
            "link": "https://www.youtube.com/watch?v=AQDF3cF1kzY",
            "percent": 100,
            "hz": 120
        },
        {
            "user": "sliced spud",
            "link": "https://www.youtube.com/watch?v=X4gDLEpunSY",
            "percent": 100,
            "hz": 240
        },
        {
            "user": "1hhx9",
            "link": "https://www.youtube.com/watch?v=viE56JOmhXQ",
            "percent": 100,
            "hz": 240
        },
        {
            "user": "CaoticGD",
            "link": "https://youtu.be/AaLLVHPtym8",
            "percent": 100,
            "hz": 360
        },
        {
            "user": "Papote Malote",
            "link": "https://youtu.be/zHLRKhQizEM",
            "percent": 100,
            "hz": 240
        },
        {
            "user": "dPapas",
            "link": "https://www.youtube.com/watch?v=mZwmUT1k13U",
            "percent": 100,
            "hz": 120
        },
        {
            "user": "Dzszs",
            "link": "https://www.youtube.com/watch?v=JHxAvS4wpWE",
            "percent": 100,
            "hz": 144
        },
        {
            "user": "NixHGD",
            "link": "https://youtu.be/JAa1f-dsZ3I",
            "percent": 100,
            "hz": 240
        },
        {
            "user": "Juanjoim2007",
            "link": "https://www.youtube.com/watch?v=ub1Inu-0ADw",
            "percent": 100,
            "hz": 144
        },
        {
            "user": "Decin0",
            "link": "https://youtu.be/_zEGQsSYR1o",
            "percent": 100,
            "hz": 288
        },
        {
            "user": "noute1411",
            "link": "https://youtu.be/qsGOq9n-jBo",
            "percent": 100,
            "hz": 288
        },
        {
            "user": "Abr4h4M",
            "link": "https://youtu.be/5k-0aeBuhJE",
            "percent": 100,
            "hz": 240
        },
        {
            "user": "Tondaa123",
            "link": "https://youtu.be/d43Q5c0n03k",
            "percent": 100,
            "hz": 360
        },
        {
            "user": "Chr8ts",
            "link": "https://youtu.be/G0yVP2jEERc",
            "percent": 100,
            "hz": 240
        },
        {
            "user": "BlizzardLaZario",
            "link": "https://www.youtube.com/watch?v=9dtXw5iMADM",
            "percent": 100,
            "hz": 144
        },
        {
            "user": "Chronic",
            "link": "https://www.youtube.com/watch?v=mAJMjNBmBio",
            "percent": 100,
            "hz": 144
        },
        {
            "user": "Holombro",
            "link": "https://youtu.be/DBWmUkX-2WM",
            "percent": 100,
            "hz": 300
        },
        {
            "user": "HighEP",
            "link": "https://youtu.be/GC8NWyxDRmk?t=88",
            "percent": 100,
            "hz": 165
        },
        {
            "user": "LTapita507",
            "link": "https://youtu.be/CnxWahYJejo?t=35",
            "percent": 100,
            "hz": 90,
            "mobile": true
        },
        {
            "user": "Squizzy",
            "link": "https://youtu.be/oE85wE99yjA",
            "percent": 100,
            "hz": 360
        },
        {
            "user": "AntonioGMD",
            "link": "https://www.youtube.com/watch?v=OoM2KxiHF_o",
            "percent": 100,
            "hz": 240
        },
        {
            "user": "MysthleGD",
            "link": "https://www.youtube.com/watch?v=iit3RIRyJow",
            "percent": 100,
            "hz": 200
        },
        {
            "user": "nWnye",
            "link": "https://youtu.be/OJ9w3J5EiCc",
            "percent": 100,
            "hz": 360
        },
        {
            "user": "ElloPro",
            "link": "https://www.youtube.com/watch?v=wh5R8JG5zho",
            "percent": 100,
            "hz": 288
        },
        {
            "user": "BaltaGD",
            "link": "https://www.youtube.com/watch?v=3-GIIR1lf2w",
            "percent": 100,
            "hz": 60
        },
        {
            "user": "gonza",
            "link": "https://youtu.be/YJk26cRqfaE",
            "percent": 100,
            "hz": 240
        },
        {
            "user": "zQuamtic",
            "link": "https://youtu.be/KdMbJeRvJvk",
            "percent": 100,
            "hz": 225
        },
        {
            "user": "llisus",
            "link": "https://youtu.be/-Iqmyv6hPs8",
            "percent": 100,
            "hz": 60
        },
        {
            "user": "ITsSergio44",
            "link": "https://youtu.be/pOlPQkEHV-8",
            "percent": 100,
            "hz": 240
        },
        {
            "user": "AleczD",
            "link": "https://www.youtube.com/watch?v=r6ZrdwkuIes",
            "percent": 100,
            "hz": 280
        },
        {
            "user": "SoSu",
            "link": "https://www.youtube.com/watch?v=E8B0flbR220",
            "percent": 100,
            "hz": 144
        },
        {
            "user": "EderGD",
            "link": "https://www.youtube.com/watch?v=2_9TO0oM5Vs",
            "percent": 100,
            "hz": 120
        },
        {
            "user": "Hasik",
            "link": "https://youtu.be/PILMR04lcLg",
            "percent": 100,
            "hz": 165
        },
        {
            "user": "DelfunCzyCos",
            "link": "https://www.youtube.com/watch?v=RN5lyuDqqm0",
            "percent": 100,
            "hz": 144
        },
        {
            "user": "not gusi",
            "link": "https://youtu.be/C2Mj7aVSPVU",
            "percent": 100,
            "hz": 240
        },
        {
            "user": "CyberGeek",
            "link": "https://www.youtube.com/watch?v=gwwDO6Fbbso",
            "percent": 100,
            "hz": 240
        },
        {
            "user": "floory",
            "link": "https://www.youtube.com/watch?v=h1ycZkFwM4E",
            "percent": 100,
            "hz": 360
        },
        {
            "user": "Stucc",
            "link": "https://www.youtube.com/watch?v=8OvbQurkFT4",
            "percent": 100,
            "hz": 360
        },
        {
            "user": "sumrr_og",
            "link": "https://youtu.be/Ohis1OndJoM",
            "percent": 100,
            "hz": 360
        },
        {
            "user": "DantumnR8",
            "link": "https://youtu.be/ff1Owbzo_cw",
            "percent": 100,
            "hz": 360
        },
        {
            "user": "iiTsWiLLY",
            "link": "https://www.youtube.com/watch?v=rF4Ci2q-6f8",
            "percent": 100,
            "hz": 360
        },
        {
            "user": "r3lax",
            "link": "https://www.youtube.com/watch?v=GcwIRHSY-Ys",
            "percent": 100,
            "hz": 292
        },
        {
            "user": "juandritok",
            "link": "https://youtu.be/8DlNVHeliGc",
            "percent": 100,
            "hz": 144
        },
        {
            "user": "chrissymissy",
            "link": "https://youtu.be/z3FMqSjUBEI",
            "percent": 100,
            "hz": 360
        },
        {
            "user": "Majesstic",
            "link": "https://youtu.be/wyjiNiHSqv8",
            "percent": 100,
            "hz": 360
        },
        {
            "user": "GabrielWoH",
            "link": "https://youtu.be/OIe-tJP97cc",
            "percent": 100,
            "hz": 60,
            "mobile": true
        },
        {
            "user": "MaBooBas556",
            "link": "https://youtu.be/yXgG-j4gung",
            "percent": 100,
            "hz": 90
        }
    ]
}