{
    "id": 71415683,
    "name": "Shitty Kuzureta",
    "author": "Chspchips",
    "creators": [],
    "verifier": "SupaX_",
    "verification": "https://www.youtube.com/watch?v=Hxf6-o79SJY",
    "showcase": "https://youtu.be/-3v8_5FbB8M",
    "percentToQualify": 100,
    "records": [
        {
            "user": "Viridian",
            "link": "https://youtu.be/hX6KVagnLNc",
            "percent": 100,
            "hz": 288
        },
        {
            "user": "BlueTomcat",
            "link": "https://youtu.be/gmQ3Tjw87Zo",
            "percent": 100,
            "hz": 288
        },
        {
            "user": "iRaily",
            "link": "https://youtu.be/OS4rc2EonHw",
            "percent": 100,
            "hz": 288
        },
        {
            "user": "WhiteGokey",
            "link": "https://youtu.be/gukX8CknYJk",
            "percent": 100,
            "hz": 60
        },
        {
            "user": "Ohdangs",
            "link": "https://youtu.be/xi2-DJHs3SA",
            "percent": 100,
            "hz": 144
        },
        {
            "user": "Frozono",
            "link": "https://youtu.be/oI_kajkpkA0",
            "percent": 100,
            "hz": 60
        },
        {
            "user": "Nolife",
            "link": "https://www.youtube.com/watch?v=wyXQBtpg8xQ",
            "percent": 100,
            "hz": 165
        },
        {
            "user": "EvanGames GD",
            "link": "https://www.youtube.com/watch?v=5yzWvrz0XqI",
            "percent": 100,
            "hz": 75
        },
        {
            "user": "Fh1r",
            "link": "https://youtu.be/wvKwRDJ8BC8",
            "percent": 100,
            "hz": 240
        },
        {
            "user": "7ssumi",
            "link": "https://youtu.be/s6rDI0Aen7Q",
            "percent": 100,
            "hz": 144
        },
        {
            "user": "Weedeater69420",
            "link": "https://www.youtube.com/watch?v=SKnfh46UH70",
            "percent": 100,
            "hz": 360
        },
        {
            "user": "Shel",
            "link": "https://www.youtube.com/watch?v=8jfTj5SAgYs",
            "percent": 100,
            "hz": 144
        },
        {
            "user": "Tai0",
            "link": "https://www.youtube.com/watch?v=Z9xPOc-_0E0",
            "percent": 100,
            "hz": 144
        },
        {
            "user": "GD CrimsonKing22",
            "link": "https://www.youtube.com/watch?v=TOUpkr13xzc&ab_channel=GDCrimsonKing22",
            "percent": 100,
            "hz": 288
        },
        {
            "user": "Game Players",
            "link": "https://www.youtube.com/watch?v=pOtdA7zhGRw",
            "percent": 100,
            "hz": 240
        },
        {
            "user": "ThisIsTheCreeper",
            "link": "https://www.youtube.com/watch?v=yuHbAir1UqU",
            "percent": 100,
            "hz": 360
        },
        {
            "user": "excist",
            "link": "https://www.youtube.com/watch?v=Qq9f1ohxjjE",
            "percent": 100,
            "hz": 144
        },
        {
            "user": "Sushiboys",
            "link": "https://youtu.be/6GWj5e5gj0Y",
            "percent": 100,
            "hz": 300
        },
        {
            "user": "DuckMoment",
            "link": "https://youtu.be/gv9jfKCvpUc",
            "percent": 100,
            "hz": 144
        },
        {
            "user": "LetritasOfficial",
            "link": "https://www.youtube.com/watch?v=ulht2WITevw",
            "percent": 100,
            "hz": 360
        },
        {
            "user": "GDTeabag",
            "link": "https://www.youtube.com/watch?v=0FULN4gU4Gk",
            "percent": 100,
            "hz": 240
        },
        {
            "user": "Clpz",
            "link": "https://youtu.be/XM2qGNBfm3Q",
            "percent": 100,
            "hz": 150
        },
        {
            "user": "xXHUNTERXxEvZX",
            "link": "https://youtu.be/R5QKqQdBuHM",
            "percent": 100,
            "hz": 60,
            "mobile": true
        },
        {
            "user": "Delay",
            "link": "https://www.youtube.com/watch?v=8N5eXI3aCcc",
            "percent": 100,
            "hz": 60
        },
        {
            "user": "blessed",
            "link": "https://youtu.be/4TCoysB0zHQ",
            "percent": 100,
            "hz": 60
        },
        {
            "user": "CrazyminerMi",
            "link": "https://youtu.be/FYeQh2oHHtQ",
            "percent": 100,
            "hz": 144
        },
        {
            "user": "Azurito",
            "link": "https://www.youtube.com/watch?v=qcq63owymcg&t=94s",
            "percent": 100,
            "hz": 60
        },
        {
            "user": "fangroban",
            "link": "https://youtu.be/GYSqdR7Q5Hc",
            "percent": 100,
            "hz": 165
        },
        {
            "user": "InferiorPatty",
            "link": "https://www.youtube.com/watch?v=rKfVaI0Cyeo",
            "percent": 100,
            "hz": 360
        },
        {
            "user": "Ploffy",
            "link": "https://youtu.be/3x7dIFWgr_Y",
            "percent": 100,
            "hz": 300
        },
        {
            "user": "zDusti",
            "link": "https://www.youtube.com/watch?v=2i0ERz0KIeE",
            "percent": 100,
            "hz": 360
        },
        {
            "user": "Lhiquidd",
            "link": "https://youtu.be/wwKJJJ768ZE",
            "percent": 100,
            "hz": 360
        },
        {
            "user": "Andrew14916",
            "link": "https://www.youtube.com/watch?v=9oxERlOsiRw",
            "percent": 100,
            "hz": 288
        },
        {
            "user": "Nuggels",
            "link": "https://www.youtube.com/watch?v=x1qJdajETQI",
            "percent": 100,
            "hz": 280
        },
        {
            "user": "OsmuS",
            "link": "https://www.youtube.com/watch?v=H9uE8V9fqro",
            "percent": 100,
            "hz": 60
        },
        {
            "user": "Epsilonic70",
            "link": "https://www.youtube.com/watch?v=zSB05YGEBw8",
            "percent": 100,
            "hz": 240
        },
        {
            "user": "WilltheRen",
            "link": "https://www.youtube.com/watch?v=xD9psbFfwvs",
            "percent": 100,
            "hz": 165
        },
        {
            "user": "Charlielance",
            "link": "https://www.youtube.com/watch?v=xD9psbFfwvs",
            "percent": 100,
            "hz": 360
        },
        {
            "user": "Jef",
            "link": "https://www.youtube.com/watch?v=WtzD6VI_sTk",
            "percent": 100,
            "hz": 360
        },
        {
            "user": "LightGD",
            "link": "https://youtu.be/OZYbLbJsTkY",
            "percent": 100,
            "hz": 360
        },
        {
            "user": "ii_Savageboy",
            "link": "https://www.youtube.com/watch?v=t1dDELFTR9M&lc",
            "percent": 100,
            "hz": 144
        },
        {
            "user": "Flafo",
            "link": "https://www.youtube.com/watch?v=Hnz8JPnqaQw&t=0s",
            "percent": 100,
            "hz": 240
        },
        {
            "user": "Rixen Ace",
            "link": "https://www.youtube.com/watch?v=T5JZjx4n914",
            "percent": 100,
            "hz": 165
        },
        {
            "user": "Luki22",
            "link": "https://youtu.be/Tmz19CXxhgY",
            "percent": 100,
            "hz": 360
        },
        {
            "user": "Gamez",
            "link": "https://www.youtube.com/watch?v=DRxojwsSHtU",
            "percent": 100,
            "hz": 144
        },
        {
            "user": "vSw00sh",
            "link": "https://youtu.be/obWXAwoYCEo",
            "percent": 100,
            "hz": 360
        },
        {
            "user": "spooney",
            "link": "https://youtu.be/0Yuzmib07gs",
            "percent": 100,
            "hz": 144
        },
        {
            "user": "Finki",
            "link": "https://www.youtube.com/watch?v=CZp49Ak9fjU",
            "percent": 100,
            "hz": 360
        },
        {
            "user": "DS",
            "link": "https://www.youtube.com/watch?v=BvuisgTPrpQ&ab_channel=DS",
            "percent": 100,
            "hz": 144
        },
        {
            "user": "LKuteshi",
            "link": "https://www.youtube.com/watch?v=Nre6XeMwp98",
            "percent": 100,
            "hz": 120,
            "mobile": true
        },
        {
            "user": "shreksdonk",
            "link": "https://www.youtube.com/watch?v=4KAcPu6dd_Q",
            "percent": 100,
            "hz": 144
        },
        {
            "user": "Cric2",
            "link": "https://www.youtube.com/watch?v=Sf-mzhIroi8",
            "percent": 100,
            "hz": 240
        },
        {
            "user": "Samuuu18",
            "link": "https://youtu.be/Juu9mujxxuI",
            "percent": 100,
            "hz": 360
        },
        {
            "user": "Senzora",
            "link": "https://www.youtube.com/watch?v=XGVoN4-KgKc",
            "percent": 100,
            "hz": 288
        },
        {
            "user": "KylashTheKiller",
            "link": "https://youtu.be/fS6nnL6JNnA",
            "percent": 100,
            "hz": 60
        },
        {
            "user": "StarXV",
            "link": "https://youtu.be/PBHmhd82I4A",
            "percent": 100,
            "hz": 240
        },
        {
            "user": "Certified Noob",
            "link": "https://www.youtube.com/watch?v=qgCUg0fNb2o",
            "percent": 100,
            "hz": 165
        },
        {
            "user": "ZawyGD",
            "link": "https://www.youtube.com/watch?v=2vApKzLaYMc&ab_channel=ZawyGD",
            "percent": 100,
            "hz": 144
        },
        {
            "user": "MfoGaming1219",
            "link": "https://www.youtube.com/watch?v=AItuNECSzak",
            "percent": 100,
            "hz": 165
        },
        {
            "user": "samu2174218",
            "link": "https://www.youtube.com/watch?v=9O5pYEQf-5Y",
            "percent": 100,
            "hz": 120
        },
        {
            "user": "WaedXR",
            "link": "https://www.youtube.com/watch?v=JVnxJKFo_Ng",
            "percent": 100,
            "hz": 144
        },
        {
            "user": "ObvSilver",
            "link": "https://www.youtube.com/watch?v=XFbgjk9avFE",
            "percent": 100,
            "hz": 165
        },
        {
            "user": "chiken15",
            "link": "https://www.youtube.com/watch?v=XFbgjk9avFE",
            "percent": 100,
            "hz": 288
        },
        {
            "user": "LinedriveGD",
            "link": "https://www.youtube.com/watch?v=n4Y6NtyT5C0",
            "percent": 100,
            "hz": 300
        },
        {
            "user": "Dandy Chiggins",
            "link": "https://youtu.be/ErsnlK3pvfQ",
            "percent": 100,
            "hz": 240
        },
        {
            "user": "cobol__",
            "link": "https://www.youtube.com/watch?v=JM72SYGgR30&t=12s",
            "percent": 100,
            "hz": 360
        },
        {
            "user": "WilzX",
            "link": "https://www.youtube.com/watch?v=YDSs6uMQy_I",
            "percent": 100,
            "hz": 200
        },
        {
            "user": "CjuanXd",
            "link": "https://www.youtube.com/watch?v=Zmc-4BZu1u4",
            "percent": 100,
            "hz": 200
        },
        {
            "user": "kri1s5",
            "link": "https://youtu.be/S1baO_N7-Go",
            "percent": 100,
            "hz": 60
        },
        {
            "user": "Voltrux",
            "link": "https://youtu.be/4oRV1SCYx9A",
            "percent": 100,
            "hz": 360
        },
        {
            "user": "Ashlie",
            "link": "https://youtu.be/JRrdPOXpsU8",
            "percent": 100,
            "hz": 360
        },
        {
            "user": "TheYTGames",
            "link": "https://youtu.be/JRrdPOXpsU8",
            "percent": 100,
            "hz": 240
        },
        {
            "user": "DogeyBoi",
            "link": "https://youtu.be/38pl78QIRIM",
            "percent": 100,
            "hz": 360
        },
        {
            "user": "LzKlauss",
            "link": "https://www.youtube.com/watch?v=I2qzmUoe3fI",
            "percent": 100,
            "hz": 360
        },
        {
            "user": "Demons [GD]",
            "link": "https://youtu.be/n7blnXkALd8",
            "percent": 100,
            "hz": 60
        },
        {
            "user": "mini146",
            "link": "https://www.youtube.com/watch?v=tyE-nsmwFQU",
            "percent": 100,
            "hz": 60
        },
        {
            "user": "AlbertBV",
            "link": "https://www.youtube.com/watch?v=yp-mDea2fyk",
            "percent": 100,
            "hz": 75
        },
        {
            "user": "Ecstricity",
            "link": "https://youtu.be/epcw9qBe_mk",
            "percent": 100,
            "hz": 60
        },
        {
            "user": "Dorren",
            "link": "https://www.youtube.com/watch?v=bVEu10zmOYQ",
            "percent": 100,
            "hz": 360
        },
        {
            "user": "tempest",
            "link": "https://youtu.be/1kXD0_tCsJI",
            "percent": 100,
            "hz": 225
        },
        {
            "user": "ElijahJordan2",
            "link": "https://www.youtube.com/watch?v=U1GdrTjH17M",
            "percent": 100,
            "hz": 144
        },
        {
            "user": "Hasik",
            "link": "https://youtu.be/-Zt4NqzeqkQ",
            "percent": 100,
            "hz": 165
        },
        {
            "user": "Jack Double X",
            "link": "https://www.youtube.com/watch?v=GY42DlG-HtA",
            "percent": 100,
            "hz": 60
        },
        {
            "user": "Acacia",
            "link": "https://www.youtube.com/watch?v=zjIbMCqRHHI",
            "percent": 100,
            "hz": 288
        },
        {
            "user": "Papote Malote",
            "link": "https://www.youtube.com/watch?v=sZ5SR4ndIgg",
            "percent": 100,
            "hz": 180
        },
        {
            "user": "Zelphic",
            "link": "https://www.youtube.com/watch?v=9RSVGeoxFDw",
            "percent": 100,
            "hz": 144
        },
        {
            "user": "Kahzry",
            "link": "https://www.youtube.com/watch?v=AQK9nTj_Wm4",
            "percent": 100,
            "hz": 144
        },
        {
            "user": "Pannari10",
            "link": "https://youtu.be/yDV-42ofU-M",
            "percent": 100,
            "hz": 360
        },
        {
            "user": "spacebar_key",
            "link": "https://vimeo.com/672138108",
            "percent": 100,
            "hz": 144
        },
        {
            "user": "Robbgg05",
            "link": "https://youtu.be/Od4HWNslfWE",
            "percent": 100,
            "hz": 60
        },
        {
            "user": "Seolha",
            "link": "https://youtu.be/3NA9QzuJnJg",
            "percent": 100,
            "hz": 60,
            "mobile": true
        },
        {
            "user": "Squinset",
            "link": "https://youtu.be/z14xvmS1yx0",
            "percent": 100,
            "hz": 360
        },
        {
            "user": "BlitS_",
            "link": "https://www.youtube.com/watch?v=ookxXWkuYg4",
            "percent": 100,
            "hz": 60
        },
        {
            "user": "Patrick61804",
            "link": "https://www.youtube.com/watch?v=HRhXT_DqP8s",
            "percent": 100,
            "hz": 240
        },
        {
            "user": "Riptide",
            "link": "https://youtu.be/sows4gY9ED4",
            "percent": 100,
            "hz": 60
        },
        {
            "user": "Reco",
            "link": "https://youtu.be/m9RQRwCyFUo",
            "percent": 100,
            "hz": 60
        },
        {
            "user": "Justice_guy",
            "link": "https://youtu.be/-su_wqla_nU",
            "percent": 100,
            "hz": 144
        },
        {
            "user": "Pluto",
            "link": "https://www.youtube.com/watch?v=eSc4ix7aGz8",
            "percent": 100,
            "hz": 144
        },
        {
            "user": "klopa",
            "link": "https://www.youtube.com/watch?v=16r1Zdfaxds",
            "percent": 100,
            "hz": 80
        },
        {
            "user": "affayou",
            "link": "https://youtu.be/SCni_bpa0Yw",
            "percent": 100,
            "hz": 165
        },
        {
            "user": "TheBigCheese",
            "link": "https://www.twitch.tv/thebigcheese_69/v/1301334998?sr=a&t=1387s",
            "percent": 100,
            "hz": 360
        },
        {
            "user": "dalrus",
            "link": "https://www.youtube.com/watch?v=Ign1j4iVt-s",
            "percent": 100,
            "hz": 288
        },
        {
            "user": "Kresuu",
            "link": "https://www.youtube.com/watch?v=olAn-vutRjc",
            "percent": 100,
            "hz": 240
        },
        {
            "user": "attrixia",
            "link": "https://www.youtube.com/watch?v=OpXuKZiBHO8",
            "percent": 100,
            "hz": 150
        },
        {
            "user": "zygimantux",
            "link": "https://www.youtube.com/watch?v=tlWDueIfzIw",
            "percent": 100,
            "hz": 240
        },
        {
            "user": "Holombro",
            "link": "https://youtu.be/DipHpFcJOm8",
            "percent": 100,
            "hz": 360
        },
        {
            "user": "HighEP",
            "link": "https://youtu.be/8_krdkFZNVk",
            "percent": 100,
            "hz": 165
        },
        {
            "user": "FoX",
            "link": "https://www.youtube.com/watch?v=AQqQ9eGkSDg",
            "percent": 100,
            "hz": 240
        },
        {
            "user": "MysthleGD",
            "link": "https://www.youtube.com/watch?v=au02efhHYqk",
            "percent": 100,
            "hz": 360
        },
        {
            "user": "TheCooky",
            "link": "https://www.youtube.com/watch?v=benL8MqjeDs",
            "percent": 100,
            "hz": 165
        },
        {
            "user": "Ellyy",
            "link": "https://www.youtube.com/watch?v=iAFSwR3rCjY",
            "percent": 100,
            "hz": 120
        },
        {
            "user": "mouscl.",
            "link": "https://youtu.be/qwzgHCMTcoE",
            "percent": 100,
            "hz": 60
        },
        {
            "user": "Dxst",
            "link": "https://www.youtube.com/watch?v=e1No-TAf0zw",
            "percent": 100,
            "hz": 240
        },
        {
            "user": "Alaniz004",
            "link": "https://youtu.be/AWkHSqdf-ac?list=PLa0Js5L-MJ8NkTF8C197sHE3Jb5GAAMwb&t=25",
            "percent": 100,
            "hz": 360
        },
        {
            "user": "t1me",
            "link": "https://youtu.be/2MDCyZK91vc",
            "percent": 100,
            "hz": 360
        },
        {
            "user": "DijonGD",
            "link": "https://youtu.be/9k8SnWRX1Xc",
            "percent": 100,
            "hz": 330
        },
        {
            "user": "RocketVrl",
            "link": "https://www.youtube.com/watch?v=wCibA0R8HLo",
            "percent": 100,
            "hz": 360
        },
        {
            "user": "iiTsWiLLY",
            "link": "https://www.youtube.com/watch?v=PaPBgvi4ZzQ",
            "percent": 100,
            "hz": 144
        },
        {
            "user": "Jack0kcaj",
            "link": "https://www.youtube.com/watch?v=66xRjVlnO_c",
            "percent": 100,
            "hz": 75
        },
        {
            "user": "GoldenPlayz",
            "link": "https://youtu.be/5jlZtqbehmQ",
            "percent": 100,
            "hz": 360
        },
        {
            "user": "vKaii",
            "link": "https://www.youtube.com/watch?v=4-0j6OuoopI",
            "percent": 100,
            "hz": 360
        },
        {
            "user": "Juanjoim2007",
            "link": "https://youtu.be/75beTGDuhJM",
            "percent": 100,
            "hz": 144
        },
        {
            "user": "Geno",
            "link": "https://youtu.be/4AeDeeoWWoA",
            "percent": 100,
            "hz": 280
        },
        {
            "user": "Trees",
            "link": "https://www.youtube.com/watch?v=tGHFpZcMJYs&ab_channel=Trees",
            "percent": 100,
            "hz": 144
        },
        {
            "user": "shaodwwhite",
            "link": "https://youtu.be/cKa6BI3-FEE",
            "percent": 100,
            "hz": 240
        },
        {
            "user": "GlitchyGlotch",
            "link": "https://youtu.be/SVmFlpKVMdE",
            "percent": 100,
            "hz": 360
        },
        {
            "user": "JaByUs",
            "link": "https://www.twitch.tv/videos/1468449958",
            "percent": 100,
            "hz": 240
        },
        {
            "user": "DenyZr",
            "link": "https://youtu.be/kWPvRR_ApTQ",
            "percent": 100,
            "hz": 240
        },
        {
            "user": "Dr3ko0",
            "link": "https://youtu.be/0IMs-iWwe5g",
            "percent": 100,
            "hz": 240
        },
        {
            "user": "Dienn",
            "link": "https://youtu.be/MtNblMXbGPY",
            "percent": 100,
            "hz": 144
        },
        {
            "user": "JoraJora",
            "link": "https://www.youtube.com/watch?v=e0bNWZV_u8s",
            "percent": 100,
            "hz": 360
        },
        {
            "user": "JimmyVT",
            "link": "https://youtu.be/Ey9G5ulpK6o",
            "percent": 100,
            "hz": 120
        },
        {
            "user": "Keynose",
            "link": "https://www.youtube.com/watch?v=oQ_of1gh0lc",
            "percent": 100,
            "hz": 288
        },
        {
            "user": "Trep",
            "link": "https://youtu.be/YzEkvSomHvM",
            "percent": 100,
            "hz": 288
        },
        {
            "user": "FeikNubGD",
            "link": "https://www.youtube.com/watch?v=uC2qapv5R4E",
            "percent": 100,
            "hz": 120
        },
        {
            "user": "Valpux",
            "link": "https://medal.tv/games/geometry-dash/clips/m9MtxETC_xb-C/d1337sH39JQG?invite=cr-MSxkOTYsMjY2ODE1OTcs",
            "percent": 100,
            "hz": 144
        },
        {
            "user": "UnhealthyPoro",
            "link": "https://www.youtube.com/watch?v=cJHoHMWKqZ4",
            "percent": 100,
            "hz": 240
        },
        {
            "user": "Teighan",
            "link": "https://www.youtube.com/watch?v=zTlOj_eQkis",
            "percent": 100,
            "hz": 120
        },
        {
            "user": "PalZrosS",
            "link": "https://www.youtube.com/watch?v=qfjMf_97ssw",
            "percent": 100,
            "hz": 165
        },
        {
            "user": "Michachel",
            "link": "https://medal.tv/games/geometry-dash/clips/oXAKn2ZEvxBRP/d13374auUadR?invite=cr-MSxwMnMsMjM5Njc4MzMs",
            "percent": 100,
            "hz": 360
        },
        {
            "user": "xbcs",
            "link": "https://www.youtube.com/watch?v=jz3Sq7SSlMQ",
            "percent": 100,
            "hz": 144
        },
        {
            "user": "skyyc",
            "link": "https://www.youtube.com/watch?v=SinYEvgH23E",
            "percent": 100,
            "hz": 144
        },
        {
            "user": "Chronic",
            "link": "https://youtu.be/W7Dw4QvbvCQ",
            "percent": 100,
            "hz": 144
        },
        {
            "user": "InSqueam",
            "link": "https://www.youtube.com/watch?v=fD_y0tVq5Ag",
            "percent": 100,
            "hz": 144
        },
        {
            "user": "Willdrid",
            "link": "https://www.youtube.com/watch?v=rZNarlK8fxw&ab_channel=Willdrid",
            "percent": 100,
            "hz": 240
        },
        {
            "user": "yanzess",
            "link": "https://www.youtube.com/watch?v=S6U1cV5Qt4g",
            "percent": 100,
            "hz": 240
        },
        {
            "user": "Tori",
            "link": "https://youtu.be/sBxIUK5dnqo",
            "percent": 100,
            "hz": 360
        },
        {
            "user": "biskit",
            "link": "https://youtu.be/lFlH8SClURA?t=317",
            "percent": 100,
            "hz": 360
        },
        {
            "user": "Cuchara",
            "link": "https://youtu.be/dp6r74PnMME",
            "percent": 100,
            "hz": 180
        },
        {
            "user": "TimkaTv",
            "link": "https://www.youtube.com/watch?v=rgpElntdP7s",
            "percent": 100,
            "hz": 150
        },
        {
            "user": "R3W1",
            "link": "https://www.youtube.com/watch?v=0cl_0QukmO4",
            "percent": 100,
            "hz": 360
        },
        {
            "user": "chiokunn",
            "link": "https://youtu.be/4xs1p9l_0-o",
            "percent": 100,
            "hz": 190
        },
        {
            "user": "CaoticGD",
            "link": "https://youtu.be/yeauIiJtE5E",
            "percent": 100,
            "hz": 360
        },
        {
            "user": "AshenID",
            "link": "https://youtu.be/Pw9WWfaQKyI",
            "percent": 100,
            "hz": 144,
            "mobile": true
        },
        {
            "user": "banks",
            "link": "https://youtu.be/wSTGkvk79xc",
            "percent": 100,
            "hz": 360
        },
        {
            "user": "SiltBottle",
            "link": "https://www.youtube.com/watch?v=pOzmZwJlUPw",
            "percent": 100,
            "hz": 300
        },
        {
            "user": "AleczD",
            "link": "https://www.youtube.com/watch?v=BMeT3q_ggmY",
            "percent": 100,
            "hz": 240
        },
        {
            "user": "Bamvie",
            "link": "https://youtu.be/4M0w9R2Jd6g",
            "percent": 100,
            "hz": 120
        },
        {
            "user": "BlizzardLaZario",
            "link": "https://www.youtube.com/watch?v=aihEhvqjwRM",
            "percent": 100,
            "hz": 144
        },
        {
            "user": "Potaslam",
            "link": "https://www.youtube.com/watch?v=x1onADSlpbs&ab_channel=Potaslam",
            "percent": 100,
            "hz": 240
        },
        {
            "user": "Fixill",
            "link": "https://www.youtube.com/watch?v=Ax8lZRgaQc0",
            "percent": 100,
            "hz": 240
        },
        {
            "user": "Kar0l",
            "link": "https://www.youtube.com/watch?v=z0x54FTfKxo",
            "percent": 100,
            "hz": 144
        },
        {
            "user": "WholesomeCherry",
            "link": "https://www.youtube.com/watch?v=D4ZDXlj4rLU",
            "percent": 100,
            "hz": 144
        },
        {
            "user": "TurtlesdoHurdles",
            "link": "https://www.youtube.com/watch?v=qLkiNlpZzFU",
            "percent": 100,
            "hz": 360
        },
        {
            "user": "J",
            "link": "https://youtu.be/DM6ZJiouT0g",
            "percent": 100,
            "hz": 360
        },
        {
            "user": "Drige",
            "link": "https://www.youtube.com/watch?v=HvVi03Hmi0o",
            "percent": 100,
            "hz": 240
        },
        {
            "user": "boylighty",
            "link": "https://www.youtube.com/watch?v=7EtGHQCkRxg",
            "percent": 100,
            "hz": 144
        },
        {
            "user": "wave",
            "link": "https://youtu.be/u1aTQ7PtEjg",
            "percent": 100,
            "hz": 360
        },
        {
            "user": "hubertos",
            "link": "https://youtu.be/7yG_cbl1P1Q",
            "percent": 100,
            "hz": 288
        },
        {
            "user": "Nano FV",
            "link": "https://youtu.be/_hJBCal6tSY",
            "percent": 100,
            "hz": 60
        },
        {
            "user": "Kenauro",
            "link": "https://www.youtube.com/watch?v=TlIGNI6lrgA",
            "percent": 100,
            "hz": 240
        },
        {
            "user": "SuperThiago1234",
            "link": "https://youtu.be/cQeNf5b13TE",
            "percent": 100,
            "hz": 360
        },
        {
            "user": "Flan",
            "link": "https://youtu.be/6k__uaMhp3k",
            "percent": 100,
            "hz": 240
        },
        {
            "user": "Fels",
            "link": "https://youtu.be/tus6SW-sHUM",
            "percent": 100,
            "hz": 300
        },
        {
            "user": "sebas_gd",
            "link": "https://youtu.be/O82naGpx7yk",
            "percent": 100,
            "hz": 300
        },
        {
            "user": "ReimuSellsWeed",
            "link": "https://youtu.be/DAnKM_BEp_w",
            "percent": 100,
            "hz": 144
        },
        {
            "user": "cg508",
            "link": "https://youtu.be/-qZSLy9I-nQ",
            "percent": 100,
            "hz": 165
        },
        {
            "user": "Pexzyy",
            "link": "https://youtu.be/LrSL5nlZRBk",
            "percent": 100,
            "hz": 360
        },
        {
            "user": "geekchannel1",
            "link": "https://youtu.be/klclRrOvqvM",
            "percent": 100,
            "hz": 144
        },
        {
            "user": "miky177",
            "link": "https://youtu.be/JNNGsHsLd2c",
            "percent": 100,
            "hz": 240
        },
        {
            "user": "Gremlin",
            "link": "https://youtu.be/AiY9vgzxQT0",
            "percent": 100,
            "hz": 360
        },
        {
            "user": "Kl\u00f6stflow",
            "link": "https://youtu.be/7h8b__WAUmg",
            "percent": 100,
            "hz": 120
        },
        {
            "user": "jeyk",
            "link": "https://medal.tv/games/geometry-dash/clips/zbFCCqY8XpOgl/75KX4m8dKAe5?invite=cr-MSxEaVQsMTEwMDg1NDczLA",
            "percent": 100,
            "hz": 230
        },
        {
            "user": "DashTH",
            "link": "https://www.youtube.com/watch?v=qS3xvNvTfag",
            "percent": 100,
            "hz": 144
        },
        {
            "user": "ElijahplaysGD",
            "link": "https://m.youtube.com/watch?v=s-DrirDgFnE",
            "percent": 100,
            "hz": 60,
            "mobile": true
        },
        {
            "user": "JimeroGD",
            "link": "https://medal.tv/games/geometry-dash/clips/ABOeuFavi_7bO/d1337bQ0g1d9?invite=cr-MSxEQzUsODU4MTQ4ODgs",
            "percent": 100,
            "hz": 240
        },
        {
            "user": "Karikaeshii",
            "link": "https://youtu.be/T8YB51VxTwY",
            "percent": 100,
            "hz": 360
        },
        {
            "user": "explosivo-star",
            "link": "https://www.youtube.com/watch?v=5mmhZOPjxhc",
            "percent": 100,
            "hz": 360
        },
        {
            "user": "ItzLohich",
            "link": "https://youtu.be/wXdK9qq2pc0",
            "percent": 100,
            "hz": 360
        },
        {
            "user": "ThatGuyFroGG",
            "link": "https://www.youtube.com/watch?v=mtiK4WQfxQo",
            "percent": 100,
            "hz": 360
        },
        {
            "user": "Compass",
            "link": "https://youtu.be/39WUbXEsh_s",
            "percent": 100,
            "hz": 360
        },
        {
            "user": "Lutz",
            "link": "https://youtu.be/ccqrPPtmTcU",
            "percent": 100,
            "hz": 180
        },
        {
            "user": "JumbleJee",
            "link": "https://www.youtube.com/watch?v=qpp6CzxI1JM",
            "percent": 100,
            "hz": 360
        },
        {
            "user": "Drizzxy",
            "link": "https://youtu.be/e5t7-l_qXd4",
            "percent": 100,
            "hz": 288
        },
        {
            "user": "TheBlue032",
            "link": "https://www.youtube.com/watch?v=Oa9pTIBwTnQ",
            "percent": 100,
            "hz": 180
        },
        {
            "user": "UnoLuno123",
            "link": "https://youtu.be/raW8NstjMM8",
            "percent": 100,
            "hz": 60
        },
        {
            "user": "Tuoyu",
            "link": "https://www.youtube.com/watch?v=AM03cfa-Wk",
            "percent": 100,
            "hz": 360
        },
        {
            "user": "cowfarts",
            "link": "https://www.youtube.com/watch?v=bhM-w5mAzSI",
            "percent": 100,
            "hz": 360
        },
        {
            "user": "Topia",
            "link": "https://www.youtube.com/watch?v=YLb_lhfc3t4",
            "percent": 100,
            "hz": 360
        },
                {
            "user": "Pluntix",
            "link": "https://www.youtube.com/watch?v=Id7M7mlXc3s",
            "percent": 100,
            "hz": 360
        },
        {
            "user": "NotD4N1",
            "link": "https://youtu.be/ozM1qy-J1qg",
            "percent": 100,
            "hz": 360
        },
        {
            "user": "Dozenth YTB",
            "link": "https://www.youtube.com/watch?v=HUQ8p30K57Y",
            "percent": 100,
            "hz": 71
        },
        {
            "user": "Celcious",
            "link": "https://www.youtube.com/watch?v=-Sby0PoqJSg",
            "percent": 100,
            "hz": 360
        },
        {
            "user": "wiz",
            "link": "https://youtu.be/LpqLtH1gvu4",
            "percent": 100,
            "hz": 360
        },
        {
            "user": "oShinyJosas",
            "link": "https://youtu.be/ypQYHx0AJSw",
            "percent": 100,
            "hz": 60
        },
        {
            "user": "werons",
            "link": "https://www.youtube.com/watch?v=dXPuTk-JgUE",
            "percent": 100,
            "hz": 360
        },
        {
            "user": "NuStin",
            "link": "https://www.youtube.com/watch?v=V7vUIK63SqA",
            "percent": 100,
            "hz": 240
        },

        {
            "user": "kdomesz24",
            "link": "https://www.youtube.com/watch?v=BGij3pYa9VY",
            "percent": 100,
            "hz": 144
        },
        {
            "user": "5iev",
            "link": "https://www.youtube.com/watch?v=Rm9mmmv3C_I",
            "percent": 100,
            "hz": 144
        },
        {
            "user": "foocii",
            "link": "https://youtu.be/JlsyYKnZtj0",
            "percent": 100,
            "hz": 360
        },
        {
            "user": "Tommeeboi",
            "link": "https://youtu.be/Yl7N91Tgls8",
            "percent": 100,
            "hz": 60
        },
        {
            "user": "FullyDiverse",
            "link": "https://youtu.be/_DO_8GvnnE4?t=315",
            "percent": 100,
            "hz": 360
        },
        {
            "user": "UnaiMJ",
            "link": "https://www.youtube.com/watch?v=hTsWrsHnngw",
            "percent": 100,
            "hz": 240
        },
        {
            "user": "JixxyBoi",
            "link": "https://youtu.be/QDc0zXYAibg",
            "percent": 100,
            "hz": 144
        },
        {
            "user": "bongoh",
            "link": "https://www.youtube.com/watch?v=c9BWMMvlATQ",
            "percent": 100,
            "hz": 240
        },
        {
            "user": "Chlœ",
            "link": "https://www.youtube.com/watch?v=mbXqj6MxEiw",
            "percent": 100,
            "hz": 360
        },
        {
            "user": "Echotic",
            "link": "https://www.youtube.com/watch?v=iRUUMPMecqc",
            "percent": 100,
            "hz": 240
        },
        {
            "user": "Caxew",
            "link": "https://medal.tv/games/geometry-dash/clips/Ns8GjZ8EDJbe-/d1337ubj39cO?invite=cr-MSxRQXMsMTY1NjM1ODIs",
            "percent": 100,
            "hz": 240
        },
        {
            "user": "SemiRed",
            "link": "https://youtu.be/USEFpskuBiU",
            "percent": 100,
            "hz": 144
        },
        {
            "user": "lonifer",
            "link": "https://www.youtube.com/watch?v=oQHRN9ydM3Q&ab_channel=lonifer",
            "percent": 100,
            "hz": 360
        },
        {
            "user": "Crockee",
            "link": "https://youtu.be/jruDQ4ry6wk",
            "percent": 100,
            "hz": 360
        },
        {
            "user": "vrenoss",
            "link": "https://www.youtube.com/watch?v=XvIsO_15qXo",
            "percent": 100,
            "hz": 360
        },
        {
            "user": "kingofkittens",
            "link": "https://youtu.be/F0zhC-VKY40",
            "percent": 100,
            "hz": 165
        },
        {
            "user": "tenebrae",
            "link": "https://www.youtube.com/watch?v=6xjvoJTY9a0",
            "percent": 100,
            "hz": 240
        }
    ]
}
