{
    "id": 80759606,
    "name": "Shitty La Magicienne Rose",
    "author": "DrPumpkin357",
    "creators": [],
    "verifier": "Alaniz004",
    "verification": "https://www.youtube.com/watch?v=Y8_qMkc5dno",
    "showcase": "https://youtu.be/M4jqW3Ob2Ck",
    "percentToQualify": 59,
    "records": [
        {
            "user": "iRaily",
            "link": "https://youtu.be/Ywqbdtd8UOo",
            "percent": 100,
            "hz": 360
        },
        {
            "user": "biskit",
            "link": "https://www.youtube.com/watch?v=HSIFPgfCUz0",
            "percent": 100,
            "hz": 360
        },
        {
            "user": "Marke",
            "link": "https://www.youtube.com/watch?v=SQZALBVHqtY",
            "percent": 100,
            "hz": 288
        },
        {
            "user": "KasiaUwU",
            "link": "https://youtu.be/S0TpDCqVBLw",
            "percent": 100,
            "hz": 240
        },
        {
            "user": "Dandy Chiggins",
            "link": "https://youtu.be/0EIW7mnRcdU",
            "percent": 100,
            "hz": 360
        },
        {
            "user": "ZerniasX",
            "link": "https://youtu.be/ocY-iEYQASc",
            "percent": 100,
            "hz": 360
        }
    ]
}
