{
    "id": 360,
    "name": "Level 1",
    "author": "Circlego",
    "creators": [],
    "verifier": "Circlego",
    "verification": "https://www.youtube.com/watch?v=EZbz_EyEfrM",
    "percentToQualify": 78,
    "records": [
        {
            "user": "Raezori",
            "link": "a",
            "percent": 100,
            "hz": 288
        },
        {
            "user": "ZorpikGMD",
            "link": "https://www.youtube.com/watch?v=EZbz_EyEfrM",
            "percent": 100,
            "hz": 144
        }
    ]
}
