{
    "id": 68440137,
    "name": "Shitty Lightning Glare",
    "author": "Chspchips",
    "creators": [],
    "verifier": "iRaily",
    "verification": "https://www.youtube.com/watch?v=JJaNnmjh3JY",
    "percentToQualify": 100,
    "password": "Free to Copy",
    "records": [
        {
            "user": "Kobra456",
            "link": "https://www.youtube.com/watch?v=awy33Dr3DgQ",
            "percent": 100,
            "hz": 288
        },
        {
            "user": "ZerniasX",
            "link": "https://www.youtube.com/watch?v=em1iiHr7APY",
            "percent": 100,
            "hz": 360
        },
        {
            "user": "BlueTomcat",
            "link": "https://www.youtube.com/watch?v=YMaQng0cnSA",
            "percent": 100,
            "hz": 144
        },
        {
            "user": "Renar333",
            "link": "https://youtu.be/pwB0nqh3Ns4",
            "percent": 100,
            "hz": 180
        },
        {
            "user": "h4tecr1me.",
            "link": "https://www.youtube.com/watch?v=QXQTwxG8nZY",
            "percent": 100,
            "hz": 240
        },
        {
            "user": "IDeltaPhantomI",
            "link": "https://youtu.be/MrTLydJdEoE",
            "percent": 100,
            "hz": 240
        },
        {
            "user": "deex3",
            "link": "https://youtu.be/54mJLzYH1NU",
            "percent": 100,
            "hz": 360
        },
        {
            "user": "MfoGaming1219",
            "link": "https://youtu.be/Jglk2CbdDfA",
            "percent": 100,
            "hz": 120
        },
        {
            "user": "LzKlauss",
            "link": "https://www.youtube.com/watch?v=h4td39ZhMHE",
            "percent": 100,
            "hz": 360
        },
        {
            "user": "SupaX_",
            "link": "https://www.youtube.com/watch?v=lIsxuHMbHiY",
            "percent": 100,
            "hz": 240
        },
        {
            "user": "WilltheRen",
            "link": "https://www.youtube.com/watch?v=CU1NJ_SULv0",
            "percent": 100,
            "hz": 165
        },
        {
            "user": "BlackChaleur",
            "link": "https://youtu.be/uEHxF59Ht98",
            "percent": 100,
            "hz": 240
        },
        {
            "user": "T333",
            "link": "https://www.youtube.com/watch?v=XVoZBbq_dBw",
            "percent": 100,
            "hz": 240
        },
        {
            "user": "Dandy Chiggins",
            "link": "https://youtu.be/2pWEEkUmJLo",
            "percent": 100,
            "hz": 240
        },
        {
            "user": "SoWOW",
            "link": "https://www.youtube.com/watch?v=mjao8YVVF8s",
            "percent": 100,
            "hz": 120,
            "mobile": true
        },
        {
            "user": "Andrew14916",
            "link": "https://www.youtube.com/watch?v=zqph_FPiDrE",
            "percent": 100,
            "hz": 288
        },
        {
            "user": "Troy3",
            "link": "https://youtu.be/SQK83DCkEBM",
            "percent": 100,
            "hz": 180
        },
        {
            "user": "Riptide",
            "link": "https://youtu.be/wgG9kZK_m6E",
            "percent": 100,
            "hz": 120
        }
    ]
}