{
    "id": 86228104,
    "name": "Shitty Loochiverse",
    "author": "Kobra456",
    "creators": [],
    "verifier": "Kobra456",
    "verification": "https://www.youtube.com/watch?v=g-KJqAQieSM",
    "showcase": "https://youtu.be/MOsFyuiXt3Q",
    "percentToQualify": 52,
    "records": [
        {
            "user": "Dandy Chiggins",
            "link": "https://www.youtube.com/watch?v=zepMPlVUCC8",
            "percent": 100,
            "hz": 360
        },
        {
            "user": "KylashTheKiller",
            "link": "https://www.youtube.com/watch?v=Fb4S3nJIlCI",
            "percent": 100,
            "hz": 60
        },
        {
            "user": "Samuuu18",
            "link": "https://youtu.be/feTaop3FG90",
            "percent": 100,
            "hz": 360
        },
        {
            "user": "Neltumn",
            "link": "https://www.youtube.com/watch?v=yhI92N1rH5s&t=2s",
            "percent": 100,
            "hz": 144
        },
        {
            "user": "skeeb",
            "link": "https://www.youtube.com/watch?v=b5H8IubpMgA",
            "percent": 100,
            "hz": 280
        },
        {
            "user": "Tunax",
            "link": "https://youtu.be/FlyC4CzqMCw",
            "percent": 100,
            "hz": 360
        },
        {
            "user": "Normus",
            "link": "https://youtu.be/Bx1haBHm9kk",
            "percent": 100,
            "hz": 360
        },
        {
            "user": "zepynr",
            "link": "https://youtu.be/gDgZv77WwKE",
            "percent": 100,
            "hz": 360
        },
        {
            "user": "mist3red",
            "link": "https://www.youtube.com/watch?v=GO8Lg7aNZDs",
            "percent": 100,
            "hz": 225
        },
        {
            "user": "BarbequeSauce",
            "link": "https://www.youtube.com/watch?v=hjSdBWbO8Eo",
            "percent": 100,
            "hz": 240
        },
        {
            "user": "FullyDiverse",
            "link": "https://youtu.be/wEpy26jkDJ4",
            "percent": 100,
            "hz": 321
        },
        {
            "user": "cr1t1cal_err0r",
            "link": "https://www.youtube.com/watch?v=PH7bP5V936o",
            "percent": 100,
            "hz": 360
        },
        {
            "user": "Nsaynchkn",
            "link": "https://youtu.be/Y2cntCx1Cqw",
            "percent": 100,
            "hz": 360
        },
        {
            "user": "Creig",
            "link": "https://youtu.be/6IKjMmFWLOw",
            "percent": 100,
            "hz": 360
        },
        {
            "user": "Vink",
            "link": "https://youtu.be/nPdaCJ9Gv40",
            "percent": 100,
            "hz": 240
        },
        {
            "user": "LzKlauss",
            "link": "https://youtu.be/C4lZXpNoO_Q",
            "percent": 100,
            "hz": 360
        }
    ]
}
