{
    "id": 75362770,
    "name": "Shitty Love",
    "author": "Luke",
    "creators": [],
    "verifier": "Slayer",
    "verification": "https://www.youtube.com/watch?v=3w-3bUxjpGo",
    "showcase": "https://youtu.be/p5ccDrubv5U",
    "percentToQualify": 61,
    "records": [
        {
            "user": "iRaily",
            "link": "https://www.youtube.com/watch?v=FkGyxYNJdkk",
            "percent": 100,
            "hz": 288
        },
        {
            "user": "Delay",
            "link": "https://www.youtube.com/watch?v=Cj8poEINvHg",
            "percent": 100,
            "hz": 288
        },
        {
            "user": "driftracers",
            "link": "https://youtu.be/_x92l1mJqbE",
            "percent": 100,
            "hz": 60
        },
        {
            "user": "KylashTheKiller",
            "link": "https://youtu.be/18e9AOgODrE",
            "percent": 100,
            "hz": 60
        },
        {
            "user": "Dandy Chiggins",
            "link": "https://youtu.be/gWjyat2XNjE",
            "percent": 100,
            "hz": 360
        },
        {
            "user": "biskit",
            "link": "https://youtu.be/adk_q9MZNzY",
            "percent": 100,
            "hz": 360
        },
        {
            "user": "sodaman",
            "link": "https://www.youtube.com/watch?v=mmicXiTYztE",
            "percent": 100,
            "hz": 360
        },
        {
            "user": "Samuuu18",
            "link": "https://youtu.be/W5Kl7ODnL_4",
            "percent": 100,
            "hz": 360
        },
        {
            "user": "LzKlauss",
            "link": "https://www.youtube.com/watch?v=GNrPzJS6GJc",
            "percent": 100,
            "hz": 360
        },
        {
            "user": "LeyroGD",
            "link": "https://youtu.be/AB0vH0atVs0",
            "percent": 100,
            "hz": 360
        }
    
    ]
}
