{
    "id": 71244660,
    "name": "Shitty Low Death",
    "author": "iRaily",
    "creators": [
        "IHas","zEvolutionGD" 
    ],
    "verifier": "Pandaa",
    "verification": "https://youtu.be/C8zCH8P3DzE",
    "showcase": "https://youtu.be/0jIXuegznPM",
    "percentToQualify": 100,
    "records": [
        {
            "user": "D141D",
            "link": "https://www.youtube.com/watch?v=cAo_LL0Q0LE",
            "percent": 100,
            "hz": 300
        },
        {
            "user": "iRaily",
            "link": "https://youtu.be/16601U-H3d0",
            "percent": 100,
            "hz": 288
        },
        {
            "user": "ZerniasX",
            "link": "https://www.youtube.com/watch?v=PvyP7zL18jw",
            "percent": 100,
            "hz": 360
        },
        {
            "user": "juacoxann",
            "link": "https://youtu.be/zd7IPI49Snk",
            "percent": 100,
            "hz": 240
        },
        {
            "user": "Samuuu18",
            "link": "https://www.youtube.com/watch?v=n6sr6codmOY",
            "percent": 100,
            "hz": 180
        },
        {
            "user": "Delay",
            "link": "https://www.youtube.com/watch?v=GYjpFH40_28",
            "percent": 100,
            "hz": 240
        },
        {
            "user": "Chr8ts",
            "link": "https://youtu.be/77C8Q5vRpk0",
            "percent": 100,
            "hz": 240
        },
        {
            "user": "Aeslingo",
            "link": "https://drive.google.com/file/d/1-_zG2HX6mQqPVTZtT_uDjymYaSELkQYR/view?usp=sharing",
            "percent": 100,
            "hz": 360
        },
        {
            "user": "biskit",
            "link": "https://www.youtube.com/watch?v=L1FazYnd5M4",
            "percent": 100,
            "hz": 360
        },
        {
            "user": "Riptide",
            "link": "https://youtu.be/u_r9Ux1qUbQ",
            "percent": 100,
            "hz": 120
        },
        {
            "user": "JASM1818",
            "link": "https://youtu.be/Hg_28VP9sWk",
            "percent": 100,
            "hz": 240
        },
        {
            "user": "GDsasan",
            "link": "https://youtu.be/eXBl7ShE7IY",
            "percent": 100,
            "hz": 120
        },
        {
            "user": "GlitchyGlotch",
            "link": "https://youtu.be/zsqRGfOmcwE",
            "percent": 100,
            "hz": 360
        },
        {
            "user": "homegrowntag",
            "link": "https://youtu.be/yx_eLfX9q8w",
            "percent": 100,
            "hz": 144
        },
        {
            "user": "GD Fayo",
            "link": "https://youtu.be/q5S4Cl2x-5A",
            "percent": 100,
            "hz": 360
        },
        {
            "user": "Nitrolysis",
            "link": "https://youtu.be/eb7puYJ5ubA",
            "percent": 100,
            "hz": 240
        },
        {
            "user": "Jiimz",
            "link": "https://www.youtube.com/watch?v=TQ3-U7DemZ4&ab_channel=Jiimz%5BGD%5D",
            "percent": 100,
            "hz": 300
        }
    
]
}
