{
    "id": 88440136,
    "name": "Shitty Lucid Nightmares",
    "author": "Prometheus",
    "creators": [
        "/Swan",
        "R0b0tic24",
        "PHUsername",
        ".com"
    ],
    "verifier": "KylashTheKiller",
    "verification": "https://youtu.be/mQcJmC4deuU",
    "showcase": "https://youtu.be/sQYa--BqNYs",
    "percentToQualify": 67,
    "records": [
        {
            "user": "ObvSilver",
            "link": "https://youtu.be/jcHX1gljw8c",
            "percent": 100,
            "hz": 165
        }
    ]
}
