{
    "id": 78160646,
    "name": "Shitty Macabre",
    "author": "Whitar",
    "creators": [],
    "verifier": "Shel",
    "verification": "https://youtu.be/lmXlV3NKhmY",
    "showcase": "https://youtu.be/7Aveij0ST04",
    "percentToQualify": 60,
    "records": [
        {
            "user": "LzKlauss",
            "link": "https://www.youtube.com/watch?v=8gskwv3y4hk&t=0s",
            "percent": 100,
            "hz": 360
        },
        {
            "user": "Samuuu18",
            "link": "https://youtu.be/AuyoTjbzIzg",
            "percent": 100,
            "hz": 360
        },
        {
            "user": "Davine_007",
            "link": "https://youtu.be/gmql-llLH24",
            "percent": 100,
            "hz": 144
        },
        {
            "user": "biskit",
            "link": "https://www.youtube.com/watch?v=lYA2RQWDM3g",
            "percent": 100,
            "hz": 360
        },
        {
            "user": "Andrxw",
            "link": "https://www.youtube.com/watch?v=WN9WL90hOmc",
            "percent": 100,
            "hz": 144
        },
        {
            "user": "Riptide",
            "link": "https://youtu.be/R03dcYI6q7I",
            "percent": 100,
            "hz": 240
        },
        {
            "user": "Zentersack",
            "link": "https://www.youtube.com/watch?v=W8L0zLXKNg8",
            "percent": 64,
            "hz": 144
        },
        {
            "user": "KasiaUwU",
            "link": "https://youtu.be/Ca05u5iKZJ4",
            "percent": 100,
            "hz": 240
        },
        {
            "user": "WowoGD",
            "link": "https://youtu.be/GPladgnNXIc",
            "percent": 100,
            "hz": 360
        }
    ]
}
