{
    "id": 76229183,
    "name": "Shitty Martin",
    "author": "Myz",
    "creators": [],
    "verifier": "Myz",
    "verification": "https://youtu.be/B0xcSY1CFxM",
    "showcase": "https://youtu.be/9-Ca-ymUIaE",
    "percentToQualify": 100,
    "records": [
        {
            "user": "iRaily",
            "link": "https://youtu.be/jcQPKj1EKRg",
            "percent": 100,
            "hz": 288
        },
        {
            "user": "Shel",
            "link": "https://youtu.be/c7rYP2-9SRg",
            "percent": 100,
            "hz": 144
        },
        {
            "user": "WauksGD",
            "link": "https://youtu.be/-cphlQEa3dk",
            "percent": 100,
            "hz": 144
        },
        {
            "user": "zuva",
            "link": "https://youtu.be/PjENEDVamLA",
            "percent": 100,
            "hz": 165
        },
        {
            "user": "attrixia",
            "link": "https://www.youtube.com/watch?v=JDn6OjA1Bgo",
            "percent": 100,
            "hz": 150
        },
        {
            "user": "Armani",
            "link": "https://www.youtube.com/watch?v=G5azao_sUtU",
            "percent": 100,
            "hz": 360
        },
        {
            "user": "Riptide",
            "link": "https://youtu.be/y_k4mJpnuac",
            "percent": 100,
            "hz": 120
        },
        {
            "user": "IDeltaPhantomI",
            "link": "https://www.youtube.com/watch?v=U98lcV92uf4",
            "percent": 100,
            "hz": 360
        },
        {
            "user": "Spaace",
            "link": "https://www.tiktok.com/@spaacegd/video/7117144238894189825",
            "percent": 100,
            "hz": 120
        },
        {
            "user": "ObvSilver",
            "link": "https://youtu.be/32c1Ai4bfbg",
            "percent": 100,
            "hz": 165
        },
        {
            "user": "J",
            "link": "https://youtu.be/CGPcBCeY50M",
            "percent": 100,
            "hz": 360
        },
        {
            "user": "Bombeiro Africano",
            "link": "https://youtu.be/b6OdU4pzA5M",
            "percent": 100,
            "hz": 240
        },
        {
            "user": "Spinach",
            "link": "https://www.youtube.com/watch?v=UpH3wZ1WR60",
            "percent": 100,
            "hz": 288
        },
        {
            "user": "Normus",
            "link": "https://youtu.be/YHfG61yEn8c",
            "percent": 100,
            "hz": 360
        },
        {
            "user": "Stacks",
            "link": "https://youtu.be/n9_RO-MUR3k",
            "percent": 100,
            "hz": 330
        },
        {
            "user": "[WD] Wiktor",
            "link": "https://youtu.be/9UYtKQQn7Hc",
            "percent": 100,
            "hz": 360
        },
        {
            "user": "Demons [GD]",
            "link": "https://youtu.be/omf-BdXTgiM",
            "percent": 100,
            "hz": 120
        },
        {
            "user": "unii",
            "link": "https://www.youtube.com/watch?v=4WZDRn6aPcg",
            "percent": 100,
            "hz": 240
        },
        {
            "user": "CtrlAltDel",
            "link": "https://youtu.be/w36klJAADFY",
            "percent": 100,
            "hz": 120
        },
        {
            "user": "SarcasticMuch",
            "link": "https://youtu.be/ptohnngJo1U",
            "percent": 100,
            "hz": 144
        },
        {
            "user": "jonah",
            "link": "https://youtu.be/wN3Embrj5k8",
            "percent": 100,
            "hz": 240
        },
        {
            "user": "spacebar_key",
            "link": "https://www.youtube.com/watch?v=1YpEppNWuL8&ab_channel=spacebar_key",
            "percent": 100,
            "hz": 360
        },
        {
            "user": "Nerphix",
            "link": "https://www.youtube.com/watch?v=Rgc6AlfJGT4",
            "percent": 100,
            "hz": 60
        },
        {
            "user": "boylighty",
            "link": "https://www.youtube.com/watch?v=wA_NpqrvJTY",
            "percent": 100,
            "hz": 240
        },
        {
            "user": "urban",
            "link": "https://youtu.be/Xo54YfnBP0Y",
            "percent": 100,
            "hz": 75
        },
        {
            "user": "KasiaUwU",
            "link": "https://www.youtube.com/watch?v=IW_6_4g-Izo",
            "percent": 100,
            "hz": 240
        },
        {
            "user": "pinochet",
            "link": "https://www.youtube.com/watch?v=s14m520kMiU",
            "percent": 100,
            "hz": 360
        },
        {
            "user": "nuuw",
            "link": "https://www.youtube.com/watch?v=OERXV-k0olI",
            "percent": 100,
            "hz": 240
        },
        {
            "user": "Guri",
            "link": "https://youtu.be/wqoMEOL0sII",
            "percent": 100,
            "hz": 240
        },
        {
            "user": "vegardo",
            "link": "https://youtu.be/BEgK_arp1u8",
            "percent": 100,
            "hz": 360
        }
            
    
    ]
}
