{
    "id": 84670628,
    "name": "Shitty Maybe Possibly Thing",
    "author": "Dofar",
    "creators": [
        "Sovola",
        "Dofar",
        "Chsp",
        "Prometheus",
        "Kiwi1938"
    ],
    "verifier": "Dofar",
    "verification": "https://youtu.be/L4iWB6BLxUU",
    "showcase": "https://youtu.be/BM_JvluMhhk",
    "percentToQualify": 100,
    "records": [
        {
            "user": "DeNora17",
            "link": "https://www.youtube.com/watch?v=mbOcPMnQ2pg",
            "percent": 100,
            "hz": 360
        },
        {
            "user": "Moisty",
            "link": "https://youtu.be/Uq1Z0yZUGhY",
            "percent": 100,
            "hz": 288
        },
        {
            "user": "homegrowntag",
            "link": "https://youtu.be/dAniGtaycNM",
            "percent": 100,
            "hz": 144
        },
        {
            "user": "Rixen Ace",
            "link": "https://youtube.com/watch?v=LdDa6-18ThU&feature=shares",
            "percent": 100,
            "hz": 165
        },
        {
            "user": "Fra4",
            "link": "https://youtu.be/4kMOdidYE0s",
            "percent": 100,
            "hz": 300
        },
        {
            "user": "LingherZ",
            "link": "https://www.youtube.com/watch?v=06SRxDzJcQw",
            "percent": 100,
            "hz": 360
        },
        {
            "user": "NiXaNTy",
            "link": "https://www.youtube.com/watch?v=z8BSaTkrPbI",
            "percent": 100,
            "hz": 300
        },
        {
            "user": "Demons [GD]",
            "link": "https://youtu.be/0D-TsuL1kxo",
            "percent": 100,
            "hz": 120
        },
        {
            "user": "kwir9n",
            "link": "https://youtu.be/h_mMI4faJVo",
            "percent": 100,
            "hz": 165
        },
        {
            "user": "Riptide",
            "link": "https://youtu.be/Aza65M4HA7M",
            "percent": 100,
            "hz": 120
        },
        {
            "user": "Kling1803",
            "link": "https://youtu.be/zbs8qdigPD0",
            "percent": 100,
            "hz": 360
        },
        {
            "user": "natertot07",
            "link": "https://www.youtube.com/watch?v=6muDmEvuDyg",
            "percent": 100,
            "hz": 360
        }
    ]
}
