{
    "id": 85527602,
    "name": "Shitty Molten Core",
    "author": "sarcasticmuch",
    "creators": [],
    "verifier": "qzkk",
    "verification": "https://youtu.be/LmLMBxe322A",
    "showcase": "https://youtu.be/kDyKcT1rbRI",
    "percentToQualify": 63,
    "records": [
        {
            "user": "Dandy Chiggins",
            "link": "https://www.youtube.com/watch?v=vlayncqHdq0",
            "percent": 100,
            "hz": 360
        },
        {
            "user": "woi",
            "link": "https://youtu.be/R3XlFxJ8kRg",
            "percent": 100,
            "hz": 360
        },
        {
            "user": "ZerniasX",
            "link": "https://youtu.be/JOyNVuBvz2E",
            "percent": 100,
            "hz": 360
        },
        {
            "user": "Dylinator",
            "link": "https://youtu.be/aXb4WFJVLeU?t=1352",
            "percent": 100,
            "hz": 360
        },
        {
            "user": "Neltumn",
            "link": "https://www.youtube.com/watch?v=zXbglnMyELU",
            "percent": 100,
            "hz": 360
        }
    ]
}
