{
    "id": 82815228,
    "name": "Shitty moment",
    "author": "Andrew14916",
    "creators": [],
    "verifier": "Andrew14916",
    "verification": "https://www.youtube.com/watch?v=m3fRRgD0F0Q",
    "showcase": "https://youtu.be/p_3j_iuSm88",
    "percentToQualify": 100,
    "records": [
        {
            "user": "Snakez363",
            "link": "https://www.youtube.com/watch?v=4Wkg6WkzrRU",
            "percent": 100,
            "hz": 144
        }
        ,{
            "user": "Riptide",
            "link": "https://youtu.be/VJz5QvXDfws",
            "percent": 100,
            "hz": 120
        },
        {
            "user": "Andrxw",
            "link": "https://www.youtube.com/watch?v=oFaNZ15UqB4",
            "percent": 100,
            "hz": 144
        },
        {
            "user": "GD Leaf",
            "link": "https://youtu.be/wXysK557D88",
            "percent": 100,
            "hz": 144
        },
        {
            "user": "Calaksta",
            "link": "https://www.youtube.com/watch?v=KR218J6V2Lo",
            "percent": 100,
            "hz": 165
        },
        {
            "user": "Dandy Chiggins",
            "link": "https://youtu.be/RoNLJZQSFoQ",
            "percent": 100,
            "hz": 360
        },
        {
            "user": "HaShiretta",
            "link": "https://youtu.be/gWTdc_Uwdg4",
            "percent": 100,
            "hz": 240
        },
        {
            "user": "ObvSilver",
            "link": "https://www.youtube.com/watch?v=32PJjZFIV1s",
            "percent": 100,
            "hz": 165
        },
        {
            "user": "KylashTheKiller",
            "link": "https://youtu.be/cXh_dwmV4sY",
            "percent": 100,
            "hz": 60
        },
        {
            "user": "AleczD",
            "link": "https://www.youtube.com/watch?v=cFKTnXGazzI",
            "percent": 100,
            "hz": 240
        },
        {
            "user": "DogeyBoi",
            "link": "https://www.youtube.com/watch?v=GOjmtEuM3eg",
            "percent": 100,
            "hz": 240
        },
        {
            "user": "AndUhHalf",
            "link": "https://medal.tv/games/geometry-dash/clips/EnZtvjxy2HnTj/d1337iCvyRX0?invite=cr-MSxNN3AsMjUyMDI1NDIs",
            "percent": 100,
            "hz": 288
        },
        {
            "user": "Tuoyu",
            "link": "https://www.youtube.com/watch?v=lLYexTHvq4w",
            "percent": 100,
            "hz": 360
        },
        {
            "user": "WilzX",
            "link": "https://www.youtube.com/watch?v=lh2hxd0CQpg",
            "percent": 100,
            "hz": 360
        },
        {
            "user": "Dylinator",
            "link": "https://www.youtube.com/watch?v=bTn3wsEuXoQ",
            "percent": 100,
            "hz": 360
        },
        {
            "user": "Drizzxy",
            "link": "https://www.youtube.com/watch?v=dTqbyg1cwpc",
            "percent": 100,
            "hz": 360
        },
        {
            "user": "natertot07",
            "link": "https://youtu.be/NPS4JmTwjGQ",
            "percent": 100,
            "hz": 288
        },
        {
            "user": "Willow",
            "link": "https://youtu.be/hUXKR5DTSys",
            "percent": 100,
            "hz": 240
        },
        {
            "user": "Samuuu18",
            "link": "https://youtu.be/qYdDxHX3t9Q",
            "percent": 100,
            "hz": 360
        },
        {
            "user": "ZerniasX",
            "link": "https://youtu.be/gA5CoPgGA4Y",
            "percent": 100,
            "hz": 360
        },
        {
            "user": "Cric2",
            "link": "https://www.youtube.com/watch?v=oxKNpXBYVaE",
            "percent": 100,
            "hz": 240
        },
        {
            "user": "Goulzz",
            "link": "https://www.youtube.com/watch?v=5CshXgnPxJ4",
            "percent": 100,
            "hz": 240
        },
        {
            "user": "LeyroGD",
            "link": "https://youtu.be/bmd-juDEVQ0",
            "percent": 100,
            "hz": 360
        },
        {
            "user": "Deltass",
            "link": "https://youtu.be/EKxZ9KZTVo8",
            "percent": 100,
            "hz": 240
        },
        {
            "user": "diversify",
            "link": "https://youtu.be/17QVHaJXQjo",
            "percent": 100,
            "hz": 360
        },
        {
            "user": "Acacia",
            "link": "https://youtu.be/8zCWn03xn58",
            "percent": 100,
            "hz": 360
        },
        {
            "user": "kingofkittens",
            "link": "https://youtu.be/jAGmihKLav4",
            "percent": 100,
            "hz": 165
        },
        {
            "user": "YinnYang",
            "link": "https://youtu.be/VZYlRCDmA3w",
            "percent": 100,
            "hz": 360
        },
        {
            "user": "LAMINGTON",
            "link": "https://www.youtube.com/watch?v=q2DIj0h-WSE",
            "percent": 100,
            "hz": 360
        },
        {
            "user": "MajesticGingy",
            "link": "https://medal.tv/games/geometry-dash/clips/122krKXwtuO3wM/d1337wJtKKF3?invite=cr-MSxuRGcsMjU5MjEyMTEs",
            "percent": 100,
            "hz": 240
        },
        {
            "user": "Vegardo",
            "link": "https://youtu.be/A6rHpCGccOc",
            "percent": 100,
            "hz": 360
        },
        {
            "user": "Stacks",
            "link": "https://youtu.be/xQ70ebRiCsk",
            "percent": 100,
            "hz": 165
        },
        {
            "user": "bnuuy",
            "link": "https://www.youtube.com/watch?v=9R6jTHras8o",
            "percent": 100,
            "hz": 360
        },
        {
            "user": "Drako",
            "link": "https://www.youtube.com/watch?v=fnEO4WiBMtY",
            "percent": 100,
            "hz": 360
        }
    ]
}
