{
    "id": 88919257,
    "name": "Shitty MUTINY",
    "author": "ZerniasX",
    "creators": [],
    "verifier": "ZerniasX",
    "verification": "https://www.youtube.com/watch?v=gTd7r3aHtRA",
    "showcase": "https://www.youtube.com/watch?v=V-51pHjW4-I",
    "percentToQualify": 58,
    "records": [
        {
            "user": "TFIBB",
            "link": "https://www.youtube.com/watch?v=c-OlPFxUgus",
            "percent": 100,
            "hz": 240
        },
        {
            "user": "this level is free",
            "link": "https://youtu.be/dWuuRMd_Gr4",
            "percent": 100,
            "hz": 240
        },
        {
            "user": "hot female sex",
            "link": "https://www.youtube.com/watch?v=mgIdqNAjvbw",
            "percent": 100,
            "hz": 240
        },
        {
            "user": "sydno",
            "link": "https://youtu.be/N4EiFJSRhlU",
            "percent": 100,
            "hz": 360
        },
        {
            "user": "LzKlauss",
            "link": "https://www.youtube.com/watch?v=cP5IFdFyDHk",
            "percent": 100,
            "hz": 360
        },
        {
            "user": "Dandy Chiggins",
            "link": "https://youtu.be/a64Z6mSHuEI",
            "percent": 100,
            "hz": 360
        },
        {
            "user": "IKuster",
            "link": "https://youtu.be/x_VQ4zX7iWY",
            "percent": 100,
            "hz": 288
        },
        {
            "user": "BarbequeSauce",
            "link": "https://youtu.be/8SLlCEwR2JA",
            "percent": 100,
            "hz": 360
        },
        {
            "user": "FullyDiverse",
            "link": "https://youtu.be/-mEC0BghxBs",
            "percent": 100,
            "hz": 321
        }
    ]
}
