{
    "id": 82497192,
    "name": "Shitty Natural Disaster",
    "author": "RaizingGD",
    "creators": ["Raizing"],
    "verifier": "Dandy Chiggins",
    "verification": "https://www.youtube.com/watch?v=KGg9X8Tk0mk",
    "showcase": "https://youtu.be/5-8qXLCv0O0",
    "percentToQualify": 57,
    "records": [
        {
            "user": "RaizingGD",
            "link": "https://www.youtube.com/watch?v=UNw-Uwhl74k&list=LL&index=13",
            "percent": 100,
            "hz": 360
        },
        {
            "user": "GD CrimsonKing22",
            "link": "https://www.youtube.com/watch?v=LANdrHZi5Ag",
            "percent": 100,
            "hz": 360
        },
        {
            "user": "bnuuy",
            "link": "https://youtu.be/-U7b3yWbsvU",
            "percent": 100,
            "hz": 360
        },
        {
            "user": "KylashTheKiller",
            "link": "https://youtu.be/vJFr00d24_8",
            "percent": 100,
            "hz": 60
        },
        {
            "user": "DogeyBoi",
            "link": "https://www.youtube.com/watch?v=3EImTTkRS5Q&t=8s",
            "percent": 100,
            "hz": 240
        },
        {
            "user": "deathbylag",
            "link": "https://www.youtube.com/watch?v=awyhr0-fQ18",
            "percent": 100,
            "hz": 288
        },
        {
            "user": "Goulzz",
            "link": "https://www.youtube.com/watch?v=oEvzgZA4Gto",
            "percent": 100,
            "hz": 330
        },
        {
            "user": "BarbequeSauce",
            "link": "https://youtu.be/SJiVbNhR0RU",
            "percent": 100,
            "hz": 360
        },
        {
            "user": "ZerniasX",
            "link": "https://youtu.be/ozWGMrvsvMg",
            "percent": 100,
            "hz": 360
        },
        {
            "user": "FullyDiverse",
            "link": "https://youtu.be/ckm_dEUAFa0",
            "percent": 100,
            "hz": 321
        },
        {
            "user": "Acacia",
            "link": "https://youtu.be/ZiUJm8W_ZOg",
            "percent": 100,
            "hz": 360
        },
        {
            "user": "Dylinator",
            "link": "https://youtu.be/aXb4WFJVLeU?t=1426",
            "percent": 100,
            "hz": 360
        },
        {
            "user": "LzKlauss",
            "link": "https://www.youtube.com/watch?v=y2KUFYVVAxA",
            "percent": 100,
            "hz": 360
        },
        {
            "user": "Vlad1kNc011",
            "link": "https://youtu.be/KqRpcTitaY0",
            "percent": 100,
            "hz": 144
        }
    ]
}
