{
    "id": 89035771,
    "name": "Shitty NEUTRA",
    "author": "Prometheus",
    "creators": ["/Swan"],
    "verifier": "Riptide",
    "verification": "https://youtu.be/kRj_p2IN4LQ",
    "showcase": "https://youtu.be/_R6mZHylfsI",
    "percentToQualify": 51,
    "records": [
        {
            "user": "GD CrimsonKing22",
            "link": "https://www.youtube.com/watch?v=Dh93yc5t_0k",
            "percent": 100,
            "hz": 360
        },
        {
            "user": "Dandy Chiggins",
            "link": "https://youtu.be/Xk3hmjKUrcY",
            "percent": 100,
            "hz": 360
        },
        {
            "user": "FullyDiverse",
            "link": "https://youtu.be/-Od8hjoGSGw",
            "percent": 100,
            "hz": 321
        },
        {
            "user": "Indy",
            "link": "https://youtu.be/5cYo5kDAdFk",
            "percent": 100,
            "hz": 144
        }
    ]
}
