{
    "id": 85680078,
    "name": "Shitty Oblivion",
    "author": "Sock",
    "creators": [
    "Deceit",
    "AugustVN",
    "Sulky",
    "Ryoui"
    ],
    "verifier": "skeeb",
    "verification": "https://www.youtube.com/watch?v=eDxH-gAGA30",
    "showcase": "https://youtu.be/FdGT2q79hbw",
    "percentToQualify": 59,
    "records": 
    [
        {
            "user": "KylashTheKiller",
            "link": "https://www.youtube.com/watch?v=a9mKG2Dsx7w",
            "percent": 100,
            "hz": 60
        },
        {
            "user": "Dandy Chiggins",
            "link": "https://youtu.be/b-h18bz1X4U",
            "percent": 100,
            "hz": 360
        },
        {
            "user": "argne",
            "link": "https://www.youtube.com/watch?v=fPVxlWzobyQ&ab_channel=argne",
            "percent": 100,
            "hz": 360
        },
        {
            "user": "GD CrimsonKing22",
            "link": "https://www.youtube.com/watch?v=JtvB-OAvLEg",
            "percent": 100,
            "hz": 360
        },
        {
            "user": "Decin0",
            "link": "https://www.youtube.com/watch?v=Cv06MqymMqk",
            "percent": 100,
            "hz": 360
        },
        {
            "user": "asmallsock",
            "link": "https://youtu.be/pcsqm9Qa77E",
            "percent": 71,
            "hz": 300
        },
        {
            "user": "Andrxw",
            "link": "https://www.youtube.com/watch?v=Gl-TI_X6-jg",
            "percent": 100,
            "hz": 144
        },
        {
            "user": "Spec",
            "link": "https://youtu.be/Tur3Ec0LhIs",
            "percent": 100,
            "hz": 360
        },
        {
            "user": "zepynr",
            "link": "https://www.youtube.com/watch?v=oyLF63U-Sus",
            "percent": 100,
            "hz": 360
        },
        {
            "user": "AleczD",
            "link": "https://www.youtube.com/watch?v=0H-cQwBqEvw",
            "percent": 100,
            "hz": 240
        },
        {
            "user": "Rixen Ace",
            "link": "https://youtu.be/92ZJ7-sxIb0",
            "percent": 100,
            "hz": 165
        },
        {
            "user": "GD Leaf",
            "link": "https://youtu.be/IsFzimX7WJ0",
            "percent": 100,
            "hz": 360
        },
        {
            "user": "Acacia",
            "link": "https://www.youtube.com/watch?v=069O8LPuMb4",
            "percent": 100,
            "hz": 360
        },
        {
            "user": "Dylinator",
            "link": "https://youtu.be/aXb4WFJVLeU?t=1510",
            "percent": 100,
            "hz": 360
        },
        {
            "user": "Creig",
            "link": "https://youtu.be/tJrtAaV98ZU",
            "percent": 100,
            "hz": 360
        },
        {
            "user": "skyy",
            "link": "https://www.youtube.com/watch?v=NydvTXoopR4&t=29s",
            "percent": 100,
            "hz": 300
        },
        {
            "user": "lucap123",
            "link": "https://www.youtube.com/watch?v=wXLbgqYfEAY",
            "percent": 100,
            "hz": 144
        },
        {
            "user": "LzKlauss",
            "link": "https://www.youtube.com/watch?v=eCGmIpWrCtU",
            "percent": 100,
            "hz": 360
        },
        {
            "user": "FullyDiverse",
            "link": "https://www.youtube.com/watch?v=1pGf_7WzoYE",
            "percent": 100,
            "hz": 321
        },
        {
            "user": "Dijinald Cactus",
            "link": "https://www.youtube.com/watch?v=tfLWPtUyBjM",
            "percent": 100,
            "hz": 120
        },
        {
            "user": "Vink",
            "link": "https://youtu.be/ZEdeOSPAYC4",
            "percent": 100,
            "hz": 240
        },
        {
            "user": "IKuster",
            "link": "https://youtu.be/qKbEo9dElkE",
            "percent": 100,
            "hz": 300
        },
        {
            "user": "Cryonix",
            "link": "https://www.youtube.com/watch?v=3iC_31H0ivw",
            "percent": 100,
            "hz": 360
        },
        {
            "user": "Holojen",
            "link": "https://youtu.be/LTuzTE7Df0A",
            "percent": 100,
            "hz": 360
        },
        {
            "user": "Drako",
            "link": "https://www.youtube.com/watch?v=JVYTwkEOUrs",
            "percent": 100,
            "hz": 360
        },
        {
            "user": "SakeZz",
            "link": "https://youtu.be/woJeCrm5LNk",
            "percent": 100,
            "hz": 360
        },
        {
            "user": "lonifer",
            "link": "https://www.youtube.com/watch?v=dMlCWVCZYYE",
            "percent": 100,
            "hz": 360
        }
        
        
            
    ]
}
