{
    "id": 79636008,
    "name": "Shitty SUPERHATEMEWORLD",
    "author": "vKaii",
    "creators": [],
    "verifier": "vKaii",
    "verification": "https://youtu.be/ISavfrDeGzA",
    "percentToQualify": 100,
    "records": [
        {
            "user": "Prometheus",
            "link": "https://youtu.be/cf78Bq2nkwY",
            "percent": 100,
            "hz": 144
        },
        {
            "user": "abx23",
            "link": "https://youtu.be/Ks_xjpR2pGc",
            "percent": 100,
            "hz": 360
        },
        {
            "user": "Freikz",
            "link": "https://youtu.be/hSdIGM1vJbA",
            "percent": 100,
            "hz": 360
        },
        {
            "user": "LzKlauss",
            "link": "https://youtu.be/RMzKSFH8s1Q",
            "percent": 100,
            "hz": 360
        },
        {
            "user": "biskit",
            "link": "https://youtu.be/paFXfsMN0xw",
            "percent": 100,
            "hz": 360
        },
        {
            "user": "NiXaNTy",
            "link": "https://www.youtube.com/watch?v=Wzqv5r4D2jQ",
            "percent": 100,
            "hz": 360
        },
        {
            "user": "Dueluxe",
            "link": "https://youtu.be/vBR48RwYz3U",
            "percent": 100,
            "hz": 144
        },
        {
            "user": "woi",
            "link": "https://www.youtube.com/watch?v=4p-6H3KXvwY",
            "percent": 100,
            "hz": 300
        },
        {
            "user": "ArsonFly25",
            "link": "https://youtu.be/GBMaHIUnHIU",
            "percent": 100,
            "hz": 360
        },
        {
            "user": "FullyDiverse",
            "link": "https://youtu.be/B7ZEpZCycWY",
            "percent": 100,
            "hz": 360
        },
        {
            "user": "MustafaAydin",
            "link": "https://youtu.be/E-8YueDF7SY",
            "percent": 100,
            "hz": 240
        },
        {
            "user": "Kar0l",
            "link": "https://www.youtube.com/watch?v=_QqUE-I1-v0",
            "percent": 100,
            "hz": 144
        },
        {
            "user": "guec",
            "link": "https://www.youtube.com/watch?v=D59FY8XoLqY",
            "percent": 100,
            "hz": 360
        },
        {
            "user": "SuperThiago1234",
            "link": "https://youtu.be/r_Eq84vIalE",
            "percent": 100,
            "hz": 360
        },
        {
            "user": "bnuuy",
            "link": "https://www.youtube.com/watch?v=htxjdGXJnH4",
            "percent": 100,
            "hz": 360
        },
        {
            "user": "mlgpizza_wer_sus_loh",
            "link": "https://youtu.be/VgWJBqoqpUo",
            "percent": 100,
            "hz": 360
        },
        {
            "user": "Stell06",
            "link": "https://youtu.be/3nocx8nUtDM",
            "percent": 100,
            "hz": 360
        },
        {
            "user": "Socks",
            "link": "https://youtu.be/HBdMQugwL3o",
            "percent": 100,
            "hz": 360
        },
        {
            "user": "garfu30",
            "link": "https://youtu.be/UNeWc1ifdZA",
            "percent": 100,
            "hz": 360
        },
        {
            "user": "sodaman",
            "link": "https://www.youtube.com/watch?v=2qDStLL-I7E",
            "percent": 100,
            "hz": 240
        },
        {
            "user": "jonah",
            "link": "https://youtu.be/AVf9nnaTqLY",
            "percent": 100,
            "hz": 360
        },
        {
            "user": "Nagi",
            "link": "https://www.youtube.com/watch?v=a0z9r7yXddU",
            "percent": 100,
            "hz": 360
        },
        {
            "user": "Dylinator",
            "link": "https://www.youtube.com/watch?v=bTn3wsEuXoQ",
            "percent": 100,
            "hz": 360
        },
        {
            "user": "JASM1818",
            "link": "https://youtu.be/aMz3muTiLD4",
            "percent": 100,
            "hz": 240
        },
        {
            "user": "zKacek",
            "link": "https://youtu.be/_qepvH0jAkc",
            "percent": 100,
            "hz": 240
        },
        {
            "user": "dario",
            "link": "https://www.youtube.com/watch?v=gaWpOLfYcPQ&t=1s",
            "percent": 100,
            "hz": 240
        },
        {
            "user": "arielus05",
            "link": "https://youtu.be/mu8GiYiVMdA",
            "percent": 100,
            "hz": 144
        },
        {
            "user": "homegrowntag",
            "link": "https://youtu.be/spMR9K_im7c",
            "percent": 100,
            "hz": 144
        },
        {
            "user": "HeitorCar",
            "link": "https://www.youtube.com/watch?v=e0eO2VAlV2Y",
            "percent": 100,
            "hz": 360
        }
    ]
}
