{
    "id": 70413981,
    "name": "Shitty Omega Interface",
    "author": "expata",
    "creators": [
        "expata",
        "Holojen"
    ],
    "verifier": "Holojen",
    "verification": "https://youtu.be/HAnX6pVQkVM",
    "showcase": "https://youtu.be/vaE1TaoEUaU",
    "percentToQualify": 63,
    "password": "147789",
    "records": [
        {
            "user": "Tai0",
            "link": "https://www.youtube.com/watch?v=rYqIFBiPaAI",
            "percent": 100,
            "hz": 144
        },
        {
            "user": "RealRear",
            "link": "https://www.youtube.com/watch?v=x2FKf8LYrQw",
            "percent": 100,
            "hz": 288
        },
        {
            "user": "nayf",
            "link": "https://youtu.be/4BOVbwKF6mQ",
            "percent": 100,
            "hz": 240
        },
        {
            "user": "Fh1r",
            "link": "https://www.youtube.com/watch?v=mKMFp6ALD-s",
            "percent": 100,
            "hz": 240
        },
        {
            "user": "Zan",
            "link": "https://www.youtube.com/watch?v=Z96T5I5y0ec",
            "percent": 100,
            "hz": 360
        },
        {
            "user": "Kobra456",
            "link": "https://www.youtube.com/watch?v=sbsD32-Vbpo",
            "percent": 100,
            "hz": 288
        },
        {
            "user": "attrixia",
            "link": "https://www.youtube.com/watch?v=GzsVYN2legI",
            "percent": 100,
            "hz": 150
        },
        {
            "user": "LinedriveGD",
            "link": "https://www.youtube.com/watch?v=NnH3DMdRQ_A",
            "percent": 100,
            "hz": 288
        },
        {
            "user": "Suno",
            "link": "https://www.youtube.com/watch?v=ozCBrP4Rg9M",
            "percent": 100,
            "hz": 288
        },
        {
            "user": "Lyrian",
            "link": "https://youtu.be/Wcy_U2qSzYk",
            "percent": 100,
            "hz": 165
        },
        {
            "user": "iRaily",
            "link": "https://youtu.be/QPiw99xWxo4",
            "percent": 100,
            "hz": 288
        },
        {
            "user": "HargChucu",
            "link": "https://youtu.be/DVPddI5aD6g",
            "percent": 100,
            "hz": 240
        },
        {
            "user": "h4tecr1me.",
            "link": "https://www.youtube.com/watch?v=dsNsldl45wI",
            "percent": 100,
            "hz": 144
        },
        {
            "user": "Aber",
            "link": "https://www.youtube.com/watch?v=W99e3GhYXwE&ab_channel=Aber",
            "percent": 100,
            "hz": 360
        },
        {
            "user": "IKuster",
            "link": "https://youtu.be/ZldOA51Wbl0",
            "percent": 100,
            "hz": 120
        },
        {
            "user": "Dominooos",
            "link": "https://youtu.be/0p5Vnwv6fNo",
            "percent": 100,
            "hz": 60
        },
        {
            "user": "gdXposed",
            "link": "https://youtu.be/XWyYN0wLqrA",
            "percent": 100,
            "hz": 300
        },
        {
            "user": "qb1",
            "link": "https://youtu.be/YBcy4pJEsMo",
            "percent": 100,
            "hz": 240
        },
        {
            "user": "Tontoboi",
            "link": "https://youtu.be/zJvWwrba1d4",
            "percent": 69,
            "hz": 240
        },
        {
            "user": "7ssumi",
            "link": "https://youtu.be/QaDxJr8FfdE",
            "percent": 100,
            "hz": 144
        },
        {
            "user": "Nolife",
            "link": "https://www.youtube.com/watch?v=UugQ8U0FbT4",
            "percent": 100,
            "hz": 240
        },
        {
            "user": "shovel",
            "link": "https://www.youtube.com/watch?v=_QkBovBNGR8",
            "percent": 100,
            "hz": 240
        },
        {
            "user": "Decin0",
            "link": "https://youtu.be/Gq2ZRM9RdVc?t=6",
            "percent": 100,
            "hz": 240
        },
        {
            "user": "blessed",
            "link": "https://youtu.be/8ITzBYlA3aA",
            "percent": 100,
            "hz": 60
        },
        {
            "user": "Blathers",
            "link": "https://youtu.be/Z3I2L9__eSk",
            "percent": 87,
            "hz": 144
        },
        {
            "user": "Jiwon77",
            "link": "https://m.youtube.com/watch?v=h05xZ-gcEHI&feature=youtu.be",
            "percent": 64,
            "hz": 360
        },
        {
            "user": "Alaniz004",
            "link": "https://youtu.be/TqgK_snZYn8",
            "percent": 100,
            "hz": 60
        },
        {
            "user": "Shel",
            "link": "https://youtu.be/C7opXCCmF60",
            "percent": 100,
            "hz": 144
        },
        {
            "user": "BliffY",
            "link": "https://youtu.be/UHZqQrLu0-o",
            "percent": 100,
            "hz": 60
        },
        {
            "user": "BlueTomcat",
            "link": "https://youtu.be/-r12u8oQ9nU",
            "percent": 100,
            "hz": 288
        },
        {
            "user": "Sushiboys",
            "link": "https://www.youtube.com/watch?v=00RmiPsrtIw",
            "percent": 100,
            "hz": 300
        },
        {
            "user": "Samuuu18",
            "link": "https://youtu.be/22XeA1OmH7k",
            "percent": 100,
            "hz": 180
        },
        {
            "user": "SupaX_",
            "link": "https://youtu.be/RpD8EPoLBzQ",
            "percent": 100,
            "hz": 240
        },
        {
            "user": "Luka",
            "link": "https://www.youtube.com/watch?v=nh_KhNMT78A",
            "percent": 100,
            "hz": 300
        },
        {
            "user": "Dandy Chiggins",
            "link": "https://www.youtube.com/watch?v=UhK3Gs_ZmdU",
            "percent": 100,
            "hz": 240
        },
        {
            "user": "monstergamer546",
            "link": "https://www.youtube.com/watch?v=XgBVh1PPSNQ",
            "percent": 74,
            "hz": 60,
            "mobile": true
        },
        {
            "user": "T333",
            "link": "https://www.youtube.com/watch?v=VRuQxl2TbdY",
            "percent": 100,
            "hz": 240
        },
        {
            "user": "romeo",
            "link": "https://www.youtube.com/watch?v=VRuQxl2TbdY",
            "percent": 100,
            "hz": 240
        },
        {
            "user": "GD CrimsonKing22",
            "link": "https://www.youtube.com/watch?v=l3-kwudOJuc&ab_channel=GDCrimsonKing22",
            "percent": 100,
            "hz": 288
        },
        {
            "user": "Santyr",
            "link": "https://youtu.be/XQSb7kztVeI",
            "percent": 100,
            "hz": 360
        },
        {
            "user": "LBoke",
            "link": "https://www.youtube.com/watch?v=MrvITbZ6Srw",
            "percent": 100,
            "hz": 240
        },
        {
            "user": "Delay",
            "link": "https://www.youtube.com/watch?v=f5-6VZNXrXs",
            "percent": 100,
            "hz": 144
        },
        {
            "user": "Solid",
            "link": "https://youtu.be/7Ndp245JHeg",
            "percent": 100,
            "hz": 240
        },
        {
            "user": "PatoQuack",
            "link": "https://youtu.be/MLDOMuIuMDI",
            "percent": 100,
            "hz": 357
        },
        {
            "user": "Korvak",
            "link": "https://youtu.be/Dd53IyeVJz4",
            "percent": 100,
            "hz": 240
        },
        {
            "user": "Freikz",
            "link": "https://youtu.be/z88qfxbpLfk",
            "percent": 100,
            "hz": 360
        },
        {
            "user": "GammaV",
            "link": "https://www.youtube.com/watch?v=5hi_6BMs0aM&ab_channel=Yarmush",
            "percent": 100,
            "hz": 360
        },
        {
            "user": "ZawyGD",
            "link": "https://www.youtube.com/watch?v=3mwf-z49fQQ&ab_channel=ZawyGD",
            "percent": 100,
            "hz": 144
        },
        {
            "user": "WilltheRen",
            "link": "https://youtu.be/tXA_y9druSU",
            "percent": 100,
            "hz": 280
        },
        {
            "user": "MfoGaming1219",
            "link": "https://youtu.be/C-AkZt4CwRU",
            "percent": 100,
            "hz": 165
        },
        {
            "user": "RealEB2610",
            "link": "https://www.youtube.com/watch?v=dqRaaOjnR30",
            "percent": 100,
            "hz": 280
        },
        {
            "user": "BrightBird",
            "link": "https://www.youtube.com/watch?v=l1354I2zV0g",
            "percent": 100,
            "hz": 288
        },
        {
            "user": "KylashTheKiller",
            "link": "https://youtu.be/Qjym-w88a18",
            "percent": 100,
            "hz": 60
        },
        {
            "user": "driftracers",
            "link": "https://www.youtube.com/watch?v=qEozyYTpEU8",
            "percent": 100,
            "hz": 60
        },
        {
            "user": "zigor137",
            "link": "https://www.youtube.com/watch?v=znJzvi3nNf0",
            "percent": 100,
            "hz": 165
        },
        {
            "user": "ZerniasX",
            "link": "https://youtu.be/Zfrc7wOkLeQ",
            "percent": 100,
            "hz": 360
        },
        {
            "user": "Kenos Song",
            "link": "https://youtu.be/GYjhuNvIZGY",
            "percent": 100,
            "hz": 360
        },
        {
            "user": "Kowal",
            "link": "https://www.youtube.com/watch?v=I1ESH9EuzaU",
            "percent": 100,
            "hz": 60
        },
        {
            "user": "ObvSilver",
            "link": "https://youtu.be/xUW8gkVhtjQ",
            "percent": 100,
            "hz": 165
        },
        {
            "user": "Gamez",
            "link": "https://www.youtube.com/watch?v=SvFfhGuDUvo",
            "percent": 100,
            "hz": 240
        },
        {
            "user": "Oblivion7",
            "link": "https://youtu.be/1E6aISWp-l8",
            "percent": 100,
            "hz": 120
        },
        {
            "user": "Davine_007",
            "link": "https://youtu.be/Xcvrwy4gKNQ",
            "percent": 100,
            "hz": 144
        },
        {
            "user": "Keruo",
            "link": "https://youtu.be/rvHzkwRIrXM",
            "percent": 100,
            "hz": 144
        },
        {
            "user": "Riptide",
            "link": "https://youtu.be/vIN3w_d-RKg",
            "percent": 100,
            "hz": 120
        },
        {
            "user": "kri1s5",
            "link": "https://www.youtube.com/watch?v=Y--lmuSeTew",
            "percent": 100,
            "hz": 60
        },
        {
            "user": "\u041a\u0438\u0440\u044f",
            "link": "https://youtu.be/-MN2uiRjT-w",
            "percent": 100,
            "hz": 144
        },
        {
            "user": "Comotur21",
            "link": "https://www.youtube.com/watch?v=SC9ORjSfkZk",
            "percent": 100,
            "hz": 240
        },
        {
            "user": "biskit",
            "link": "https://youtu.be/lFlH8SClURA?t=227",
            "percent": 100,
            "hz": 360
        },
        {
            "user": "CaoticGD",
            "link": "https://youtu.be/sU82JGS28Rc",
            "percent": 100,
            "hz": 360
        },
        {
            "user": "CookieGMD",
            "link": "https://www.youtube.com/watch?v=xh_E_KftH2o",
            "percent": 100,
            "hz": 240
        },
        {
            "user": "Arctic",
            "link": "https://youtu.be/e-NtYm5mSpI",
            "percent": 100,
            "hz": 360
        },
        {
            "user": "SpLinter",
            "link": "https://www.youtube.com/watch?v=4Rl1xX85jDg&ab_channel=SpLinter",
            "percent": 100,
            "hz": 300
        },
        {
            "user": "bnuuy",
            "link": "https://www.youtube.com/watch?v=-mzZ0p_-h4kr",
            "percent": 100,
            "hz": 360
        },
        {
            "user": "skeeb",
            "link": "https://www.youtube.com/watch?v=5TZtSesFv54",
            "percent": 100,
            "hz": 288
        },
        {
            "user": "craisin",
            "link": "https://www.youtube.com/watch?v=uHzoAv6hRkU&t=1s",
            "percent": 100,
            "hz": 360
        },
        {
            "user": "SemiRed",
            "link": "https://youtu.be/rHAK852Crg4",
            "percent": 100,
            "hz": 144
        },
        {
            "user": "valpux",
            "link": "https://youtu.be/ltzODs1NBhE",
            "percent": 100,
            "hz": 144
        },
        {
            "user": "DashTH",
            "link": "https://www.youtube.com/watch?v=GyeFbn2K-x4",
            "percent": 100,
            "hz": 144
        },
        {
            "user": "woi",
            "link": "https://youtu.be/7MCN3h2N4N4",
            "percent": 100,
            "hz": 360
        },
        {
            "user": "Normus",
            "link": "https://youtu.be/NR_WYcxWhKU",
            "percent": 100,
            "hz": 360
        },
        {
            "user": "CyberGeek",
            "link": "https://www.youtube.com/watch?v=qCaMa2hu-LQ",
            "percent": 100,
            "hz": 360
        },
        {
            "user": "DaddyCat",
            "link": "https://youtu.be/3LRmPdm0r5I",
            "percent": 100,
            "hz": 240
        },
        {
            "user": "Dylinator",
            "link": "https://youtu.be/aXb4WFJVLeU?t=1598",
            "percent": 100,
            "hz": 360
        },
        {
            "user": "hkb__",
            "link": "https://youtu.be/pDcQdU05K14",
            "percent": 66,
            "hz": 288
        },
        {
            "user": "FullyDiverse",
            "link": "https://youtu.be/e5-35I9xfHg",
            "percent": 100,
            "hz": 321
        }
            
            
    ]
}
