{
    "id": 79516866,
    "name": "Shitty Ouroboros",
    "author": "TravelChimp",
    "creators": [
        "TravelChimp",
        "AugustVN",
        "BlueTomcat",
        "AcropolisBoy",
        "Pandaa",
        "Ryoui",
        "NoCtrl",
        "Whitar",
        "Grixi",
        "Chaotrix",
        "Chspchips"
    ],
    "verifier": "Grixi",
    "verification": "https://www.youtube.com/watch?v=Mbm5XsQnpvs",
    "showcase": "https://youtu.be/GM8XJAlJXcc",
    "percentToQualify": 69,
    "password": "001865",
    "records": [
        {
            "user": "KylashTheKiller",
            "link": "https://youtu.be/JA3YkWLWv3U",
            "percent": 100,
            "hz": 60
        },
        {
            "user": "Hulunn",
            "link": "https://www.youtube.com/watch?v=yh-O9aoKwbQ",
            "percent": 100,
            "hz": 288
        },
        {
            "user": "Shel",
            "link": "https://youtu.be/vg00xQUFCQE",
            "percent": 100,
            "hz": 144
        },
        {
            "user": "Riptide",
            "link": "https://youtu.be/afwuX3rNIf0",
            "percent": 100,
            "hz": 120
        },
        {
            "user": "Shemenzy",
            "link": "https://www.youtube.com/watch?v=0Yhe3ucTySo&t=18s",
            "percent": 100,
            "hz": 300
        },
        {
            "user": "StarXV",
            "link": "https://youtu.be/UwnPObWXlHI",
            "percent": 100,
            "hz": 240
        },
        {
            "user": "kri1s5",
            "link": "https://youtu.be/oXGSsYqbM4Y",
            "percent": 100,
            "hz": 60
        },
        {
            "user": "Samuuu18",
            "link": "https://youtu.be/JBgq6B9-Ys8",
            "percent": 100,
            "hz": 360
        },
        {
            "user": "T333",
            "link": "https://www.youtube.com/watch?v=qtdGQ6Uvemg&lc=UgzjcOL7qfjzUrwoSRd4AaABAg",
            "percent": 100,
            "hz": 240
        },
        {
            "user": "JumbleJee",
            "link": "https://www.youtube.com/watch?v=GlWKn5Q2GcE",
            "percent": 100,
            "hz": 360
        },
        {
            "user": "Klöstflow",
            "link": "https://youtu.be/0fyqFKJwtVY",
            "percent": 100,
            "hz": 120
        },
        {
            "user": "BrightBird",
            "link": "https://youtu.be/3CgFlkDQOZ8",
            "percent": 100,
            "hz": 288
        },
        {
            "user": "Hubertos",
            "link": "https://youtu.be/Tl-pXanLggc",
            "percent": 100,
            "hz": 288
        }
    ]
}
