{
    "id": 80789926,
    "name": "Shitty p00p",
    "author": "AcropolisBoy",
    "creators": [],
    "verifier": "Magmeta",
    "verification": "https://www.youtube.com/watch?v=YLwwuSt3EwE",
    "showcase": "https://youtu.be/2pjalH1_xDA",
    "percentToQualify": 59,
    "records": [
        {
            "user": "GDMeric",
            "link": "https://youtu.be/Tl8dGQBqTPg",
            "percent": 100,
            "hz": 360
        },
        {
            "user": "Shel",
            "link": "https://youtu.be/DAcZ_dxQ7Qo",
            "percent": 100,
            "hz": 144
        },
        {
            "user": "BrightBird",
            "link": "https://youtu.be/qblI7XfnljA",
            "percent": 100,
            "hz": 288
        },
        {
            "user": "Dandy Chiggins",
            "link": "https://youtu.be/GO4tyDiSSsE",
            "percent": 100,
            "hz": 360
        },
        {
            "user": "KylashTheKiller",
            "link": "https://youtu.be/C1iXyiEAd5I",
            "percent": 100,
            "hz": 60
        },
        {
            "user": "ItzVmark",
            "link": "https://www.youtube.com/watch?v=NDkQJwYhl4M",
            "percent": 100,
            "hz": 120
        }
    ]
}
