{
    "id": 85507786,
    "name": "Shitty Pagoda",
    "author": "iRaily",
    "creators": [],
    "verifier": "iRaily",
    "verification": "https://youtu.be/OhrdEToo7b0",
    "showcase": "https://youtu.be/bj3cag5UGqw",
    "percentToQualify": 61,
    "records": [
        {
            "user": "Dandy Chiggins",
            "link": "https://youtu.be/qedItTLdl38",
            "percent": 100,
            "hz": 360
        },
        {
            "user": "KylashTheKiller",
            "link": "https://youtu.be/yh6R-nWs4dE",
            "percent": 100,
            "hz": 60
        }  
    ]
}
