{
    "id": 156,
    "name": "Pau Palace",
    "author": "Brapstu",
    "creators": [],
    "verifier": "EvilEmperium",
    "verification": "https://www.youtube.com/watch?v=WPqQTo7kggs",
    "percentToQualify": 65,
    "records": [
        {
            "user": "Raezori",
            "link": "a",
            "percent": 100,
            "hz": 288
        },
        {
            "user": "ZorpikGMD",
            "link": "a",
            "percent": 100,
            "hz": 144
        }
    ]
}
