{
    "id": 63414175,
    "name": "Shitty Plasma Pulse III",
    "author": "wshedd",
    "creators": [],
    "verifier": "wshedd",
    "verification": "https://www.youtube.com/watch?v=vBrpFzMhAtw",
    "percentToQualify": 100,
    "records": [
        {
            "user": "Matter",
            "link": "https://youtu.be/d5PjI9Ic9_U?t=181",
            "percent": 100,
            "hz": 144
        },
        {
            "user": "Conical",
            "link": "https://youtu.be/EvRtZK46aAM",
            "percent": 100,
            "hz": 144
        },
        {
            "user": "GD Catalyst",
            "link": "https://www.youtube.com/watch?v=j5tRrjmDzCE&feature=youtu.be",
            "percent": 100,
            "hz": 144
        },
        {
            "user": "idiotdash",
            "link": "https://youtu.be/NI4O28nKRlk",
            "percent": 100,
            "hz": 60
        },
        {
            "user": "Kobra456",
            "link": "https://www.youtube.com/watch?v=DOzl_a3CWw4",
            "percent": 100,
            "hz": 144
        },
        {
            "user": "Titan Complex",
            "link": "https://youtu.be/qUaCvhAEs_M",
            "percent": 100,
            "hz": 120
        },
        {
            "user": "Ben The Cool",
            "link": "https://youtu.be/uoLUUdaSUFc",
            "percent": 100,
            "hz": 60,
            "mobile": true
        },
        {
            "user": "Lawnmower",
            "link": "https://youtu.be/M8uyBZQ0KuE",
            "percent": 100,
            "hz": 288
        },
        {
            "user": "Customize45",
            "link": "https://youtu.be/Ud07V9dIk1A",
            "percent": 100,
            "hz": 60
        },
        {
            "user": "Bluestone",
            "link": "https://www.youtube.com/watch?v=mO63Iqgaa5k",
            "percent": 100,
            "hz": 240
        },
        {
            "user": "iRaserG",
            "link": "https://youtu.be/0hFZdvc2k1E",
            "percent": 100,
            "hz": 120
        },
        {
            "user": "CyboFly",
            "link": "https://youtu.be/crqTwQJe0oM?list=PLsLouU5QZz0jtUQKmteWfaQq8cqIOsFNQ",
            "percent": 100,
            "hz": 165
        },
        {
            "user": "GDMeric",
            "link": "https://youtu.be/08rVJpZtbhk",
            "percent": 100,
            "hz": 288
        },
        {
            "user": "Aber",
            "link": "https://www.youtube.com/watch?v=iGSNoP7Hajk&ab_channel=Aber",
            "percent": 100,
            "hz": 144
        },
        {
            "user": "Funkirbo",
            "link": "https://youtu.be/LEIO3lT1Re0",
            "percent": 100,
            "hz": 60
        },
        {
            "user": "Pulsar",
            "link": "https://www.youtube.com/watch?v=CxX1OZyMH0A&feature=youtu.be",
            "percent": 100,
            "hz": 144
        },
        {
            "user": "GabeLucario",
            "link": "https://www.youtube.com/watch?v=KXYKrnUVsYM",
            "percent": 100,
            "hz": 240
        },
        {
            "user": "Bacon",
            "link": "https://www.youtube.com/watch?v=eA_kKfRDHEM",
            "percent": 100,
            "hz": 288
        },
        {
            "user": "Emma_GD",
            "link": "https://www.youtube.com/watch?v=M_2Yi1w6dXM",
            "percent": 100,
            "hz": 75
        },
        {
            "user": "smartboyy28",
            "link": "https://www.youtube.com/watch?v=llrSXBOzFe8",
            "percent": 100,
            "hz": 300
        },
        {
            "user": "ZerniasX",
            "link": "https://youtu.be/ebFipIehBt8",
            "percent": 100,
            "hz": 144
        },
        {
            "user": "Brinnn",
            "link": "https://youtu.be/2-SUCsFohiM",
            "percent": 100,
            "hz": 120
        },
        {
            "user": "Matthlew",
            "link": "https://youtu.be/q0wG37zz7xQ",
            "percent": 100,
            "hz": 144
        },
        {
            "user": "Dustik",
            "link": "https://www.youtube.com/watch?v=ZdHCtpgr-k0&ab_channel=Dustik",
            "percent": 100,
            "hz": 144
        },
        {
            "user": "Peachy",
            "link": "https://youtu.be/3am6RonM2VY",
            "percent": 100,
            "hz": 144
        },
        {
            "user": "LLunaa",
            "link": "https://youtu.be/99MHudDcgBQ",
            "percent": 100,
            "hz": 240
        },
        {
            "user": "Sydney",
            "link": "https://www.youtube.com/watch?v=QFVjoD38b5o&t=100",
            "percent": 100,
            "hz": 288
        },
        {
            "user": "ImScoping",
            "link": "https://youtu.be/pDXxXY7Qhb8",
            "percent": 100,
            "hz": 288
        },
        {
            "user": "IDeltaPhantomI",
            "link": "https://youtu.be/2MFTuzn-qGU",
            "percent": 100,
            "hz": 240
        },
        {
            "user": "DMK",
            "link": "https://youtu.be/5GcIGnGMY8k",
            "percent": 100,
            "hz": 144
        },
        {
            "user": "YT kerfuffles",
            "link": "https://youtu.be/EaZStZ1_xug",
            "percent": 100,
            "hz": 288
        },
        {
            "user": "Yuned",
            "link": "https://www.youtube.com/watch?v=77Otw1r-rOI&feature=youtu.be",
            "percent": 100,
            "hz": 144
        },
        {
            "user": "Didjimon",
            "link": "https://www.youtube.com/watch?v=UeKU8KOK7tw",
            "percent": 100,
            "hz": 144
        },
        {
            "user": "CytoV",
            "link": "https://youtu.be/HoE6JoOwOF0",
            "percent": 100,
            "hz": 240
        },
        {
            "user": "SupaX_",
            "link": "https://youtu.be/ELgHdBmSCrk",
            "percent": 100,
            "hz": 240
        },
        {
            "user": "AlexViral978",
            "link": "https://www.youtube.com/watch?v=fzrm7O3sNus",
            "percent": 100,
            "hz": 144
        },
        {
            "user": "KirbyLuve",
            "link": "https://www.youtube.com/watch?v=AnGZ151MopY",
            "percent": 100,
            "hz": 144
        },
        {
            "user": "Podingo",
            "link": "https://youtu.be/mGUl35GnkIA",
            "percent": 100,
            "hz": 75
        },
        {
            "user": "GoesAlot",
            "link": "https://www.youtube.com/watch?v=m3ErkFWMzpg",
            "percent": 100,
            "hz": 144
        },
        {
            "user": "Proawyr",
            "link": "https://www.youtube.com/watch?v=6EStD7lQHUk",
            "percent": 100,
            "hz": 144
        },
        {
            "user": "iLukeGD",
            "link": "https://youtu.be/-WadHVYndjk",
            "percent": 100,
            "hz": 60
        },
        {
            "user": "attrixia",
            "link": "https://www.youtube.com/watch?v=vOHUZsFMRx0",
            "percent": 100,
            "hz": 144
        },
        {
            "user": "DeCross",
            "link": "https://www.youtube.com/watch?v=L2XTAgMOEiM",
            "percent": 100,
            "hz": 144
        },
        {
            "user": "RafaUwU",
            "link": "https://youtu.be/HhoeYm_DFlI",
            "percent": 100,
            "hz": 120
        },
        {
            "user": "SrGuillester",
            "link": "https://www.youtube.com/watch?v=fHqhy9bO00o",
            "percent": 100,
            "hz": 144
        },
        {
            "user": "CyraxxGZ",
            "link": "https://youtu.be/mMacRaChnLs",
            "percent": 100,
            "hz": 75
        },
        {
            "user": "ThirtyTwelve",
            "link": "https://youtu.be/EU_sf44eWKc",
            "percent": 100,
            "hz": 240
        },
        {
            "user": "NKSWEETDREAM",
            "link": "https://youtu.be/h2fWiMa_HQ4",
            "percent": 100,
            "hz": 144
        },
        {
            "user": "Zygimantux",
            "link": "https://www.youtube.com/watch?v=0ELCn1_RHpY",
            "percent": 100,
            "hz": 144
        },
        {
            "user": "iRaily",
            "link": "https://youtu.be/mqZ2nz5Ja3s",
            "percent": 100,
            "hz": 288
        },
        {
            "user": "Bayley",
            "link": "https://www.youtube.com/watch?v=15rYwZZPGUQ",
            "percent": 100,
            "hz": 240
        },
        {
            "user": "Sleeyzy",
            "link": "https://youtu.be/f6RwCvzLaZk",
            "percent": 100,
            "hz": 144
        },
        {
            "user": "Oisk",
            "link": "https://www.youtube.com/watch?v=mjp5zZ8Xa0Q",
            "percent": 100,
            "hz": 240
        },
        {
            "user": "danialves555",
            "link": "https://youtu.be/HcizFuQNO5U",
            "percent": 100,
            "hz": 240
        },
        {
            "user": "Realiosteelio",
            "link": "https://youtu.be/WFLmBg1LLhk",
            "percent": 100,
            "hz": 360
        },
        {
            "user": "RubisNoob",
            "link": "https://youtu.be/BDyFS4BzQZs",
            "percent": 100,
            "hz": 60
        },
        {
            "user": "LSeolha",
            "link": "https://youtu.be/j-zfzzE_UlI",
            "percent": 100,
            "hz": 60,
            "mobile": true
        },
        {
            "user": "volokno",
            "link": "https://www.youtube.com/watch?v=woip7gBIbBA",
            "percent": 100,
            "hz": 144
        },
        {
            "user": "Vermillion",
            "link": "https://www.youtube.com/watch?v=POD7uG4BUMI",
            "percent": 100,
            "hz": 144
        },
        {
            "user": "Blotkill24",
            "link": "https://www.youtube.com/watch?v=XzNZZ5eyrC8",
            "percent": 100,
            "hz": 75
        },
        {
            "user": "AzielGD",
            "link": "https://youtu.be/q8hdLSEF9Ms",
            "percent": 100,
            "hz": 60,
            "mobile": true
        },
        {
            "user": "Kanekigh",
            "link": "https://www.youtube.com/watch?v=W4jF3-iu2tA",
            "percent": 100,
            "hz": 60
        },
        {
            "user": "JustCrust",
            "link": "https://www.youtube.com/watch?v=nTgd6aiLbag",
            "percent": 100,
            "hz": 60
        },
        {
            "user": "Rialyy",
            "link": "https://www.youtube.com/watch?v=7nyGJkbjV80",
            "percent": 100,
            "hz": 225
        },
        {
            "user": "Element",
            "link": "www.youtube.com/watch?v=LBP3DqreKBA",
            "percent": 100,
            "hz": 240
        },
        {
            "user": "Raged",
            "link": "https://www.youtube.com/watch?v=8NcqZjyn-Fg",
            "percent": 100,
            "hz": 60
        },
        {
            "user": "Davine_007",
            "link": "https://www.youtube.com/watch?v=bx1gcHpXlIc",
            "percent": 100,
            "hz": 144
        },
        {
            "user": "Nolife",
            "link": "https://www.youtube.com/watch?v=7xLtFqVjqO8",
            "percent": 100,
            "hz": 240
        },
        {
            "user": "Prometheus",
            "link": "https://youtu.be/NoYK6fPtsuA",
            "percent": 100,
            "hz": 144
        },
        {
            "user": "Fh1r",
            "link": "https://www.youtube.com/watch?v=UHSPt4qJg28",
            "percent": 100,
            "hz": 240
        },
        {
            "user": "Lumina",
            "link": "https://www.youtube.com/watch?v=chtQL7r9YMQ",
            "percent": 100,
            "hz": 144
        },
        {
            "user": "uR1",
            "link": "https://youtu.be/h8vsb94awr8",
            "percent": 100,
            "hz": 240
        },
        {
            "user": "Dafty",
            "link": "https://www.youtube.com/watch?v=NugFAAITQ4Y",
            "percent": 100,
            "hz": 360
        },
        {
            "user": "Mathyn GD",
            "link": "https://youtu.be/vjeOZsU1Wz4",
            "percent": 100,
            "hz": 300
        },
        {
            "user": "kri1s5",
            "link": "https://youtu.be/v7qDBKbcFsc",
            "percent": 100,
            "hz": 60
        },
        {
            "user": "xFutureKillz",
            "link": "https://www.youtube.com/watch?v=6v9b8uCOO4A",
            "percent": 100,
            "hz": 144
        },
        {
            "user": "FallWater",
            "link": "https://www.youtube.com/watch?v=prluqdBskKA",
            "percent": 100,
            "hz": 240
        },
        {
            "user": "obsi",
            "link": "https://youtu.be/LJPHoX60Xc8",
            "percent": 100,
            "hz": 120
        },
        {
            "user": "whit",
            "link": "https://www.youtube.com/watch?v=bqlAuKTpQ7U",
            "percent": 100,
            "hz": 144
        },
        {
            "user": "IntriZ",
            "link": "https://youtu.be/SPC15qE5bMc",
            "percent": 100,
            "hz": 60
        },
        {
            "user": "NateFH",
            "link": "https://www.youtube.com/watch?v=QI0H52iQAQ4",
            "percent": 100,
            "hz": 60
        },
        {
            "user": "ALIK_032",
            "link": "https://youtu.be/CzAVIIXsCUA",
            "percent": 100,
            "hz": 144
        },
        {
            "user": "Riptide",
            "link": "https://www.youtube.com/watch?v=vvG2ku-V2G8",
            "percent": 100,
            "hz": 60
        },
        {
            "user": "Delay",
            "link": "https://www.youtube.com/watch?v=bv0YAYMVkq8",
            "percent": 100,
            "hz": 144
        },
        {
            "user": "MustafaAydin",
            "link": "https://youtu.be/tDJnTx4iLv0",
            "percent": 100,
            "hz": 120
        },
        {
            "user": "Dougieman",
            "link": "https://youtu.be/kyBhzeoQzDg",
            "percent": 100,
            "hz": 120,
            "mobile": true
        },
        {
            "user": "CuttNSee",
            "link": "https://www.youtube.com/watch?v=QbqaTDhMVJk",
            "percent": 100,
            "hz": 240
        },
        {
            "user": "T333",
            "link": "https://www.youtube.com/watch?v=vv_oh5oOTVc",
            "percent": 100,
            "hz": 240
        },
        {
            "user": "H3lpFul",
            "link": "https://www.youtube.com/watch?v=uhs67ljSIf8",
            "percent": 100,
            "hz": 288
        },
        {
            "user": "CHANGMUN",
            "link": "https://youtu.be/byz_uU7TWGc",
            "percent": 100,
            "hz": 360
        },
        {
            "user": "LinedriveGD",
            "link": "https://www.youtube.com/watch?v=LQzvSdqFXkA",
            "percent": 100,
            "hz": 300
        },
        {
            "user": "Shiz",
            "link": "https://www.youtube.com/watch?v=Dqud-z172hg",
            "percent": 100,
            "hz": 360
        },
        {
            "user": "WilzX",
            "link": "https://www.youtube.com/watch?v=cQQJsyd7upw",
            "percent": 100,
            "hz": 200
        },
        {
            "user": "1hhx9",
            "link": "https://www.youtube.com/watch?v=zqaJ1_lts-w",
            "percent": 100,
            "hz": 240
        },
        {
            "user": "David84",
            "link": "https://www.youtube.com/watch?v=3jbH_x3GvZo",
            "percent": 100,
            "hz": 120
        },
        {
            "user": "ITSL3OMC",
            "link": "https://youtu.be/D934YSiNFdw",
            "percent": 100,
            "hz": 60
        },
        {
            "user": "NigraGMD",
            "link": "https://www.youtube.com/watch?v=drYXbteKjeo",
            "percent": 100,
            "hz": 144
        },
        {
            "user": "Papote Malote",
            "link": "https://www.youtube.com/watch?v=mjU7bbypKvs",
            "percent": 100,
            "hz": 240
        },
        {
            "user": "WellNot",
            "link": "https://youtu.be/jMP7mzfHEVM",
            "percent": 100,
            "hz": 60
        },
        {
            "user": "ShyGamesGD",
            "link": "https://www.youtube.com/watch?v=ZF_A_LScMcE",
            "percent": 100,
            "hz": 240
        },
        {
            "user": "Juanjoim2007",
            "link": "https://youtu.be/0yKeIk-gOvU",
            "percent": 100,
            "hz": 144
        },
        {
            "user": "JimmyVT",
            "link": "https://youtu.be/GkQ_8ci0nWQ",
            "percent": 100,
            "hz": 60
        },
        {
            "user": "Alvarito :)",
            "link": "https://www.youtube.com/watch?v=sX9HGpgbBu8&t=8s",
            "percent": 100,
            "hz": 165
        },
        {
            "user": "Tenu",
            "link": "https://youtu.be/QyRyJEMlc1Y",
            "percent": 100,
            "hz": 60
        },
        {
            "user": "geekchannel1",
            "link": "https://youtu.be/5NGq7tlvTcU",
            "percent": 100,
            "hz": 144
        },
        {
            "user": "Kacek",
            "link": "https://youtu.be/bgRdAh8u4ec",
            "percent": 100,
            "hz": 144
        },
        {
            "user": "KasiaUwU",
            "link": "https://youtu.be/gm1XjOFl0co",
            "percent": 100,
            "hz": 180
        },
        {
            "user": "ItzZookie",
            "link": "https://youtu.be/kQ2-pPjyOlY",
            "percent": 100,
            "hz": 360
        },
        {
            "user": "Chronic",
            "link": "https://www.youtube.com/watch?v=8d7208Ye6oQ",
            "percent": 100,
            "hz": 144
        },
        {
            "user": "RoboticMod",
            "link": "https://youtu.be/DdXZyBCXF14",
            "percent": 100,
            "hz": 300
        }
    ]
}