{
    "id": 78470229,
    "name": "Shitty Prismatic Haze",
    "author": "Davine_007",
    "creators": [
        "zPhysixX"
    ],
    "verifier": "Davine_007",
    "verification": "https://youtu.be/QUdN2asWQeo",
    "showcase": "https://youtu.be/Hre1bqwLQOk",
    "percentToQualify": 100,
    "records": [
        {
            "user": "ZerniasX",
            "link": "https://youtu.be/9iir2ZiyDMo",
            "percent": 100,
            "hz": 360
        },
        {
            "user": "Chr8ts",
            "link": "https://youtu.be/7TudQaXUqJM",
            "percent": 100,
            "hz": 240
        },
        {
            "user": "Emonadeo",
            "link": "https://www.youtube.com/watch?v=H6oI7ielyzA",
            "percent": 100,
            "hz": 240
        },
        {
            "user": "Riptide",
            "link": "https://youtu.be/f5UJKyLu23Q",
            "percent": 100,
            "hz": 120
        },
        {
            "user": "Decin0",
            "link": "https://youtu.be/eaN7cx1rBKU",
            "percent": 100,
            "hz": 288
        },
        {
            "user": "Korvak",
            "link": "https://www.youtube.com/watch?v=aMPid8HIECw",
            "percent": 100,
            "hz": 288
        },
        {
            "user": "T333",
            "link": "https://youtu.be/GqYhu9VJ74c",
            "percent": 100,
            "hz": 240
        },
        {
            "user": "Andrxw",
            "link": "https://www.youtube.com/watch?v=1En9exZ-FK4",
            "percent": 100,
            "hz": 144
        },
        {
            "user": "Xarii_72",
            "link": "https://youtu.be/aUINpciCtF8",
            "percent": 100,
            "hz": 240
        },
        {
            "user": "Hasik",
            "link": "https://youtu.be/SgmJvq6JY4g",
            "percent": 100,
            "hz": 165
        },
        {
            "user": "Invinceicube",
            "link": "https://youtu.be/GbBG7qyTBr4",
            "percent": 100,
            "hz": 240
        },
        {
            "user": "BliffY",
            "link": "https://www.youtube.com/watch?v=xcIFXt9De74",
            "percent": 100,
            "hz": 360
        },
        {
            "user": "NanCho",
            "link": "https://youtu.be/PVKjnSAzlDg",
            "percent": 100,
            "hz": 360
        },
        {
            "user": "BlueTomcat",
            "link": "https://youtu.be/A0Xk6dJoQ_M",
            "percent": 100,
            "hz": 288
        },
        {
            "user": "Shemenzy",
            "link": "https://www.youtube.com/watch?v=g-IMyopgTMY",
            "percent": 100,
            "hz": 300
        },
        {
            "user": "attrixia",
            "link": "https://www.youtube.com/watch?v=to5ryuc_F94",
            "percent": 100,
            "hz": 150
        },
        {
            "user": "He_rules",
            "link": "https://www.youtube.com/watch?v=3jLg0FVhhsI",
            "percent": 100,
            "hz": 144
        },
        {
            "user": "YinnYang",
            "link": "https://youtu.be/JH-wa4NqzlU",
            "percent": 100,
            "hz": 360
        },
        {
            "user": "Tango",
            "link": "https://www.youtube.com/watch?v=-VbPMGNa8hw",
            "percent": 100,
            "hz": 144
        },
        {
            "user": "Hoopla",
            "link": "https://youtu.be/t4rU90_U1ew",
            "percent": 100,
            "hz": 360
        },
        {
            "user": "TurtleER",
            "link": "https://www.youtube.com/watch?v=lJnmy6QVT40&ab_channel=TurtleERClips",
            "percent": 100,
            "hz": 240
        },
        {
            "user": "oBynxi",
            "link": "https://www.youtube.com/watch?v=guLsKcZRvpI",
            "percent": 100,
            "hz": 240
        },
        {
            "user": "GlitchyGlotch",
            "link": "https://youtu.be/1_A3861vSVg",
            "percent": 100,
            "hz": 360
        },
        {
            "user": "lucap123",
            "link": "https://www.youtube.com/watch?v=1N8SUY2uDTY",
            "percent": 100,
            "hz": 144
        },
        {
            "user": "TkcpeR",
            "link": "https://youtu.be/-suW20k0UEw",
            "percent": 100,
            "hz": 360
        },
        {
            "user": "shreksdonk",
            "link": "https://youtu.be/X6jEvc89DAs",
            "percent": 100,
            "hz": 144
        },
        {
            "user": "BlackChaleur",
            "link": "https://youtu.be/Ijs8kun66-o",
            "percent": 100,
            "hz": 360
        },
        {
            "user": "Andrew14916",
            "link": "https://www.youtube.com/watch?v=fluDfkepvz8",
            "percent": 100,
            "hz": 288
        },
        {
            "user": "Snakez363",
            "link": "https://www.youtube.com/watch?v=sfWfhU-5zJA",
            "percent": 100,
            "hz": 144
        },
        {
            "user": "donut737",
            "link": "https://youtu.be/-trY1Fj51OE",
            "percent": 100,
            "hz": 144
        },
        {
            "user": "iRaily",
            "link": "https://www.youtube.com/watch?v=S2ZkW2Tockg",
            "percent": 100,
            "hz": 360
        },
        {
            "user": "Rixen Ace",
            "link": "https://youtu.be/WSVzS8yK1pw",
            "percent": 100,
            "hz": 240
        },
        {
            "user": "StarXV",
            "link": "https://youtu.be/83icOq2nTA4",
            "percent": 100,
            "hz": 240
        },
        {
            "user": "Aqua0607",
            "link": "https://www.youtube.com/watch?v=kmGqW_rsa0s",
            "percent": 100,
            "hz": 288
        },
        {
            "user": "Fusion425",
            "link": "https://www.youtube.com/watch?v=cPf8GRAB0To",
            "percent": 100,
            "hz": 360
        },
        {
            "user": "Delay",
            "link": "https://www.youtube.com/watch?v=RjcCzqQSDwA",
            "percent": 100,
            "hz": 144
        },
        {
            "user": "homegrowntag",
            "link": "https://youtu.be/A2TsYzFuRPw",
            "percent": 100,
            "hz": 288
        },
        {
            "user": "BrightBird",
            "link": "https://youtu.be/gYehm5h1BT4",
            "percent": 100,
            "hz": 288
        },
        {
            "user": "Dxst",
            "link": "https://www.youtube.com/watch?v=dEdEiv-KGz8",
            "percent": 100,
            "hz": 300
        },
        {
            "user": "Kopre",
            "link": "https://youtu.be/7J5ESmd0nLg",
            "percent": 100,
            "hz": 144
        },
        {
            "user": "ThirtyTwelve",
            "link": "https://youtu.be/eyPZ-WyYFG4",
            "percent": 100,
            "hz": 240
        },
        {
            "user": "Certified Noob",
            "link": "https://www.youtube.com/watch?v=F3J5TkF8fLE",
            "percent": 100,
            "hz": 165
        },
        {
            "user": "Chuck Danger",
            "link": "https://youtu.be/E-pwufvwdcE",
            "percent": 100,
            "hz": 360
        },
        {
            "user": "asdsdvb",
            "link": "https://www.youtube.com/watch?v=Qh1z8jKvI78",
            "percent": 100,
            "hz": 240
        },
        {
            "user": "GD Fayo",
            "link": "https://www.youtube.com/watch?v=SFAShk7YW9Y",
            "percent": 100,
            "hz": 360
        },
        {
            "user": "bnuuy",
            "link": "https://youtu.be/Luc7uYNuyRc",
            "percent": 100,
            "hz": 360
        },
        {
            "user": "Pixzely",
            "link": "https://www.youtube.com/watch?v=tMuz6foRV14",
            "percent": 100,
            "hz": 240
        },
        {
            "user": "ThatGuyFroGG",
            "link": "https://www.youtube.com/watch?v=ouAMoTmB7Wk",
            "percent": 100,
            "hz": 360
        },
        {
            "user": "d0ggos",
            "link": "https://www.youtube.com/watch?v=vfQ3SVng5IM",
            "percent": 100,
            "hz": 288
        },
        {
            "user": "JumbleJee",
            "link": "https://www.youtube.com/watch?v=_Jp1Sh7cQ90",
            "percent": 100,
            "hz": 360
        },
        {
            "user": "Reno",
            "link": "https://www.youtube.com/watch?v=oywQ1TjYkeQ",
            "percent": 100,
            "hz": 288
        },
        {
            "user": "Tuoyu",
            "link": "https://youtu.be/MLp37E0Lq8Q",
            "percent": 100,
            "hz": 360
        },
        {
            "user": "DashTH",
            "link": "https://www.youtube.com/watch?v=olAkJ4-U2VA",
            "percent": 100,
            "hz": 144
        },
        {
            "user": "Dylinator",
            "link": "https://www.youtube.com/watch?v=bTn3wsEuXoQ",
            "percent": 100,
            "hz": 360
        },
        {
            "user": "Drizzxy",
            "link": "https://www.youtube.com/watch?v=bTn3wsEuXoQ",
            "percent": 100,
            "hz": 360
        },
        {
            "user": "natertot07",
            "link": "https://youtu.be/JL6TQgbAd04",
            "percent": 100,
            "hz": 288
        },
        {
            "user": "Dino",
            "link": "https://www.youtube.com/watch?v=dX-D5f4BFzY",
            "percent": 100,
            "hz": 360
        },
        {
            "user": "Patrick61804",
            "link": "https://youtu.be/drA8Uubwsh0",
            "percent": 100,
            "hz": 360
        },
        {
            "user": "Geno",
            "link": "https://youtu.be/YYMfeYANyCc",
            "percent": 100,
            "hz": 280
        },
        {
            "user": "willdrid",
            "link": "https://youtu.be/F6tTxNz9Ez4",
            "percent": 100,
            "hz": 240
        },
        {
            "user": "Willow",
            "link": "https://youtu.be/hUXKR5DTSys",
            "percent": 100,
            "hz": 240
        },
        {
            "user": "ivyxzy",
            "link": "https://www.youtube.com/watch?v=pvAOk0nNh7c",
            "percent": 100,
            "hz": 240
        },
        {
            "user": "kwir9n",
            "link": "https://www.youtube.com/watch?v=hlS7CccGziI",
            "percent": 100,
            "hz": 288
        },
        {
            "user": "LingherZ",
            "link": "https://www.youtube.com/watch?v=Q-EjXitH2FU",
            "percent": 100,
            "hz": 360
        },
        {
            "user": "Kunai",
            "link": "https://www.youtube.com/watch?v=EIM9G3D-fYc",
            "percent": 100,
            "hz": 144
        },
        {
            "user": "Goulzz",
            "link": "https://www.youtube.com/watch?v=891fgBy13zY&t=5s",
            "percent": 100,
            "hz": 360
        },
        {
            "user": "woi",
            "link": "https://www.youtube.com/watch?v=74WB5VEUyBs",
            "percent": 100,
            "hz": 360
        },
        {
            "user": "Boshy",
            "link": "https://www.youtube.com/watch?v=NI3m2K6AagA",
            "percent": 100,
            "hz": 240
        },
        {
            "user": "UnaiMJ",
            "link": "https://youtu.be/_Oy6Gi1q6xk",
            "percent": 100,
            "hz": 240
        },
        {
            "user": "Capybara105",
            "link": "https://youtu.be/kmQRwL-lD7M",
            "percent": 100,
            "hz": 360
        },
        {
            "user": "MXLTEN",
            "link": "https://youtu.be/-s1VEp7AXSs",
            "percent": 100,
            "hz": 288
        },
        {
            "user": "wonduu",
            "link": "https://youtu.be/z4ls0DuqZqY",
            "percent": 100,
            "hz": 144
        },
        {
            "user": "LAMINGTON",
            "link": "https://www.youtube.com/watch?v=BhJHo05Gg9c",
            "percent": 100,
            "hz": 360
        },
        {
            "user": "LeyroGD",
            "link": "https://youtu.be/reKz3jWdDT0",
            "percent": 100,
            "hz": 360
        },
        {
            "user": "skyy",
            "link": "https://youtu.be/E5Ji37-JrIU",
            "percent": 100,
            "hz": 300
        },
        {
            "user": "MajesticGingy",
            "link": "https://medal.tv/games/geometry-dash/clips/YuthGAfLfyQxC/d1337W0M4wJr?invite=cr-MSxVSzksMjU5MjEyMTEs",
            "percent": 100,
            "hz": 240
        },
        {
            "user": "jonah",
            "link": "https://youtu.be/iY26cyg3J0k",
            "percent": 100,
            "hz": 240
        },
        {
            "user": "wMystix",
            "link": "https://youtu.be/4C8kyLdHlDI",
            "percent": 100,
            "hz": 144
        },
        {
            "user": "MelonGL",
            "link": "https://www.youtube.com/watch?v=_6JSHC1CBho",
            "percent": 100,
            "hz": 360
        },
        {
            "user": "IPlayGD",
            "link": "https://www.youtube.com/watch?v=vO1TRHRrVxw",
            "percent": 100,
            "hz": 360
        },
        {
            "user": "FullyDiverse",
            "link": "https://www.youtube.com/watch?v=hgLdskzmwMg",
            "percent": 100,
            "hz": 321
        },
        {
            "user": "TurnernatorGD",
            "link": "https://www.youtube.com/watch?v=S38yJxmiIxw",
            "percent": 100,
            "hz": 144
        },
        {
            "user": "FazeRings",
            "link": "https://youtu.be/8tzNHGIlMo0",
            "percent": 100,
            "hz": 360
        }
            
              
    ]
}
