{
    "id": 83437210,
    "name": "Shitty Promethean",
    "author": "Prometheus",
    "creators": [
        "Prometheus",
        "WhiteGokey"
    ],
    "verifier": "TravelChimp",
    "verification": "https://youtu.be/gS5uDcqRSvw",
    "showcase": "https://youtu.be/6P1VkqmI1HU",
    "percentToQualify": 66,
    "records": [
        {
            "user": "Andrxw",
            "link": "https://www.youtube.com/watch?v=qx1RXB0znrA",
            "percent": 100,
            "hz": 144
        },
        {
            "user": "Dandy Chiggins",
            "link": "https://youtu.be/oAWZ9myDTr8",
            "percent": 100,
            "hz": 360
        },
        {
            "user": "Cornbread",
            "link": "https://youtu.be/-eJosYRfB4A",
            "percent": 100,
            "hz": 360
        },
        {
            "user": "Tunax",
            "link": "https://youtu.be/5eKX2igDges",
            "percent": 100,
            "hz": 360
        },
        {
            "user": "KasiaUwU",
            "link": "https://youtu.be/zr-gTrMEtI8",
            "percent": 100,
            "hz": 240
        },
        {
            "user": "Neltumn",
            "link": "https://youtu.be/S0ScBWI-ZzI",
            "percent": 100,
            "hz": 360
        },
        {
            "user": "MelonGL",
            "link": "https://youtu.be/TuyPMSm6EVQ",
            "percent": 100,
            "hz": 300
        }
    ]
}        
