{
    "id": 86093478,
    "name": "Shitty qoUEO",
    "author": "RealBigFlopa",
    "creators": [],
    "verifier": "Dandy Chiggins",
    "verification": "https://www.youtube.com/watch?v=55IqT4zdCFs",
    "showcase": "https://youtu.be/Jbb9q2Yr3Eo",
    "percentToQualify": 46,
    "records": [
        {
            "user": "Normus",
            "link": "https://youtu.be/9SeHaLJP7NU",
            "percent": 100,
            "hz": 360
        },
        {
            "user": "GD CrimsonKing22",
            "link": "https://www.youtube.com/watch?v=eP0bksfTWt8",
            "percent": 100,
            "hz": 360
        },
        {
            "user": "asdsdvb",
            "link": "https://www.youtube.com/watch?v=3LldbpP2h7g",
            "percent": 100,
            "hz": 240
        },
        {
            "user": "IKuster",
            "link": "https://youtu.be/1yOHleVBUnM",
            "percent": 100,
            "hz": 300
        },
        {
            "user": "ObvSilver",
            "link": "https://youtu.be/0ZbP8DqgATM",
            "percent": 100,
            "hz": 165
        },
        {
            "user": "vKaii",
            "link": "https://www.youtube.com/watch?v=EsAHVJKtj0w",
            "percent": 100,
            "hz": 288
        },
        {
            "user": "Decin0",
            "link": "https://youtu.be/ZTRoL3BY2Qw",
            "percent": 100,
            "hz": 360
        },
        {
            "user": "lucap123",
            "link": "https://www.youtube.com/watch?v=g_rHd_16rVk",
            "percent": 100,
            "hz": 144
        },
        {
             "user": "sydno",
             "link": "https://www.youtube.com/watch?v=5uKQ0DfbD-c",
             "percent": 100,
             "hz": 360
        },
        {
            "user": "sodaman",
            "link": "https://www.youtube.com/watch?v=HmOAFiLUt_Q",
            "percent": 100,
            "hz": 360
        },
        {
            "user": "woi",
            "link": "https://youtu.be/Ld3lw6tPfmE",
            "percent": 100,
            "hz": 360
        },
        {
            "user": "Sloppy Joe Gaming",
            "link": "https://www.youtube.com/watch?v=-nPiW-Hy4Gc",
            "percent": 100,
            "hz": 360
        },
        {
            "user": "Villa",
            "link": "https://www.youtube.com/watch?v=_6lRmpzzTAg",
            "percent": 100,
            "hz": 360
        },
        {
            "user": "Riptide",
            "link": "https://www.youtube.com/watch?v=z5U21NVJH0g",
            "percent": 100,
            "hz": 240
        },
        {
            "user": "Dylinator",
            "link": "https://youtu.be/aXb4WFJVLeU?t=1682",
            "percent": 100,
            "hz": 360
        },
        {
            "user": "Kenos Song",
            "link": "https://youtu.be/7vEjoukX2i4",
            "percent": 100,
            "hz": 360
        },
        {
            "user": "Emonadeo",
            "link": "https://www.youtube.com/watch?v=PgF9u7jHH2I",
            "percent": 100,
            "hz": 240
        },
        {
            "user": "almohadaless",
            "link": "https://drive.google.com/file/d/16AkzWH8JlyvjFgu8ZLnyP8nZGWpcu9u3/view?usp=sharing",
            "percent": 100,
            "hz": 360
        },
        {
            "user": "FullyDiverse",
            "link": "https://youtu.be/EF8UtWXWD7w",
            "percent": 100,
            "hz": 321
        }
            

         
    ]
}
