{
    "id": 78592049,
    "name": "Shitty Rage",
    "author": "ZerniasX",
    "creators": [],
    "verifier": "ZerniasX",
    "verification": "https://youtu.be/VZo-EYIZLL4",
    "showcase": "https://youtu.be/QnsHIjtbv2I",
    "percentToQualify": 100,
    "password": "1010",
    "records": [
        {
            "user": "Demons [GD]",
            "link": "https://www.youtube.com/watch?v=bFEvaWntK9k",
            "percent": 100,
            "hz": 60
        },
        {
            "user": "DogeyBoi",
            "link": "https://www.youtube.com/watch?v=G6vndubJ86o",
            "percent": 100,
            "hz": 360
        },
        {
            "user": "Riptide",
            "link": "https://youtu.be/uAl1IbTCouU",
            "percent": 100,
            "hz": 120
        },
        {
            "user": "Armani",
            "link": "https://youtu.be/NYvx7OANAqY",
            "percent": 100,
            "hz": 360
        },
        {
            "user": "attrixia",
            "link": "https://youtu.be/s9BI_wVrGcE",
            "percent": 100,
            "hz": 150
        },
        {
            "user": "Brinnn",
            "link": "https://youtu.be/Xg9bEOI85O4",
            "percent": 100,
            "hz": 120
        },
        {
            "user": "zCodeB0y",
            "link": "https://youtu.be/Pq1c6VnkB0M",
            "percent": 100,
            "hz": 60
        },
        {
            "user": "Samuuu18",
            "link": "https://youtu.be/4DlEXiCAM_s",
            "percent": 100,
            "hz": 360
        },
        {
            "user": "Jack0kcaj",
            "link": "https://www.youtube.com/watch?v=mYGUG-miapA",
            "percent": 100,
            "hz": 75
        },
        {
            "user": "DingXD",
            "link": "https://www.youtube.com/watch?v=PZYmCYtbONk",
            "percent": 100,
            "hz": 240
        },
        {
            "user": "Davine_007",
            "link": "https://youtu.be/0Y0GE89KT6Q",
            "percent": 100,
            "hz": 144
        },
        {
            "user": "Delay",
            "link": "https://www.youtube.com/watch?v=9xxTb65-UqQ&t=4s",
            "percent": 100,
            "hz": 144
        },
        {
            "user": "Shel",
            "link": "https://youtu.be/8_xrvTXaSx8",
            "percent": 100,
            "hz": 144
        },
        {
            "user": "Snakez363",
            "link": "https://youtu.be/Wg3dcDrzSKI",
            "percent": 100,
            "hz": 144
        },
        {
            "user": "biskit",
            "link": "https://youtu.be/_2HXs9sbnEc",
            "percent": 100,
            "hz": 360
        },
        {
            "user": "J",
            "link": "https://youtu.be/N1Pjfh8pPgM",
            "percent": 100,
            "hz": 360
        },
        {
            "user": "bnuuy",
            "link": "https://www.youtube.com/watch?v=cAU4PhmkiOU",
            "percent": 100,
            "hz": 360
        },
        {
            "user": "Troy3",
            "link": "https://youtu.be/6c26lLKv8mA",
            "percent": 100,
            "hz": 180
        },
        {
            "user": "Skhinner13",
            "link": "https://youtu.be/o6Xr_V2YI48",
            "percent": 100,
            "hz": 144
        },
        {
            "user": "Blue Heaven 567",
            "link": "https://www.youtube.com/watch?v=0uSKo7WwwgI",
            "percent": 100,
            "hz": 360
        },
        {
            "user": "TheVicenteX",
            "link": "https://youtu.be/idM75aN2A5k",
            "percent": 100,
            "hz": 60,
            "mobile": true
        },
        {
            "user": "Agasi1",
            "link": "https://www.youtube.com/watch?v=IEixkPwPBks",
            "percent": 100,
            "hz": 360
        }
    ]
}
