{
    "id": 81673888,
    "name": "Shitty Ragnarok",
    "author": "Prometheus",
    "creators": [
        "Prometheus",
        "T333",
        "Sushiboys",
        "Liebe",
        "Salsa",
        "RealBigFlopa",
        "iHas",
        "L0GAN",
        "Fernamg",
        "CarlIsBored",
        "iRaily",
        "Kiwi1938",
        "Chspchips"
    ],
    "verifier": "Shel",
    "verification": "https://youtu.be/NrccQY3IRZ8",
    "showcase": "https://youtu.be/-xz4XyDPbfI",
    "percentToQualify": 56,
    "records": [
        {
            "user": "KylashTheKiller",
            "link": "https://youtu.be/DepqfpnXHuw",
            "percent": 100,
            "hz": 60
        },
        {
            "user": "BrightBird",
            "link": "https://www.youtube.com/watch?v=bLaL0nenNTo",
            "percent": 100,
            "hz": 288
        },
        {
            "user": "Kenos Song",
            "link": "https://youtu.be/rVGp4yP5YYA",
            "percent": 100,
            "hz": 360
        },
        {
            "user": "homegrowntag",
            "link": "https://youtu.be/38lLYP4bUkk",
            "percent": 74,
            "hz": 144
        }
            
    ]
}
