{
    "id": 131,
    "name": "Rainy Evening",
    "author": "cinderrblock",
    "creators": [],
    "verifier": "cinderrblock",
    "verification": "https://www.youtube.com/watch?v=2-p7YDyJipk",
    "percentToQualify": 100,
    "records": [
        {
            "user": "EvilEmperium",
            "link": "a",
            "percent": 100,
            "hz": 360
        },
        {
            "user": "ZorpikGMD",
            "link": "https://www.youtube.com/watch?v=SucS4FCj8xw",
            "percent": 100,
            "hz": 144
        }
    ]
}
