{
    "id": 82101408,
    "name": "Shitty RAIN",
    "author": "Prometheus",
    "creators": [
        "Prometheus",
        "L0GAN",
        "iRaily",
        "CarlIsBored",
        "Chspchips",
        "frigusterio",
        "fice"
    ],
    "verifier": "iRaily",
    "verification": "https://youtu.be/MBmyunGTmVo",
    "showcase": "https://youtu.be/2jeebJQT2R0",
    "percentToQualify": 100,
    "records": [
        {
            "user": "KylashTheKiller",
            "link": "https://youtu.be/2PxGoQ3cJeY",
            "percent": 100,
            "hz": 60
        },
        {
            "user": "Samuuu18",
            "link": "https://youtu.be/4DyRzfs4b2M",
            "percent": 100,
            "hz": 360
        },
        {
            "user": "homegrowntag",
            "link": "https://www.youtube.com/watch?v=L0BVeYRWhXQ",
            "percent": 100,
            "hz": 360
        },
        {
            "user": "LzKlauss",
            "link": "https://www.youtube.com/watch?v=wbM9QRmgFBo&t=6s",
            "percent": 100,
            "hz": 360
        },
        {
            "user": "LRub1x",
            "link": "https://www.youtube.com/watch?v=5N7Tygs1Rkk&t",
            "percent": 100,
            "hz": 360
        },
        {
            "user": "Riptide",
            "link": "https://youtu.be/u0r6DRhdsNc",
            "percent": 100,
            "hz": 120
        }
    ]
}
