{
    "id": 85493158,
    "name": "Shitty rosedynamix",
    "author": "TravelChimp",
    "creators": [],
    "verifier": "iRaily",
    "verification": "https://www.youtube.com/watch?v=Apwoz1H3ViE",
    "showcase": "https://youtu.be/rGu7DTKTNyo",
    "percentToQualify": 100,
    "password": "Free to Copy",
    "records": [
        {
            "user": "KasiaUwU",
            "link": "https://youtu.be/gfMRm8OwHqs",
            "percent": 100,
            "hz": 240
        },
        {
            "user": "ZerniasX",
            "link": "https://youtu.be/wJ1d6sk5okU",
            "percent": 100,
            "hz": 360
        },
        {
            "user": "lucap123",
            "link": "https://www.youtube.com/watch?v=uczbPAjLPmY",
            "percent": 100,
            "hz": 144
        }
    ]
}
