{
    "id": 68049573,
    "name": "Shitty SHATTER",
    "author": "Lil_Creator",
    "creators": [],
    "verifier": "Lil_Creator",
    "verification": "https://youtu.be/E-nPQ0OPY2k",
    "showcase": "https://youtu.be/TXT4uSfkwU0",
    "percentToQualify": 62,
    "records": [
        {
            "user": "RealBigFlopa",
            "link": "https://www.youtube.com/watch?v=ACr6ou728gQ",
            "percent": 100,
            "hz": 360
        },
        {
            "user": "Riptide",
            "link": "https://www.youtube.com/watch?v=sdNHN0bpTNs",
            "percent": 100,
            "hz": 120
        },
        {
            "user": "EggCorn",
            "link": "https://www.youtube.com/watch?v=bvlPPQvXrog",
            "percent": 100,
            "hz": 144
        },
        {
            "user": "ZerniasX",
            "link": "https://youtu.be/-m13G5ll7Jg",
            "percent": 100,
            "hz": 360
        },
        {
            "user": "Dylinator",
            "link": "https://youtu.be/84Ba1tbCjIg",
            "percent": 100,
            "hz": 360
        },
        {
            "user": "lucap123",
            "link": "https://www.youtube.com/watch?v=dXcH37WnPMU",
            "percent": 100,
            "hz": 144
        }
    ]
}
