{
    "id": 78127700,
    "name": "Shitty Shock Breaker",
    "author": "qb1",
    "creators": [
        "Strix",
        "dookyfarts",
        "Fernamg2041",
        "Emerald",
        "Experience43",
        "AVRG",
        "Whitar",
        "Logan",
        "Kiwi1938",
        "foin",
        "TravelChimp",
        "zFice7"
    ],
    "verifier": "qb1",
    "verification": "https://youtu.be/h_iWnw2NPwg",
    "showcase": "https://youtu.be/H4VGFIIobtA",
    "percentToQualify": 100,
    "records": [
        {
            "user": "Riptide",
            "link": "https://youtu.be/ENNFHGkww4c",
            "percent": 100,
            "hz": 60
        },
        {
            "user": "iRaily",
            "link": "https://youtu.be/hOcBcyecjV4",
            "percent": 100,
            "hz": 288
        },
        {
            "user": "CrokyTheKiwi",
            "link": "https://youtu.be/ZaFhC5OzImw",
            "percent": 100,
            "hz": 360
        },
        {
            "user": "Shel",
            "link": "https://youtu.be/3hvrYR6c2kc",
            "percent": 100,
            "hz": 144
        }
    ]
}
