{
    "id": 69936931,
    "name": "Shitty Sigma",
    "author": "RadioY",
    "creators": [],
    "verifier": "Kobra456",
    "verification": "https://www.youtube.com/watch?v=fDuHmvU0A5k",
    "showcase": "https://youtu.be/pgmsAzF4ZA8",
    "percentToQualify": 57,
    "records": [
        {
            "user": "Fh1r",
            "link": "https://www.youtube.com/watch?v=JZMOf8T2gDI",
            "percent": 100,
            "hz": 240
        },
        {
            "user": "Jah",
            "link": "https://www.youtube.com/watch?v=bPjoH2--cOY",
            "percent": 86,
            "hz": 360
        },
        {
            "user": "Tai0",
            "link": "https://youtu.be/0VxCvhtrqZc",
            "percent": 100,
            "hz": 144
        },
        {
            "user": "SlayerBot",
            "link": "https://youtu.be/EYsfv6Vnop8",
            "percent": 100,
            "hz": 240
        },
        {
            "user": "iRaily",
            "link": "https://youtu.be/w6NglV1PfTg",
            "percent": 100,
            "hz": 288
        },
        {
            "user": "Limsy",
            "link": "https://youtu.be/wQE5wZ-ZOTk",
            "percent": 100,
            "hz": 360
        },
        {
            "user": "Gdxposed",
            "link": "https://www.youtube.com/watch?v=zg9fexWdFIk",
            "percent": 100,
            "hz": 300
        },
        {
            "user": "Nolife",
            "link": "https://www.youtube.com/watch?v=AQMMuBNH_yM",
            "percent": 100,
            "hz": 240
        },
        {
            "user": "GD CrimsonKing22",
            "link": "https://www.youtube.com/watch?v=n5vQiL7-LXk&ab_channel=GDCrimsonKing22",
            "percent": 100,
            "hz": 288
        },
        {
            "user": "qb1",
            "link": "https://youtu.be/6TyAfPIqCCo",
            "percent": 100,
            "hz": 240
        },
        {
            "user": "Dominooos",
            "link": "https://www.youtube.com/watch?v=x7x78uu1ajA",
            "percent": 100,
            "hz": 60
        },
        {
            "user": "SupaX_",
            "link": "https://youtu.be/tvUvLelgQ5U",
            "percent": 100,
            "hz": 240
        },
        {
            "user": "Sushiboys",
            "link": "https://www.youtube.com/watch?v=Mxc71eOdbrw",
            "percent": 100,
            "hz": 300
        },
        {
            "user": "ZerniasX",
            "link": "https://youtu.be/NhNoh-QTGWs",
            "percent": 100,
            "hz": 360
        },
        {
            "user": "Samuuu18",
            "link": "https://youtu.be/U6qwYXyaeeQ",
            "percent": 100,
            "hz": 180
        },
        {
            "user": "deex3",
            "link": "https://youtu.be/wpEVQQGVXK0",
            "percent": 100,
            "hz": 360
        },
        {
            "user": "attrixia",
            "link": "https://youtu.be/NJww_WGu0mw",
            "percent": 100,
            "hz": 150
        },
        {
            "user": "Holojen",
            "link": "https://www.youtube.com/watch?v=3pVO2MFghKg",
            "percent": 100,
            "hz": 288
        },
        {
            "user": "T333",
            "link": "https://www.youtube.com/watch?v=nVfPMlSZPpw",
            "percent": 100,
            "hz": 240
        },
        {
            "user": "Delay",
            "link": "https://www.youtube.com/watch?v=fomLrb65LQ0&t=3s",
            "percent": 100,
            "hz": 144
        },
        {
            "user": "KylashTheKiller",
            "link": "https://youtu.be/4T9F8DC0W9A",
            "percent": 100,
            "hz": 60
        },
        {
            "user": "Dandy Chiggins",
            "link": "https://www.youtube.com/watch?v=25Kg77-LxBI",
            "percent": 100,
            "hz": 240
        },
        {
            "user": "Shel",
            "link": "https://youtu.be/2anmQDhcvEU",
            "percent": 100,
            "hz": 144
        },
        {
            "user": "zygimantux",
            "link": "https://www.youtube.com/watch?v=vdLzYYEEGdw",
            "percent": 67,
            "hz": 144
        },
        {
            "user": "Solid",
            "link": "https://youtu.be/ecFJN9Nwdf4",
            "percent": 100,
            "hz": 240
        },
        {
            "user": "BlackChaleur",
            "link": "https://youtu.be/DaXWPmnMuIQ",
            "percent": 100,
            "hz": 240
        },
        {
            "user": "Tim\u00e9o",
            "link": "https://www.youtube.com/watch?v=zpcoz7TXfyc",
            "percent": 100,
            "hz": 144
        },
        {
            "user": "Redcraft",
            "link": "https://www.youtube.com/watch?v=VVklPDR1sw0",
            "percent": 100,
            "hz": 288
        },
        {
            "user": "BrightBird",
            "link": "https://youtu.be/O50S3stdYrw",
            "percent": 100,
            "hz": 288
        },
        {
            "user": "IcaroX",
            "link": "https://youtu.be/0-n5MK0ohsk",
            "percent": 100,
            "hz": 240
        },
        {
            "user": "LzKlauss",
            "link": "https://www.youtube.com/watch?v=mw6pucJ5qfQ",
            "percent": 100,
            "hz": 360
        },
        {
            "user": "LBoke",
            "link": "https://www.youtube.com/watch?v=TGEl0xTXiR8",
            "percent": 100,
            "hz": 240
        },
        {
            "user": "Chudrow",
            "link": "https://www.youtube.com/watch?v=K05Fzl2UEfQ",
            "percent": 100,
            "hz": 288
        },
        {
            "user": "BlueTomcat",
            "link": "https://youtu.be/GMHhCA6r9YA",
            "percent": 100,
            "hz": 288
        },
        {
            "user": "TheRandomStuff",
            "link": "https://www.youtube.com/watch?v=JzcFXYwlU4E",
            "percent": 100,
            "hz": 240
        },
        {
            "user": "Riptide",
            "link": "https://youtu.be/3yse3NmnxJI",
            "percent": 100,
            "hz": 120
        },
        {
            "user": "Galaxyx",
            "link": "https://youtu.be/1EPldo7R8ak",
            "percent": 100,
            "hz": 360
        },
        {
            "user": "Kenos Song",
            "link": "https://youtu.be/CYCqNno6d1c",
            "percent": 100,
            "hz": 360
        },
        {
            "user": "biskit",
            "link": "https://youtu.be/DvwiFxk_F_s",
            "percent": 100,
            "hz": 360
        },
        {
            "user": "kacro",
            "link": "https://www.youtube.com/watch?v=Y0DFsnZhO4M",
            "percent": 100,
            "hz": 360
        },
        {
            "user": "Acacia",
            "link": "https://www.youtube.com/watch?v=JzNGl8dpWCk",
            "percent": 100,
            "hz": 360
        },
        {
            "user": "AzielGD",
            "link": "https://youtu.be/2aS3tyAH-34",
            "percent": 100,
            "hz": 120,
            "mobile": true
        },
        {
            "user": "Hubertos",
            "link": "https://youtu.be/AhXSFvYpSwA",
            "percent": 100,
            "hz": 288
        },
        {
            "user": "XORFSFASXC",
            "link": "https://youtu.be/Ma9xWGV0DU4",
            "percent": 100,
            "hz": 288
        },
        {
            "user": "FullyDiverse",
            "link": "https://www.youtube.com/watch?v=KouWXeTlLIE",
            "percent": 100,
            "hz": 360
        },
        {
            "user": "craisin",
            "link": "https://www.youtube.com/watch?v=F1JWhVmNBbE&t=13s",
            "percent": 100,
            "hz": 360
        },
        {
            "user": "qzkk",
            "link": "https://www.youtube.com/watch?v=X3zbmUaE_yA",
            "percent": 100,
            "hz": 360
        },
        {
            "user": "normus",
            "link": "https://youtu.be/hTOARGEW_70",
            "percent": 100,
            "hz": 360
        },
        {
            "user": "zepynr",
            "link": "https://www.youtube.com/watch?v=OvEkcDsF804",
            "percent": 100,
            "hz": 360
        },
        {
            "user": "Lawnmower",
            "link": "https://youtu.be/7EhuREgvc0E",
            "percent": 100,
            "hz": 240
        }
    ]
}
