{
    "id": 86205420,
    "name": "Shitty Silent clubstep",
    "author": "Prometheus",
    "creators": [],
    "verifier": "Achlys",
    "verification": "https://youtu.be/yRf091mVcPM",
    "showcase": "https://www.youtube.com/watch?v=qGhKLGaEPd4",
    "percentToQualify": 53,
    "records": [
        {
            "user": "woi",
            "link": "https://www.youtube.com/watch?v=LL16jEX8FCA",
            "percent": 100,
            "hz": 360
        },
        {
            "user": "Prometheus",
            "link": "https://youtu.be/RHh_-n5nyuU",
            "percent": 100,
            "hz": 144
        },
        {
            "user": "Sloppy Joe Gaming",
            "link": "https://www.youtube.com/watch?v=-HMixCX4oRM",
            "percent": 100,
            "hz": 360
        },
        {
            "user": "Dandy Chiggins",
            "link": "https://youtu.be/5ZvBu8hy3zo",
            "percent": 100,
            "hz": 360
        },
        {
            "user": "KylashTheKiller",
            "link": "https://youtu.be/ICGDz1yFJag",
            "percent": 100,
            "hz": 60
        },
        {
            "user": "kwazd",
            "link": "https://www.youtube.com/watch?v=wtj-KyB48cU",
            "percent": 100,
            "hz": 360
        },
        {
            "user": "FullyDiverse",
            "link": "https://youtu.be/NASvmJT48FE",
            "percent": 100,
            "hz": 321
        },
        {
            "user": "Kenos Song",
            "link": "https://www.youtube.com/watch?v=2VINrCvMiL8",
            "percent": 100,
            "hz": 360
        },
        {
            "user": "Samuuu18",
            "link": "https://www.youtube.com/watch?v=Fcmu-ilN97Q",
            "percent": 100,
            "hz": 240
        },
        {
            "user": "skyv",
            "link": "https://youtu.be/0KOp5ud8QU0",
            "percent": 100,
            "hz": 360
        }
    ]
}
