{
    "id": 76543454,
    "name": "Shitty Slaughterhouse",
    "author": "AcropolisBoy",
    "creators": [],
    "verifier": "skeeb",
    "verification": "https://www.youtube.com/watch?v=ntNoTsewmUQ",
    "showcase": "https://youtu.be/iUCysy5Rglc",
    "percentToQualify": 58,
    "records": [
        {    
            "user": "Dandy Chiggins",
            "link": "https://youtu.be/SbAGO7ANLa8",
            "percent": 100,
            "hz": 360
        },
        {
            "user": "lonifer",
            "link": "https://www.youtube.com/watch?v=FghAupdxToU",
            "percent": 100,
            "hz": 360
        },
        {
            "user": "vKaii",
            "link": "https://youtu.be/oFrWLjp0z68",
            "percent": 100,
            "hz": 360
        },
        {
            "user": "Dylinator",
            "link": "https://youtu.be/6uSP5N4mWjY?t=60",
            "percent": 100,
            "hz": 360
        },
        {
            "user": "GD CrimsonKing22",
            "link": "https://www.youtube.com/watch?v=L57XYbYXo-I",
            "percent": 100,
            "hz": 360
        },
        {
            "user": "KylashTheKiller",
            "link": "https://youtu.be/ASS9OpNRenw",
            "percent": 100,
            "hz": 60
        },
        {
            "user": "nayf",
            "link": "https://youtu.be/Iqizmv51154",
            "percent": 83,
            "hz": 360
        },
        {
            "user": "hipo",
            "link": "https://youtu.be/cmjUQWv6lqw",
            "percent": 100,
            "hz": 360
        },
        {
            "user": "ImCrisGD",
            "link": "https://youtu.be/vnLZWajdUHY",
            "percent": 100,
            "hz": 360
        },
        {
            "user": "itsmegadash",
            "link": "https://youtu.be/-X1S9FjOl24",
            "percent": 83,
            "hz": 180
        },
        {
            "user": "Moment",
            "link": "https://youtu.be/fXbCPy1vZOA",
            "percent": 73,
            "hz": 360
        },
        {
            "user": "RAFFOX",
            "link": "https://www.youtube.com/watch?v=IFHjg-fp2Pc",
            "percent": 100,
            "hz": 240
        },
        {
            "user": "Echo",
            "link": "https://www.youtube.com/watch?v=AJ7KwLcSwBM",
            "percent": 100,
            "hz": 288
        },
        {
            "user": "Doggie",
            "link": "https://www.youtube.com/watch?v=wxaW3zKx_nw",
            "percent": 100,
            "hz": 360
        },
        {
            "user": "des",
            "link": "https://youtu.be/XVZteWhKkAE",
            "percent": 100,
            "hz": 240
        },
        {
            "user": "Tunax",
            "link": "https://youtu.be/tiUxoE7zHG8",
            "percent": 100,
            "hz": 360 
        },
        {
            "user": "homegrowntag",
            "link": "https://www.youtube.com/watch?v=b599JgovSTI",
            "percent": 100,
            "hz": 360
        },
        {
            "user": "zepynr",
            "link": "https://www.youtube.com/watch?v=TkUbhXwCiwI",
            "percent": 100,
            "hz": 360
        },
        {
            "user": "sydno",
            "link": "https://www.youtube.com/watch?v=5XZlCm740ec",
            "percent": 100,
            "hz": 360
        },
        {
            "user": "BarbequeSauce",
            "link": "https://youtu.be/gz3cab8lRCs",
            "percent": 100,
            "hz": 360
        },
        {
            "user": "FullyDIverse",
            "link": "https://www.youtube.com/watch?v=jKLsbytm-Cg",
            "percent": 100,
            "hz": 312
        },
        {
            "user": "DokyJr",
            "link": "https://www.youtube.com/watch?v=TG0_tF2UPf4",
            "percent": 100,
            "hz": 240
        },
        {
            "user": "Sloppy Joe Gaming",
            "link": "https://www.youtube.com/watch?v=A-hLDVsJOfw",
            "percent": 100,
            "hz": 360
        },
        {
            "user": "skyv",
            "link": "https://www.tiktok.com/@_skyv_/video/7192642356800212229",
            "percent": 100,
            "hz": 360
        },
        {
            "user": "woi",
            "link": "https://www.youtube.com/watch?v=lk9UQ7nNI2Y",
            "percent": 100,
            "hz": 360
        },
        {
            "user": "zrK",
            "link": "https://youtu.be/xaDUDt22NMs",
            "percent": 100,
            "hz": 180
        },
        {
            "user": "Kenos Song",
            "link": "https://youtu.be/lnOVDHKQi98",
            "percent": 100,
            "hz": 360
        },
        {
            "user": "aza74",
            "link": "https://youtu.be/WORX4dtwXsI",
            "percent": 100,
            "hz": 240
        },
        {
            "user": "meatlover123",
            "link": "youtube.com/video/cV6agtRtGqo",
            "percent": 93,
            "hz": 360
        },
        {
            "user": "LzKlauss",
            "link": "https://youtu.be/AKejZlsXRYw",
            "percent": 100,
            "hz": 360
        },
        {
            "user": "Andrxw",
            "link": "https://youtu.be/orP4dvmRcb4",
            "percent": 60,
            "hz": 144
        },
        {
            "user": "bull2k",
            "link": "https://youtu.be/TyBfcPvXFHo",
            "percent": 100,
            "hz": 360
        },
        {
            "user": "SakeZz",
            "link": "https://youtu.be/4jeF3QMap2w",
            "percent": 100,
            "hz": 360
        },
        {
            "user": "Indy",
            "link": "https://youtu.be/6mUTmlUvnj0",
            "percent": 100,
            "hz": 240
        }
            
    
    ]
}

