{
    "id": 13,
    "name": "Sonc Wav",
    "author": "Clover",
    "creators": [],
    "verifier": "Raezori",
    "verification": "https://www.youtube.com/watch?v=gA3Lrur_sIE",
    "percentToQualify": 100,
    "records": [
        {
            "user": "Hamster",
            "link": "a",
            "percent": 100,
            "hz": 144
        },
        {
            "user": "EmeraldOre45",
            "link": "a",
            "percent": 100,
            "hz": 144
        },
        {
            "user": "Clover",
            "link": "a",
            "percent": 100,
            "hz": 60
        }
    ]
}
