{
    "id": 63976167,
    "name": "Shitty Spacial Rend",
    "author": "Lawnmower",
    "creators": [
        "Lawnmower",
        "Jah"
    ],
    "verifier": "Lawnmower",
    "verification": "https://youtu.be/PmI1SlfjwyI",
    "percentToQualify": 100,
    "records": [
        {
            "user": "Sydney",
            "link": "https://youtu.be/sypq9JoIzeA",
            "percent": 100,
            "hz": 144
        },
        {
            "user": "WowoGD",
            "link": "https://youtu.be/JJDypoxakHg",
            "percent": 100,
            "hz": 240
        },
        {
            "user": "GDMeric",
            "link": "https://youtu.be/f_PZvOvzlrU",
            "percent": 100,
            "hz": 144
        },
        {
            "user": "Alphanetic",
            "link": "https://www.twitch.tv/videos/750083147",
            "percent": 100,
            "hz": 165
        },
        {
            "user": "Ryclix",
            "link": "https://www.youtube.com/watch?v=IwYAZEVVEqI&t=431s",
            "percent": 100,
            "hz": 288
        },
        {
            "user": "Serenix",
            "link": "https://www.youtube.com/watch?v=fsaw8PQDAK4",
            "percent": 100,
            "hz": 120
        },
        {
            "user": "XLGamer10",
            "link": "https://youtu.be/rMHjaq4_vno",
            "percent": 100,
            "hz": 288
        },
        {
            "user": "Kobra456",
            "link": "https://www.youtube.com/watch?v=jDLV2rn0jeg",
            "percent": 100,
            "hz": 144
        },
        {
            "user": "iRaily",
            "link": "https://youtu.be/Mj0g_lhMbxw",
            "percent": 100,
            "hz": 144
        },
        {
            "user": "ImScoping",
            "link": "https://youtu.be/w16peePRHUI",
            "percent": 100,
            "hz": 288
        },
        {
            "user": "ZerniasX",
            "link": "https://youtu.be/lzSXGcq6vCk",
            "percent": 100,
            "hz": 100
        },
        {
            "user": "Delphin",
            "link": "https://youtu.be/nsUyydvQhRk",
            "percent": 100,
            "hz": 75
        },
        {
            "user": "IDeltaPhantomI",
            "link": "https://youtu.be/GzC1ErM-39A",
            "percent": 100,
            "hz": 240
        },
        {
            "user": "Vink",
            "link": "https://youtu.be/sIc6DlOqWa4",
            "percent": 100,
            "hz": 120
        },
        {
            "user": "SuPPerBBoy [GD]",
            "link": "https://www.youtube.com/watch?v=l1A_yfQ8pjw",
            "percent": 100,
            "hz": 300
        },
        {
            "user": "LBoke",
            "link": "https://www.youtube.com/watch?v=ByD5nSihab0",
            "percent": 100,
            "hz": 144
        },
        {
            "user": "Dustik",
            "link": "https://www.youtube.com/watch?v=_L0QEIV2Z-E&ab_channel=Dustik",
            "percent": 100,
            "hz": 144
        },
        {
            "user": "iCodic",
            "link": "https://youtu.be/4mUzh-lfKBU",
            "percent": 100,
            "hz": 240
        },
        {
            "user": "SrGuillester",
            "link": "https://www.youtube.com/watch?v=fHqhy9bO00o",
            "percent": 100,
            "hz": 144
        },
        {
            "user": "Idiocy",
            "link": "https://youtu.be/Ovlp5h6fyGE",
            "percent": 100,
            "hz": 288
        },
        {
            "user": "Renar333",
            "link": "https://youtu.be/1a_u5cK8mJ4",
            "percent": 100,
            "hz": 180
        },
        {
            "user": "Bluuper",
            "link": "https://www.youtube.com/watch?v=3F9X47aL3ag",
            "percent": 100,
            "hz": 144
        },
        {
            "user": "BlueTomcat",
            "link": "https://youtu.be/Re1hB51yoQo",
            "percent": 100,
            "hz": 144
        },
        {
            "user": "Myz",
            "link": "https://youtu.be/FkKRY-PZiEc",
            "percent": 100,
            "hz": 288
        },
        {
            "user": "SupaX_",
            "link": "https://youtu.be/WV-jBYFSF1o",
            "percent": 100,
            "hz": 240
        },
        {
            "user": "Game Players",
            "link": "https://www.youtube.com/watch?v=2M4IIFBcKTE",
            "percent": 100,
            "hz": 240
        },
        {
            "user": "zLunatiX",
            "link": "https://www.youtube.com/watch?v=E550mszyJfo",
            "percent": 100,
            "hz": 360
        },
        {
            "user": "IKuster",
            "link": "https://youtu.be/lN9bo6T8hrM",
            "percent": 100,
            "hz": 120
        },
        {
            "user": "LreduX",
            "link": "https://www.youtube.com/watch?v=FF_A0UxUQqU",
            "percent": 100,
            "hz": 240
        },
        {
            "user": "Dougieman",
            "link": "https://www.youtube.com/watch?v=KeDeuZpsui4",
            "percent": 100,
            "hz": 120,
            "mobile": true
        },
        {
            "user": "Tim\u00e9o",
            "link": "https://youtu.be/7_vpLdwBByQ",
            "percent": 100,
            "hz": 144
        },
        {
            "user": "KSol72",
            "link": "https://www.youtube.com/watch?v=P9Z302J4PPA",
            "percent": 100,
            "hz": 360
        },
        {
            "user": "CorpludGMD",
            "link": "https://youtu.be/p6cj6gXNqBs",
            "percent": 100,
            "hz": 144
        },
        {
            "user": "Delay",
            "link": "https://www.youtube.com/watch?v=PIHAaWHFpwQ",
            "percent": 100,
            "hz": 240
        },
        {
            "user": "Lazerboy7X",
            "link": "https://www.youtube.com/watch?v=1WQQnCQqvnM",
            "percent": 100,
            "hz": 300
        },
        {
            "user": "YinnYang",
            "link": "https://www.youtube.com/watch?v=FChm5YtxCMc",
            "percent": 100,
            "hz": 360
        },
        {
            "user": "Nolife",
            "link": "https://www.youtube.com/watch?v=nBEvWD--GAc",
            "percent": 100,
            "hz": 240
        },
        {
            "user": "Sushiboys",
            "link": "https://youtu.be/jXdbK-dBCTA",
            "percent": 100,
            "hz": 300
        },
        {
            "user": "Erdus7",
            "link": "https://www.youtube.com/watch?v=-2y0xPFJZ7I",
            "percent": 100,
            "hz": 180
        },
        {
            "user": "Floodz",
            "link": "https://youtu.be/eTRz2HvPdNs",
            "percent": 100,
            "hz": 288
        },
        {
            "user": "Shel",
            "link": "https://youtu.be/ZrodLrH7dQc",
            "percent": 100,
            "hz": 144
        },
        {
            "user": "xFutureKillz",
            "link": "https://www.youtube.com/watch?v=qDfdSYv8Lk4",
            "percent": 100,
            "hz": 144
        },
        {
            "user": "GD CrimsonKing22",
            "link": "https://www.youtube.com/watch?v=xV_DGeqO7mE&ab_channel=GDCrimsonKing22",
            "percent": 100,
            "hz": 288
        },
        {
            "user": "WauksGD",
            "link": "https://www.youtube.com/watch?v=_uMB96o6SQU",
            "percent": 100,
            "hz": 144
        },
        {
            "user": "Acacia",
            "link": "https://www.youtube.com/watch?v=m_PCfJ6n_QU",
            "percent": 100,
            "hz": 360
        },
        {
            "user": "KylashTheKiller",
            "link": "https://youtu.be/ZPpBaBwrmWY",
            "percent": 100,
            "hz": 60
        },
        {
            "user": "Kenos Song",
            "link": "https://www.youtube.com/watch?v=R1m7EtBmaAE",
            "percent": 100,
            "hz": 360
        },
        {
            "user": "Andrxw",
            "link": "https://www.youtube.com/watch?v=rMagN3TwAPs",
            "percent": 100,
            "hz": 144
        },
        {
            "user": "Riptide",
            "link": "https://youtu.be/De1i7yeAUcA",
            "percent": 100,
            "hz": 120
        },
        {
            "user": "VeNoX",
            "link": "https://youtu.be/xcOC3I1orSo",
            "percent": 100,
            "hz": 240
        },
        {
            "user": "Lucap123",
            "link": "https://www.youtube.com/watch?v=bfQiAUaKuLU",
            "percent": 100,
            "hz": 144
        },
        {
            "user": "Dxst",
            "link": "https://www.youtube.com/watch?v=3E9FuJQvBEo&t",
            "percent": 100,
            "hz": 300
        },
        {
            "user": "homegrowntag",
            "link": "https://youtu.be/5kjd8IFkG3E",
            "percent": 100,
            "hz": 288
        },
        {
            "user": "J",
            "link": "https://youtu.be/bkTDTOhgOAU",
            "percent": 100,
            "hz": 360
        },
        {
            "user": "jonah",
            "link": "https://www.youtube.com/watch?v=AuwLlYP8ZoI",
            "percent": 100,
            "hz": 360
        }
    ]
}