{
    "id": 69735965,
    "name": "Shitty Spectrum Cyclone",
    "author": "Lil_Creator",
    "creators": [],
    "verifier": "qb1",
    "verification": "https://youtu.be/1VMFNpNmOjI",
    "showcase": "https://youtu.be/WlB-zHOXMWg",
    "percentToQualify": 60,
    "records": [
        {
            "user": "MfoGaming1219",
            "link": "https://www.youtube.com/watch?v=L_ECeUhF9Fo",
            "percent": 100,
            "hz": 165
        },
        {
            "user": "Decin0",
            "link": "https://youtu.be/fxYlM_4Ws-s",
            "percent": 100,
            "hz": 288
        },
        {
            "user": "GD CrimsonKing22",
            "link": "https://www.youtube.com/watch?v=uxpQwGGa3Hs&ab_channel=GDCrimsonKing22",
            "percent": 100,
            "hz": 360
        },
        {
            "user": "KylashTheKiller",
            "link": "https://youtu.be/9HJ7I9zRIlU",
            "percent": 100,
            "hz": 60
        },
        {
            "user": "attrixia",
            "link": "https://www.youtube.com/watch?v=iVWF9ew_a4g",
            "percent": 100,
            "hz": 150
        },
        {
            "user": "Shel",
            "link": "https://youtu.be/7-ZYAqE9Hek",
            "percent": 100,
            "hz": 144
        },
        {
            "user": "Holojen",
            "link": "https://youtu.be/tsbL_FvmxEY",
            "percent": 100,
            "hz": 288
        },
        {
            "user": "BlueTomcat",
            "link": "https://youtu.be/96NXcjDjXwQ",
            "percent": 100,
            "hz": 288
        },
        {
            "user": "spoop",
            "link": "https://www.youtube.com/watch?v=dgP2UtJZcSE",
            "percent": 100,
            "hz": 360
        },
        {
            "user": "Comotur21",
            "link": "https://www.youtube.com/watch?v=h5AjzrLFgls",
            "percent": 61,
            "hz": 240
        },
        {
            "user": "Riptide",
            "link": "https://youtu.be/5_j1GKMUKKg",
            "percent": 100,
            "hz": 120
        },
        {
            "user": "Kenos Song",
            "link": "https://www.youtube.com/watch?v=TIvQD-qPv0M&t=3s",
            "percent": 100,
            "hz": 360
        },
        {
            "user": "Dandy Chiggins",
            "link": "https://youtu.be/7qfN4YmoVDE",
            "percent": 100,
            "hz": 360
        },
        {
            "user": "Lucid Cray",
            "link": "https://www.youtube.com/watch?v=en7bznaqjS8",
            "percent": 60,
            "hz": 240
        },
        {
            "user": "BrightBird",
            "link": "https://www.youtube.com/watch?v=okcZ4y5niFY",
            "percent": 100,
            "hz": 288
        },
        {
            "user": "biskit",
            "link": "https://www.youtube.com/watch?v=10-BJtbv6ZE",
            "percent": 100,
            "hz": 360
        },
        {
            "user": "7ssumi",
            "link": "https://youtu.be/Hw2WUovR8vI",
            "percent": 100,
            "hz": 288
        },
        {
            "user": "SuseJRG",
            "link": "https://youtu.be/3fkXh1kpbjU",
            "percent": 100,
            "hz": 240
        },
        {
            "user": "antisynth",
            "link": "https://www.youtube.com/watch?v=9-F41htLzHU",
            "percent": 100,
            "hz": 330
        },
        {
            "user": "ThinCrust",
            "link": "https://youtu.be/90R73zhM6pA",
            "percent": 68,
            "hz": 240
        },
        {
            "user": "asdsdvb",
            "link": "https://www.youtube.com/watch?v=7hma98n8joU",
            "percent": 100,
            "hz": 240
        },
        {
            "user": "qzkk",
            "link": "https://www.youtube.com/watch?v=5g5gUfVyimE",
            "percent": 100,
            "hz": 360
        },
        {
            "user": "Hasik",
            "link": "https://youtu.be/qqAgcQanc_I",
            "percent": 100,
            "hz": 360
        },
        {
            "user": "AzielGD",
            "link": "https://youtu.be/2hatojWwxvg",
            "percent": 100,
            "hz": 120,
            "mobile": true
        },
        {
            "user": "FakeRodri",
            "link": "https://www.youtube.com/watch?v=_slJuLLd_Zg&t=3s",
            "percent": 100,
            "hz": 360
        },
        {
            "user": "Normus",
            "link": "https://youtu.be/5fg7wEHgA4k",
            "percent": 100,
            "hz": 360
        },
        {
            "user": "zepynr",
            "link": "https://www.youtube.com/watch?v=DtOO2Y6iSq0",
            "percent": 100,
            "hz": 360
        },
        {
            "user": "LzKlauss",
            "link": "https://youtu.be/UFOlDCrRIYM",
            "percent": 100,
            "hz": 360
        }
    ]
}
