{
    "id": 89993364,
    "name": "Shitty Spectrum Rave",
    "author": "Whitar",
    "creators": ["Whitar", "TravelChimp", "ihas", "NourTheKing", "AugustVN", "/swan", "Chsp", "Ryoui", "iRaily", "Sarcasticmuch", "iRoberTo", "Nico721GD", "Prometheus"],
    "verifier": "Shel",
    "verification": "https://youtu.be/gwHvsCkWGD0",
    "showcase": "https://www.youtube.com/watch?v=g-5pffZZJRo",
    "percentToQualify": 100,
    "records": [
        {
            "user": "ZerniasX",
            "link": "https://youtu.be/qnoppyiMVPI",
            "percent": 100,
            "hz": 360
        },
        {
            "user": "KasiaUwU",
            "link": "https://youtu.be/gc7WiCYg40g",
            "percent": 100,
            "hz": 240
        }
    ]
}