{
    "id": 86937384,
    "name": "Shitty Stereo Lament",
    "author": "Prometheus",
    "creators": [],
    "verifier": "ZerniasX",
    "verification": "https://www.youtube.com/watch?v=8I9A5WimzFg",
    "showcase": "https://youtu.be/ig0vWZk2Ykw",
    "percentToQualify": 100,
    "records": [
        {
            "user": "Prometheus",
            "link": "https://youtu.be/OnJ_82kJR_g",
            "percent": 100,
            "hz": 144
        },
        {
            "user": "guec",
            "link": "https://youtu.be/ZeT5DKSHR30",
            "percent": 100,
            "hz": 360
        }
    ]
}
