{
    "id": 85844400,
    "name": "Shitty SUPERHATEMEWORLD",
    "author": "vKaii",
    "creators": [],
    "verifier": "vKaii",
    "verification": "https://youtu.be/EsbLouSHi_w",
    "showcase": "https://youtu.be/DbG5vIWSSoE",
    "percentToQualify": 59,
    "records": [
        {
            "user": "Prometheus",
            "link": "https://youtu.be/T9qIUhp-FqY",
            "percent": 100,
            "hz": 144
        },
        {
            "user": "lonifer",
            "link": "https://youtu.be/N67u1o5kzIY",
            "percent": 100,
            "hz": 360
        },
        {
            "user": "Moment",
            "link": "https://youtu.be/os_nR93Nu_Y",
            "percent": 100,
            "hz": 360
        },
        {
            "user": "Dep96",
            "link": "https://www.youtube.com/watch?v=gbHxn6_Pvxc",
            "percent": 100,
            "hz": 360
        },
        {
            "user": "Dandy Chiggins",
            "link": "https://youtu.be/_aB_TaGWhCc",
            "percent": 100,
            "hz": 360
        },
        {
            "user": "BarbequeSauce",
            "link": "https://youtu.be/ntMSRG-NeE4",
            "percent": 100,
            "hz": 360
        },
        {
            "user": "Sloppy Joe Gaming",
            "link": "https://www.youtube.com/watch?v=giIJ5qJr5jM",
            "percent": 100,
            "hz": 360
        },
        {
            "user": "KasiaUwU",
            "link": "https://youtu.be/kBu2pdsSioc",
            "percent": 100,
            "hz": 240
        }
    ]
}
