{
    "id": 82103734,
    "name": "Shitty Surge of the Shield",
    "author": "BlueTomcat",
    "creators": [
        "BlueTomcat",
        "Chspchips"
    ],
    "verifier": "MinYong",
    "verification": "https://www.youtube.com/watch?v=GcNw1xyt9ds",
    "showcase": "https://youtu.be/ehy88_Qu5eE",
    "percentToQualify": 61,
    "records": [
        {
            "user": "Riptide",
            "link": "https://youtu.be/4JcGDQQcHBg",
            "percent": 100,
            "hz": 120
        },
        {
            "user": "bnuuy",
            "link": "https://www.youtube.com/watch?v=RXXJhFjp6fY",
            "percent": 100,
            "hz": 360
        },
        {
            "user": "KasiaUwU",
            "link": "https://youtu.be/3cweX1USkeU",
            "percent": 100,
            "hz": 240
        }
    ]
}
