{
    "id": 83162283,
    "name": "Shitty Sweeping Demon II",
    "author": "Deceit",
    "creators": [],
    "verifier": "skeeb",
    "verification": "https://youtu.be/r0S_wqiYhqI",
    "showcase": "https://youtu.be/9d6MSzOZBYc",
    "percentToQualify": 61,
    "records": [
        {
            "user": "KylashTheKiller",
            "link": "https://www.youtube.com/watch?v=dAgirzVIdqE",
            "percent": 100,
            "hz": 60
        },
        {
            "user": "Dandy Chiggins",
            "link": "https://youtu.be/vkPy5p25ArM",
            "percent": 100,
            "hz": 360
        },
        {
            "user": "GD CrimsonKing22",
            "link": "https://www.youtube.com/watch?v=OVxYQmDMz6s",
            "percent": 100,
            "hz": 360
        },
        {
            "user": "Indy",
            "link": "https://youtu.be/TafGYs7lEPE",
            "percent": 100,
            "hz": 144
        }
    ]
}
