{
    "id": 87525092,
    "name": "Shitty SZYSLAK",
    "author": "Normus",
    "creators": [],
    "verifier": "Normus",
    "verification": "https://youtu.be/KGk722gZrC8",
    "showcase": "https://www.youtube.com/watch?v=W21B9BBkbaI",
    "percentToQualify": 56,
    "records": [
        {
            "user": "ZeusGD",
            "link": "https://youtu.be/rlcGrUZehns",
            "percent": 100,
            "hz": 240
        },
        {
            "user": "Riptide",
            "link": "https://www.youtube.com/watch?v=4h2GNTT4dXo",
            "percent": 100,
            "hz": 120
        },
        {
            "user": "ZerniasX",
            "link": "https://www.youtube.com/watch?v=WVwAN3Fzuk8",
            "percent": 100,
            "hz": 360
        },
        {
            "user": "KasiaUwU",
            "link": "https://youtu.be/AOwbn8tSe4g",
            "percent": 100,
            "hz": 240
        },
        {
            "user": "FullyDiverse",
            "link": "https://youtu.be/qWKREGCWl9w",
            "percent": 100,
            "hz": 321
        },
        {
            "user": "iRaily",
            "link": "https://youtu.be/pUlADf0_sHQ",
            "percent": 100,
            "hz": 288
        }
      
    ]
}
