{
    "id": 65561916,
    "name": "Shitty Tempered Steel",
    "author": "Acidius",
    "creators": [],
    "verifier": "Melbourne",
    "verification": "https://youtu.be/L1DKm7GU7KM",
    "showcase": "https://youtu.be/jDQ5u0gFdhM",
    "percentToQualify": 100,
    "password": "313731",
    "records": [
        {
            "user": "Aber",
            "link": "https://www.youtube.com/watch?v=r9n9edVE-2A&ab_channel=Aber",
            "percent": 100,
            "hz": 144
        },
        {
            "user": "ZerniasX",
            "link": "https://youtu.be/lVyW-mdAqRw",
            "percent": 100,
            "hz": 100
        },
        {
            "user": "HzAlula",
            "link": "https://youtu.be/3CFUgtWIuMU",
            "percent": 100,
            "hz": 240
        },
        {
            "user": "Lawnmower",
            "link": "https://youtu.be/-tI_fdtLN4A",
            "percent": 100,
            "hz": 288
        },
        {
            "user": "Kobra456",
            "link": "https://www.youtube.com/watch?v=KEJlxVav7RU",
            "percent": 100,
            "hz": 144
        },
        {
            "user": "Dustik",
            "link": "https://www.youtube.com/watch?v=X7IFHvjb924&ab_channel=Dustik",
            "percent": 100,
            "hz": 144
        },
        {
            "user": "Peachy",
            "link": "https://youtu.be/fqnl9PukcjM",
            "percent": 100,
            "hz": 144
        },
        {
            "user": "Fh1r",
            "link": "https://www.youtube.com/watch?v=p0NloPcebqY",
            "percent": 100,
            "hz": 240
        },
        {
            "user": "Emma_GD",
            "link": "https://www.youtube.com/watch?v=sIFUNnfB-PE",
            "percent": 100,
            "hz": 240
        },
        {
            "user": "IDeltaPhantomI",
            "link": "https://youtu.be/Do05o0K8mVo",
            "percent": 100,
            "hz": 240
        },
        {
            "user": "RadioY",
            "link": "https://www.youtube.com/watch?v=sPKwcVaww3k",
            "percent": 100,
            "hz": 60
        },
        {
            "user": "dots",
            "link": "https://www.youtube.com/watch?v=_GfH4dSKeD8",
            "percent": 100,
            "hz": 180
        },
        {
            "user": "ddddr",
            "link": "https://www.youtube.com/watch?v=H21mjoHEZnM",
            "percent": 100,
            "hz": 144
        },
        {
            "user": "SrGuillester",
            "link": "https://www.youtube.com/watch?v=fHqhy9bO00o",
            "percent": 100,
            "hz": 144
        },
        {
            "user": "Funkirbo",
            "link": "https://youtu.be/vtnLEZ_G9HU",
            "percent": 100,
            "hz": 144
        },
        {
            "user": "LowBG",
            "link": "https://youtu.be/T1js_GQtIWI",
            "percent": 100,
            "hz": 240
        },
        {
            "user": "Linear",
            "link": "https://www.youtube.com/watch?v=68tjr32HvBA",
            "percent": 100,
            "hz": 144
        },
        {
            "user": "Renar333",
            "link": "https://youtu.be/wniQETWZdSg",
            "percent": 100,
            "hz": 180
        },
        {
            "user": "attrixia",
            "link": "https://youtu.be/oKrGWsN2_jk",
            "percent": 100,
            "hz": 150
        },
        {
            "user": "Breakcore",
            "link": "https://streamable.com/b2gw6n",
            "percent": 100,
            "hz": 360
        },
        {
            "user": "BlueTomcat",
            "link": "https://youtu.be/5cwKLK0i2N0",
            "percent": 100,
            "hz": 144
        },
        {
            "user": "Brinnn",
            "link": "https://youtu.be/SY7jhGgsEMA",
            "percent": 100,
            "hz": 120
        },
        {
            "user": "SupaX_",
            "link": "https://youtu.be/_n-yJhZGyOQ",
            "percent": 100,
            "hz": 240
        },
        {
            "user": "iRaily",
            "link": "https://youtu.be/anmFYhrA2F0",
            "percent": 100,
            "hz": 288
        },
        {
            "user": "Crucible[GD]",
            "link": "https://www.youtube.com/watch?v=3synuTqkfZE",
            "percent": 100,
            "hz": 144
        },
        {
            "user": "Myz",
            "link": "https://youtu.be/763GItD-CsQ",
            "percent": 100,
            "hz": 288
        },
        {
            "user": "IKuster",
            "link": "https://youtu.be/Q63gKISRNQo",
            "percent": 100,
            "hz": 120
        },
        {
            "user": "Bibus [ET]",
            "link": "https://www.youtube.com/watch?v=1d38WE2csKQ",
            "percent": 100,
            "hz": 288
        },
        {
            "user": "Delay",
            "link": "https://youtu.be/ct6X9uMnO1E",
            "percent": 100,
            "hz": 240
        },
        {
            "user": "Tai0",
            "link": "https://youtu.be/B2JB5fPmfLo",
            "percent": 100,
            "hz": 144
        },
        {
            "user": "Sushiboys",
            "link": "https://youtu.be/0UQcs7oAERs",
            "percent": 100,
            "hz": 300
        },
        {
            "user": "Nolife",
            "link": "https://www.youtube.com/watch?v=OZ9Rspsqbds",
            "percent": 100,
            "hz": 240
        },
        {
            "user": "Dougieman",
            "link": "https://youtu.be/2EGHZO9BVp8",
            "percent": 100,
            "hz": 120,
            "mobile": true
        },
        {
            "user": "Shel",
            "link": "https://youtu.be/ZL7bpBLZQSU",
            "percent": 100,
            "hz": 144
        },
        {
            "user": "Armani",
            "link": "https://youtu.be/FEDkWHF1s3o",
            "percent": 100,
            "hz": 360
        },
        {
            "user": "Davine_007",
            "link": "https://www.youtube.com/watch?v=tqElODyWSrE",
            "percent": 100,
            "hz": 144
        },
        {
            "user": "Kichat",
            "link": "https://www.youtube.com/watch?v=GaBrMJhj0dA",
            "percent": 100,
            "hz": 360
        },
        {
            "user": "T333",
            "link": "https://youtu.be/ci3OQTaoFLg",
            "percent": 100,
            "hz": 240
        },
        {
            "user": "Riptide",
            "link": "https://youtu.be/OC7y6foMQRw",
            "percent": 100,
            "hz": 120
        },
        {
            "user": "Snakez363",
            "link": "https://youtu.be/a8-Z6Pq_NI0",
            "percent": 100,
            "hz": 144
        },
        {
            "user": "Vink",
            "link": "https://youtu.be/xfBpwV0DWA4",
            "percent": 100,
            "hz": 120
        },
        {
            "user": "Mircloudy",
            "link": "https://www.youtube.com/watch?v=EJK0A-9bK6o",
            "percent": 100,
            "hz": 240
        },
        {
            "user": "snickles",
            "link": "https://youtu.be/j33fCNN05js",
            "percent": 100,
            "hz": 360
        },
        {
            "user": "Rexall",
            "link": "https://youtu.be/Pyu79rg7IVI",
            "percent": 100,
            "hz": 60
        },
        {
            "user": "Crimsight",
            "link": "https://youtu.be/t_vP5c7mGTw",
            "percent": 100,
            "hz": 240
        }
    ]
}
