{
    "id": 81877515,
    "name": "Shitty Tenth Circle",
    "author": "Whitar",
    "creators": [],
    "verifier": "Shel",
    "verification": "https://youtu.be/v1RaPyJFGCU",
    "showcase": "https://youtu.be/R6DPssKSoOQ",
    "percentToQualify": 100,
    "records": [
        {
            "user": "Samuuu18",
            "link": "https://www.twitch.tv/videos/1567053521",
            "percent": 100,
            "hz": 360
        },
        {
            "user": "Hasik",
            "link": "https://youtu.be/IjiPdwUbobc",
            "percent": 100,
            "hz": 360
        },
        {
            "user": "GD Fayo",
            "link": "https://youtu.be/y6dBNqVWuws",
            "percent": 100,
            "hz": 360
        },
        {
            "user": "Koda",
            "link": "https://www.youtube.com/watch?v=3ZyouGvenuk",
            "percent": 100,
            "hz": 300
        },
        {
            "user": "ZerniasX",
            "link": "https://youtu.be/SETsCIzGD_0",
            "percent": 100,
            "hz": 360
        },
        {
            "user": "LzKlauss",
            "link": "https://www.youtube.com/watch?v=J1kIVt1hsGk",
            "percent": 100,
            "hz": 360
        },
        {
            "user": "guec",
            "link": "https://youtu.be/sXlzxEhKlCA",
            "percent": 100,
            "hz": 360
        },
        {
            "user": "MrBlue",
            "link": "https://youtu.be/2N1D0tyfOMA",
            "percent": 100,
            "hz": 360
        }
    ]
}
