{
    "id": 77018991,
    "name": "Shitty Terminux",
    "author": "Chspchips",
    "creators": [],
    "verifier": "LinedriveGD",
    "verification": "https://youtu.be/AfPZfL2_8ZY",
    "showcase": "https://youtu.be/4SiRpD7wIlg",
    "percentToQualify": 100,
    "password": "Free to Copy",
    "records": [
        {
            "user": "iRaily",
            "link": "https://youtu.be/W_nP3FYlg4s",
            "percent": 100,
            "hz": 288
        },
        {
            "user": "attrixia",
            "link": "https://www.youtube.com/watch?v=CrbeGXY2tHs",
            "percent": 100,
            "hz": 150
        },
        {
            "user": "Brinnn",
            "link": "https://www.youtube.com/watch?v=RMevDuqosI0",
            "percent": 100,
            "hz": 120
        },
        {
            "user": "Shel",
            "link": "https://youtu.be/gDlwerR5e5s",
            "percent": 100,
            "hz": 144
        },
        {
            "user": "Decin0",
            "link": "https://youtu.be/51gdti6dbbU?t=21",
            "percent": 100,
            "hz": 288
        },
        {
            "user": "Riptide",
            "link": "https://youtu.be/jDx95Sjv8AM",
            "percent": 100,
            "hz": 120
        },
        {
            "user": "Holojen",
            "link": "https://youtu.be/LfrGsWCLnpQ",
            "percent": 100,
            "hz": 300
        },
        {
            "user": "Korvak",
            "link": "https://www.youtube.com/watch?v=4D4Yy3x4iKk",
            "percent": 100,
            "hz": 288
        },
        {
            "user": "Troy3",
            "link": "https://youtu.be/lYJ34M9JJO0",
            "percent": 100,
            "hz": 180
        },
        {
            "user": "WilltheRen",
            "link": "https://www.youtube.com/watch?v=agOhDLTus9Q",
            "percent": 100,
            "hz": 280
        },
        {
            "user": "Dougieman",
            "link": "https://youtu.be/wxR36JsmIj8",
            "percent": 100,
            "hz": 120,
            "mobile": true
        },
        {
            "user": "Vink",
            "link": "https://youtu.be/npzRo_I4Mys",
            "percent": 100,
            "hz": 120
        },
        {
            "user": "DashTH",
            "link": "https://www.youtube.com/watch?v=Juq_mfOjzCc",
            "percent": 100,
            "hz": 120
        },
        {
            "user": "MustafaAydin",
            "link": "https://youtu.be/Y9ZBGs1eCU4",
            "percent": 100,
            "hz": 120
        },
        {
            "user": "Shemenzy",
            "link": "https://www.youtube.com/watch?v=fSeSmxQkCMo",
            "percent": 100,
            "hz": 288
        },
        {
            "user": "xdgamer",
            "link": "https://www.youtube.com/watch?v=s2zdWnispCc",
            "percent": 100,
            "hz": 288
        },
        {
            "user": "C0mical",
            "link": "https://www.youtube.com/watch?v=ORHqtCNs3xk",
            "percent": 100,
            "hz": 288
        },
        {
            "user": "Andrew14916",
            "link": "https://www.youtube.com/watch?v=w4E3VeC05Vc&t=27s",
            "percent": 100,
            "hz": 288
        },
        {
            "user": "Snakez363",
            "link": "https://www.youtube.com/watch?v=1iEd2Xhs1SA",
            "percent": 100,
            "hz": 144
        },
        {
            "user": "blooff",
            "link": "https://www.youtube.com/watch?v=cX6WkpTwR-A",
            "percent": 100,
            "hz": 288
        },
        {
            "user": "kdomesz24",
            "link": "https://www.youtube.com/watch?v=fdKjRA92Hi8",
            "percent": 100,
            "hz": 144
        },
        {
            "user": "Normus",
            "link": "https://www.youtube.com/watch?v=UdaTLhzFtcM",
            "percent": 100,
            "hz": 360
        }
    ]
}
