{
    "id": 82281053,
    "name": "Shitty The Reaper",
    "author": "Kyoto",
    "creators": [],
    "verifier": "Kacro",
    "verification": "https://www.youtube.com/watch?v=D7IAfOz_OiM",
    "showcase": "https://youtu.be/FvGveVrIArE",
    "percentToQualify": 61,
    "records": [
        {
            "user": "KylashTheKiller",
            "link": "https://youtu.be/AKBuiDp2hPo",
            "percent": 100,
            "hz": 60
        },
        {
            "user": "skeeb",
            "link": "https://www.youtube.com/watch?v=BkagoicOO3U",
            "percent": 100,
            "hz": 288
        },
        {
            "user": "BrightBird",
            "link": "https://youtu.be/za4_AiFaI1s",
            "percent": 100,
            "hz": 288
        },
        {
            "user": "Dandy Chiggins",
            "link": "https://www.youtube.com/watch?v=TlnyW57J0dg",
            "percent": 100,
            "hz": 360
        }
    ]
}
