{
    "id": 60988234,
    "name": "Shitty The Golden",
    "author": "Serpyy",
    "creators": [],
    "verifier": "Serpyy",
    "verification": "https://youtu.be/6mBUCC8dlCY",
    "showcase": "https://youtu.be/NSULinHoDfA",
    "percentToQualify": 64,
    "records": [
        {
            "user": "Starprint",
            "link": "https://youtu.be/amrmrLjyy9Q",
            "percent": 100,
            "hz": 240
        },
        {
            "user": "Fh1r",
            "link": "https://www.youtube.com/watch?v=GJJoR3QzU1g",
            "percent": 100,
            "hz": 280
        },
        {
            "user": "sand1234",
            "link": "https://www.youtube.com/watch?v=_MyAoz49ebQ&feature=youtu.be",
            "percent": 100,
            "hz": 144
        },
        {
            "user": "zMarc",
            "link": "https://youtu.be/bQP9DALtRyA",
            "percent": 100,
            "hz": 300
        },
        {
            "user": "Xanii",
            "link": "https://youtu.be/DC34bT4OKlE",
            "percent": 100,
            "hz": 240
        },
        {
            "user": "GDMeric",
            "link": "https://youtu.be/3thN6SRQ-Uc",
            "percent": 100,
            "hz": 144
        },
        {
            "user": "nayf",
            "link": "https://youtu.be/h_pY3Wcq3wg",
            "percent": 100,
            "hz": 360
        },
        {
            "user": "Magmeta",
            "link": "https://www.youtube.com/watch?v=fP-ywcYMj2k",
            "percent": 100,
            "hz": 300
        },
        {
            "user": "HamburgerMan",
            "link": "https://www.youtube.com/watch?v=ppBpFy-_eHI",
            "percent": 100,
            "hz": 240
        },
        {
            "user": "Vink",
            "link": "https://youtu.be/N7xfJ3cnHiw",
            "percent": 100,
            "hz": 120
        },
        {
            "user": "Conical",
            "link": "https://youtu.be/Dr9CCbQBQ1k",
            "percent": 100,
            "hz": 180
        },
        {
            "user": "Th13teen",
            "link": "https://www.youtube.com/watch?v=IKddXU89Vjw&feature=youtu.be",
            "percent": 100,
            "hz": 240
        },
        {
            "user": "Renar333",
            "link": "https://youtu.be/pr-nb7n_2-0",
            "percent": 100,
            "hz": 120
        },
        {
            "user": "Bleamer",
            "link": "https://www.youtube.com/watch?v=_o95uAZFsBA",
            "percent": 100,
            "hz": 288
        },
        {
            "user": "aurora",
            "link": "https://youtu.be/KPoUdXQ062o",
            "percent": 82,
            "hz": 240
        },
        {
            "user": "Sydney",
            "link": "https://www.youtube.com/watch?v=SEtbwV63cgI",
            "percent": 100,
            "hz": 144
        },
        {
            "user": "iRaily",
            "link": "https://youtu.be/o62wMSoTKgQ",
            "percent": 100,
            "hz": 144
        },
        {
            "user": "Ryth",
            "link": "https://youtu.be/NvSbanfvN6w?t=1220",
            "percent": 100,
            "hz": 288
        },
        {
            "user": "Hixobit",
            "link": "https://www.youtube.com/watch?v=FSY630n5J2o",
            "percent": 100,
            "hz": 300
        },
        {
            "user": "xRiver007",
            "link": "https://www.youtube.com/watch?v=3nmjby3pYp0",
            "percent": 100,
            "hz": 240
        },
        {
            "user": "Lawnmower",
            "link": "https://youtu.be/GTiIYOGFa6Y",
            "percent": 100,
            "hz": 288
        },
        {
            "user": "rslashknight",
            "link": "https://youtu.be/zY5SisErn68",
            "percent": 100,
            "hz": 144
        },
        {
            "user": "Emonadeo",
            "link": "https://www.youtube.com/watch?v=lQ8hk-YjuOc",
            "percent": 100,
            "hz": 240
        },
        {
            "user": "zGod",
            "link": "https://www.youtube.com/watch?v=wg98v0Z_leM&feature=youtu.be",
            "percent": 100,
            "hz": 240
        },
        {
            "user": "Kobra456",
            "link": "https://youtu.be/upJQ4OYQbfg",
            "percent": 100,
            "hz": 144
        },
        {
            "user": "FrostBurn",
            "link": "https://youtu.be/r8iYLcQDhLE",
            "percent": 100,
            "hz": 144
        },
        {
            "user": "Praerius",
            "link": "https://www.youtube.com/watch?v=_pfnTpPZyss&feature=youtu.be",
            "percent": 100,
            "hz": 288
        },
        {
            "user": "orizu",
            "link": "https://www.youtube.com/watch?v=PhC5mJkxvCY",
            "percent": 100,
            "hz": 240
        },
        {
            "user": "Aber",
            "link": "https://www.youtube.com/watch?v=aAvU4ucDEJA",
            "percent": 100,
            "hz": 144
        },
        {
            "user": "CavEmaN_mElviN",
            "link": "https://www.youtube.com/watch?v=knGsRWAtThM",
            "percent": 100,
            "hz": 300
        },
        {
            "user": "samthemank",
            "link": "https://www.youtube.com/watch?v=y1dWCI7wYLM",
            "percent": 100,
            "hz": 144
        },
        {
            "user": "ddddr",
            "link": "https://www.youtube.com/watch?v=jrNaiDEk81U",
            "percent": 100,
            "hz": 144
        },
        {
            "user": "xBlur",
            "link": "https://youtu.be/YrDtMw_eQLQ",
            "percent": 100,
            "hz": 240
        },
        {
            "user": "Depi YDN",
            "link": "https://www.youtube.com/watch?v=JRuAr3cW2mE",
            "percent": 100,
            "hz": 240
        },
        {
            "user": "TzAnder",
            "link": "https://youtu.be/MlTJ1Bh1kLo",
            "percent": 100,
            "hz": 75
        },
        {
            "user": "HellKniveTeamZ",
            "link": "https://www.youtube.com/watch?v=oTy0RheBpP8&t=9s",
            "percent": 100,
            "hz": 144
        },
        {
            "user": "Lostical",
            "link": "https://www.youtube.com/watch?v=ahHUjgGvxn4&",
            "percent": 85,
            "hz": 144
        },
        {
            "user": "Aquii",
            "link": "https://youtu.be/TjC-abW7wEM",
            "percent": 100,
            "hz": 240
        },
        {
            "user": "WowoGD",
            "link": "https://youtu.be/ldolFnrkZns",
            "percent": 100,
            "hz": 240
        },
        {
            "user": "Zeronium",
            "link": "https://www.youtube.com/watch?v=fmXv7Et0FEo",
            "percent": 100,
            "hz": 144
        },
        {
            "user": "geothermalguy",
            "link": "https://youtu.be/zhYElf806go",
            "percent": 100,
            "hz": 240
        },
        {
            "user": "Ryclix",
            "link": "https://www.youtube.com/watch?v=_SdFz85UMBs&t=1048s",
            "percent": 100,
            "hz": 288
        },
        {
            "user": "Kapinapi",
            "link": "https://www.youtube.com/watch?v=Hs9QOerNPJc&t=664",
            "percent": 100,
            "hz": 144
        },
        {
            "user": "SlimmeFelix",
            "link": "https://www.youtube.com/watch?v=kpslVCANOpM",
            "percent": 89,
            "hz": 144
        },
        {
            "user": "SAOkiritolol",
            "link": "https://youtu.be/0SYKprGHC80",
            "percent": 100,
            "hz": 240
        },
        {
            "user": "BensonGD",
            "link": "https://www.youtube.com/watch?v=bBi65g2YDSE",
            "percent": 100,
            "hz": 300
        },
        {
            "user": "Tai0",
            "link": "https://youtu.be/h26gNIDlIzY",
            "percent": 100,
            "hz": 120
        },
        {
            "user": "nubeg",
            "link": "https://www.youtube.com/watch?v=mT7aRpZq5jA",
            "percent": 100,
            "hz": 240
        },
        {
            "user": "Spinach",
            "link": "https://youtu.be/zZUR50x5T2M",
            "percent": 100,
            "hz": 288
        },
        {
            "user": "Nitronic",
            "link": "https://www.youtube.com/watch?v=pw3i67mF0U4&t=15s",
            "percent": 100,
            "hz": 144
        },
        {
            "user": "Dustik",
            "link": "https://www.youtube.com/watch?v=Z_BZ5ivSmPo&ab_channel=Dustik",
            "percent": 100,
            "hz": 144
        },
        {
            "user": "XxYourNan69420xD",
            "link": "https://www.youtube.com/watch?v=6knzH9VHyb4&ab_channel=mineman2005",
            "percent": 100,
            "hz": 144
        },
        {
            "user": "Belleelle",
            "link": "https://www.youtube.com/watch?v=0wnY8rbIxUM&list=PLGwrnSCBOYcmu2wTu09_t2zDYkw3uabqL&index=2",
            "percent": 100,
            "hz": 144
        },
        {
            "user": "npesta",
            "link": "https://youtu.be/uchzh0YcWvA",
            "percent": 100,
            "hz": 240
        },
        {
            "user": "ElijahJordan2",
            "link": "https://www.youtube.com/watch?v=NrrGvHFbIxg&ab_channel=GDlevels",
            "percent": 100,
            "hz": 144
        },
        {
            "user": "iRaserG",
            "link": "https://youtu.be/0yOXE2iMS1o",
            "percent": 100,
            "hz": 120
        },
        {
            "user": "ragerod",
            "link": "https://www.youtube.com/watch?v=A3WslBbLj0U&feature=youtu.be",
            "percent": 100,
            "hz": 180
        },
        {
            "user": "Harpax",
            "link": "https://www.youtube.com/watch?v=jo9EXQ3J09Q",
            "percent": 100,
            "hz": 75
        },
        {
            "user": "DerflaX",
            "link": "https://www.youtube.com/watch?v=UaawS9xYcXw",
            "percent": 100,
            "hz": 240
        },
        {
            "user": "iSantiGD3",
            "link": "https://www.youtube.com/watch?v=ute1uX97XeM&feature=youtu.be",
            "percent": 76,
            "hz": 60
        },
        {
            "user": "smartboyy28",
            "link": "https://www.youtube.com/watch?v=ZYlpN-Ig_qs",
            "percent": 100,
            "hz": 300
        },
        {
            "user": "Franzy",
            "link": "https://youtu.be/a-KcNFhJhDE",
            "percent": 100,
            "hz": 120
        },
        {
            "user": "JJustalex",
            "link": "https://youtu.be/YpXW2WRvdSM",
            "percent": 66,
            "hz": 240
        },
        {
            "user": "OmegaAvex",
            "link": "https://www.youtube.com/watch?v=FByOSZE25KQ&feature=youtu.be",
            "percent": 100,
            "hz": 240
        },
        {
            "user": "KirbyLuve",
            "link": "https://youtu.be/1yMxBwTZtxM",
            "percent": 100,
            "hz": 240
        },
        {
            "user": "ItzAvilon",
            "link": "https://youtu.be/1YDuKsMeta8",
            "percent": 88,
            "hz": 75
        },
        {
            "user": "Kresuu",
            "link": "https://youtu.be/Ahpy8cLvzjg",
            "percent": 100,
            "hz": 144
        },
        {
            "user": "fakeiwnl",
            "link": "https://www.youtube.com/watch?v=9hmRczugD-4&feature=youtu.be",
            "percent": 100,
            "hz": 288
        },
        {
            "user": "SuPPerBBoy [GD]",
            "link": "https://www.youtube.com/watch?v=z6yTpQEqpCY&t=84s",
            "percent": 100,
            "hz": 300
        },
        {
            "user": "AlejandroGD17",
            "link": "https://www.youtube.com/watch?v=lTQlXB8mjkA&ab_channel=AlejandroGD",
            "percent": 100,
            "hz": 60
        },
        {
            "user": "XLGamer10",
            "link": "https://www.youtube.com/watch?v=ycGR30Ep5_o",
            "percent": 100,
            "hz": 288
        },
        {
            "user": "Lamellae",
            "link": "https://youtu.be/glc3mhwGVMs",
            "percent": 88,
            "hz": 240
        },
        {
            "user": "GlowingTico",
            "link": "https://www.youtube.com/watch?v=J3nnRoCdB0g",
            "percent": 100,
            "hz": 240
        },
        {
            "user": "ySparrowz",
            "link": "https://www.youtube.com/watch?v=u7Bmk8JxJjA",
            "percent": 100,
            "hz": 240
        },
        {
            "user": "IDeltaPhantomI",
            "link": "https://youtu.be/RJnuwxgVj3E",
            "percent": 100,
            "hz": 240
        },
        {
            "user": "FornaxGD",
            "link": "https://www.youtube.com/watch?v=JnBDUtN7Wfw",
            "percent": 100,
            "hz": 240
        },
        {
            "user": "ImScoping",
            "link": "https://youtu.be/HRVL_ihhAwk",
            "percent": 100,
            "hz": 288
        },
        {
            "user": "HardcoreFlyer",
            "link": "https://www.youtube.com/watch?v=5Qx1c4xja4c",
            "percent": 72,
            "hz": 60
        },
        {
            "user": "billyg1122",
            "link": "https://www.youtube.com/watch?v=0H5ICKN3Of0&feature=youtu.be",
            "percent": 75,
            "hz": 240
        },
        {
            "user": "Weedeater69420",
            "link": "https://www.youtube.com/watch?v=nniUg8XmXk0",
            "percent": 100,
            "hz": 280
        },
        {
            "user": "Delphin",
            "link": "https://youtu.be/H25OdcWDOog",
            "percent": 100,
            "hz": 75
        },
        {
            "user": "Creatormichaelr",
            "link": "https://youtu.be/e9hvnYAz6gQ",
            "percent": 100,
            "hz": 300
        },
        {
            "user": "Nilusape",
            "link": "https://www.youtube.com/watch?v=bartC20JXXE&feature=youtu.be",
            "percent": 100,
            "hz": 120
        },
        {
            "user": "JakeN2436",
            "link": "https://www.youtube.com/watch?v=bQGnpM83bXo",
            "percent": 100,
            "hz": 240
        },
        {
            "user": "Samuuu18",
            "link": "https://www.youtube.com/watch?v=UyyeRQ138uc&feature=youtu.be",
            "percent": 100,
            "hz": 180
        },
        {
            "user": "StampZ",
            "link": "https://youtu.be/iIBOPMr60cw",
            "percent": 100,
            "hz": 144
        },
        {
            "user": "iiilaseriii",
            "link": "https://youtu.be/aa3jv89ylqI",
            "percent": 100,
            "hz": 144
        },
        {
            "user": "Quadra33",
            "link": "https://www.youtube.com/watch?v=Z9afaOPiokk&feature=youtu.be&ab_channel=quadra33",
            "percent": 100,
            "hz": 144
        },
        {
            "user": "TheSlammed",
            "link": "https://youtu.be/ihb103vrNPo",
            "percent": 100,
            "hz": 180
        },
        {
            "user": "CharlieLance",
            "link": "https://www.youtube.com/watch?v=9RbPPtANGlI&ab_channel=CharlieLance",
            "percent": 100,
            "hz": 280
        },
        {
            "user": "Hulunn",
            "link": "https://www.youtube.com/watch?v=X76CZ5yKpoo",
            "percent": 100,
            "hz": 300
        },
        {
            "user": "Peachy",
            "link": "https://youtu.be/hMiJCY-lWkg",
            "percent": 100,
            "hz": 144
        },
        {
            "user": "Mystycal",
            "link": "https://youtu.be/BlguVfK2FHw",
            "percent": 100,
            "hz": 280
        },
        {
            "user": "ZerniasX",
            "link": "https://youtu.be/y9Gicakj7v4",
            "percent": 100,
            "hz": 100
        },
        {
            "user": "Xela343",
            "link": "https://www.youtube.com/watch?v=NjTx70FLLOQ&feature=youtu.be",
            "percent": 100,
            "hz": 240
        },
        {
            "user": "zWhirlpool",
            "link": "https://www.youtube.com/watch?v=UNb0j11i77w",
            "percent": 100,
            "hz": 144
        },
        {
            "user": "dots",
            "link": "https://youtu.be/z-1TZE93oBs",
            "percent": 100,
            "hz": 180
        },
        {
            "user": "Gabe007",
            "link": "https://www.youtube.com/watch?v=M9IPFAbMaAY",
            "percent": 100,
            "hz": 120
        },
        {
            "user": "Hazardousgamer",
            "link": "https://www.youtube.com/watch?v=8GA7mZrLOqI",
            "percent": 100,
            "hz": 144
        },
        {
            "user": "Spectral",
            "link": "https://www.youtube.com/watch?v=YWCAVt5Xcho",
            "percent": 100,
            "hz": 144
        },
        {
            "user": "attrixia",
            "link": "https://youtu.be/7KMDfZlpaiE",
            "percent": 100,
            "hz": 144
        },
        {
            "user": "Edduh",
            "link": "https://www.youtube.com/watch?v=pVdM5oz2bn0",
            "percent": 100,
            "hz": 144
        },
        {
            "user": "TkcpeR",
            "link": "https://youtu.be/hAcGyDcp9mc",
            "percent": 100,
            "hz": 240
        },
        {
            "user": "Lelzi",
            "link": "https://youtu.be/c3arqWaLa9U",
            "percent": 100,
            "hz": 144
        },
        {
            "user": "CobGD",
            "link": "https://www.youtube.com/watch?v=cdiKgmoljSY",
            "percent": 100,
            "hz": 144
        },
        {
            "user": "LLunaa",
            "link": "https://youtu.be/nMG6kGmMxHo",
            "percent": 100,
            "hz": 144
        },
        {
            "user": "GD CrimsonKing22",
            "link": "https://www.youtube.com/watch?v=bYvNGPatf-8&ab_channel=ShittyCrimsonking",
            "percent": 100,
            "hz": 288
        },
        {
            "user": "WildWaffle",
            "link": "https://youtu.be/jO-3OezclFo",
            "percent": 100,
            "hz": 144
        },
        {
            "user": "Soul",
            "link": "https://www.youtube.com/watch?v=FHgWqMynSW8",
            "percent": 84,
            "hz": 240
        },
        {
            "user": "ItzMimo",
            "link": "https://youtu.be/CntK4Ota9Eg",
            "percent": 100,
            "hz": 240
        },
        {
            "user": "Matthlew",
            "link": "https://youtu.be/b26YxtiY4Mo",
            "percent": 100,
            "hz": 144
        },
        {
            "user": "Zoink Doink",
            "link": "https://youtu.be/pvjrSNVwxnc",
            "percent": 100,
            "hz": 60,
            "mobile": true
        },
        {
            "user": "AustinGD",
            "link": "https://youtu.be/8GL1tVpzlxo",
            "percent": 100,
            "hz": 240
        },
        {
            "user": "SuseJRG",
            "link": "https://www.youtube.com/watch?v=dRVFcfxPzZo&feature=youtu.be",
            "percent": 100,
            "hz": 120
        },
        {
            "user": "wshedd",
            "link": "https://youtu.be/B74gAH9kSoY",
            "percent": 100,
            "hz": 165
        },
        {
            "user": "Nexor_r",
            "link": "https://youtu.be/llkaf-akc3g",
            "percent": 100,
            "hz": 165
        },
        {
            "user": "kloone",
            "link": "https://youtu.be/ryVlUZ5iD_w",
            "percent": 100,
            "hz": 300
        },
        {
            "user": "rzf",
            "link": "https://www.youtube.com/watch?v=bU5M_IU6J0I",
            "percent": 100,
            "hz": 144
        },
        {
            "user": "yonggal",
            "link": "https://youtu.be/wXhuHNHClRk",
            "percent": 100,
            "hz": 288
        },
        {
            "user": "Shworp",
            "link": "https://www.youtube.com/watch?v=rWTl5Y4n1Rk",
            "percent": 100,
            "hz": 300
        },
        {
            "user": "gdXposed",
            "link": "https://youtu.be/D03FqkVm2YQ",
            "percent": 100,
            "hz": 240
        },
        {
            "user": "BlueTomcat",
            "link": "https://youtu.be/PBtwpPpSMmo",
            "percent": 100,
            "hz": 144
        },
        {
            "user": "Tim\u00e9o",
            "link": "https://youtu.be/c8XEPHYDRa0",
            "percent": 100,
            "hz": 144
        },
        {
            "user": "DMK",
            "link": "https://youtu.be/5uQQY2Ib9yo",
            "percent": 100,
            "hz": 144
        },
        {
            "user": "SrGuillester",
            "link": "https://www.youtube.com/watch?v=fHqhy9bO00o",
            "percent": 100,
            "hz": 144
        },
        {
            "user": "Myz",
            "link": "https://youtu.be/hIMJWWngh9A",
            "percent": 100,
            "hz": 300
        },
        {
            "user": "gotrice",
            "link": "https://youtu.be/yHlxd2A0rS8",
            "percent": 100,
            "hz": 300
        },
        {
            "user": "bnuuy",
            "link": "https://www.youtube.com/watch?v=-SV7O1-5M78",
            "percent": 100,
            "hz": 360
        },
        {
            "user": "Galaxyx",
            "link": "https://youtu.be/9EEnoKnDmUA",
            "percent": 100,
            "hz": 180
        },
        {
            "user": "xdgamer",
            "link": "https://www.youtube.com/watch?v=r_-6TL3cpOM",
            "percent": 100,
            "hz": 180
        },
        {
            "user": "GD Catalyst",
            "link": "https://www.youtube.com/watch?v=ihqdpps93Bk",
            "percent": 100,
            "hz": 144
        },
        {
            "user": "XdBearee",
            "link": "https://www.youtube.com/watch?v=6CEbj5-t2rY",
            "percent": 100,
            "hz": 120
        },
        {
            "user": "Erdus7",
            "link": "https://www.youtube.com/watch?v=pk9ExMOOnoY",
            "percent": 100,
            "hz": 180
        },
        {
            "user": "LGsus23",
            "link": "https://www.youtube.com/watch?v=e_sdkpC1O74",
            "percent": 100,
            "hz": 220
        },
        {
            "user": "Black Hacker",
            "link": "https://youtu.be/sG1PNP4hbTk",
            "percent": 100,
            "hz": 300
        },
        {
            "user": "LunarSpark",
            "link": "https://youtu.be/V9X9QAHyN-U",
            "percent": 100,
            "hz": 288
        },
        {
            "user": "Peddels",
            "link": "https://www.youtube.com/watch?v=XGZPm4t2oqA&ab_channel=Pedls",
            "percent": 100,
            "hz": 288
        },
        {
            "user": "TravelChimp",
            "link": "https://youtu.be/dJyFBBEMV60",
            "percent": 100,
            "hz": 288
        },
        {
            "user": "jOnel",
            "link": "https://www.youtube.com/watch?v=_aaPRPo7J80",
            "percent": 100,
            "hz": 360
        },
        {
            "user": "Patrick61804",
            "link": "https://www.youtube.com/watch?v=_aaPRPo7J80",
            "percent": 100,
            "hz": 240
        },
        {
            "user": "LucasFLR",
            "link": "https://youtu.be/6weWrL-KmX4",
            "percent": 100,
            "hz": 120
        },
        {
            "user": "KSol72",
            "link": "https://youtu.be/VmJEZGA_PKQ",
            "percent": 100,
            "hz": 300
        },
        {
            "user": "Not mhrr",
            "link": "https://www.youtube.com/watch?v=dUeUF1eMpX4&ab_channel=NotMhrrNotMhrr",
            "percent": 100,
            "hz": 144
        },
        {
            "user": "ItzShittyDoVi",
            "link": "https://youtu.be/8UONBmS4md0",
            "percent": 100,
            "hz": 120
        },
        {
            "user": "WilltheRen",
            "link": "https://youtu.be/B0pdk-tQRjs",
            "percent": 100,
            "hz": 165
        },
        {
            "user": "MichaelRuby",
            "link": "https://medal.tv/clips/52738014/d1337fBtBSBf",
            "percent": 100,
            "hz": 144
        },
        {
            "user": "lMayel",
            "link": "https://www.youtube.com/watch?v=FGeM4tJT5WQ",
            "percent": 100,
            "hz": 144
        },
        {
            "user": "IKuster",
            "link": "https://youtu.be/W1zZq8WOlmI",
            "percent": 100,
            "hz": 120
        },
        {
            "user": "BraceGD",
            "link": "https://www.youtube.com/watch?v=HRj6aaX4CHA",
            "percent": 100,
            "hz": 300
        },
        {
            "user": "Realiosteelio",
            "link": "https://youtu.be/5WBERe8EqJs",
            "percent": 100,
            "hz": 360
        },
        {
            "user": "danialves555",
            "link": "https://youtu.be/UVquXSjnI8s",
            "percent": 100,
            "hz": 240
        },
        {
            "user": "RoboJesus",
            "link": "https://www.youtube.com/watch?v=7-W4fxQ7Ei4",
            "percent": 100,
            "hz": 144
        },
        {
            "user": "SupaX_",
            "link": "https://youtu.be/sXir3_8MLZU",
            "percent": 100,
            "hz": 240
        },
        {
            "user": "Kreeg",
            "link": "https://www.youtube.com/watch?v=ms0n-5Difoc",
            "percent": 100,
            "hz": 144
        },
        {
            "user": "SnoopyHyperion6",
            "link": "https://www.youtube.com/watch?v=Em22f724mAE",
            "percent": 100,
            "hz": 240
        },
        {
            "user": "Nivle",
            "link": "https://www.youtube.com/watch?v=AYYO0vbhYYs",
            "percent": 100,
            "hz": 144
        },
        {
            "user": "Rubix",
            "link": "https://youtu.be/E8dW2P1w39w",
            "percent": 100,
            "hz": 300
        },
        {
            "user": "YOUNGBOY",
            "link": "https://www.youtube.com/watch?v=qmzdh8tNMEI",
            "percent": 100,
            "hz": 240
        },
        {
            "user": "Bibus [ET]",
            "link": "https://www.youtube.com/watch?v=FxiKkeKEoHg&t=1s",
            "percent": 100,
            "hz": 300
        },
        {
            "user": "Frozono",
            "link": "https://youtu.be/gIeZXq1re28",
            "percent": 100,
            "hz": 60
        },
        {
            "user": "deex3",
            "link": "https://www.youtube.com/watch?v=0YRlK58qAPE",
            "percent": 100,
            "hz": 360
        },
        {
            "user": "Viridian",
            "link": "https://www.youtube.com/watch?v=0YRlK58qAPE",
            "percent": 100,
            "hz": 288
        },
        {
            "user": "Wyatt_GD",
            "link": "https://www.youtube.com/watch?v=GhcyY3JUR18",
            "percent": 100,
            "hz": 240
        },
        {
            "user": "Halledo",
            "link": "https://youtu.be/0fE4vzscBZM",
            "percent": 100,
            "hz": 144
        },
        {
            "user": "Delay",
            "link": "https://www.youtube.com/watch?v=iA-UtUw3axI",
            "percent": 100,
            "hz": 240
        },
        {
            "user": "Ershov",
            "link": "https://youtu.be/mPpx8h0XX-Q",
            "percent": 100,
            "hz": 360
        },
        {
            "user": "Sushiboys",
            "link": "https://youtu.be/_h8Vj6OlNs8",
            "percent": 100,
            "hz": 300
        },
        {
            "user": "HotNakji",
            "link": "https://www.youtube.com/watch?v=V4_EKXtki68&list=PLFs7LLmUVPK47Zu3kJ73eDFpodcyfpT6I&index=16",
            "percent": 100,
            "hz": 165
        },
        {
            "user": "JustCrust",
            "link": "https://youtu.be/rBxiouI59HM",
            "percent": 100,
            "hz": 60
        },
        {
            "user": "Nolife",
            "link": "https://www.youtube.com/watch?v=wPYZJOvmfr8",
            "percent": 100,
            "hz": 144
        },
        {
            "user": "LzKlauss",
            "link": "https://www.youtube.com/watch?v=-YAY0niNOS0",
            "percent": 100,
            "hz": 360
        },
        {
            "user": "7ssumi",
            "link": "https://youtu.be/VwPJ7eDCS9w",
            "percent": 100,
            "hz": 144
        },
        {
            "user": "Vicrf",
            "link": "https://www.youtube.com/watch?v=skW5xkLyEBQ&ab_channel=Vicente.-.raupp",
            "percent": 100,
            "hz": 240
        },
        {
            "user": "Shel",
            "link": "https://www.youtube.com/watch?v=WFM_JtFkhRA&ab_channel=Shel",
            "percent": 100,
            "hz": 144
        },
        {
            "user": "ItzMira",
            "link": "https://youtu.be/T8rcTIgm5A0",
            "percent": 100,
            "hz": 240
        },
        {
            "user": "DogeyBoi",
            "link": "https://youtu.be/mnilHfvejFQ",
            "percent": 100,
            "hz": 165
        },
        {
            "user": "RealEB2610",
            "link": "https://www.youtube.com/watch?v=liGU_mJYX0M",
            "percent": 100,
            "hz": 288
        },
        {
            "user": "MegaTop4ick [60Hz]",
            "link": "https://youtu.be/5jtRLhxGoZ4",
            "percent": 100,
            "hz": 240
        },
        {
            "user": "Dafty",
            "link": "https://www.youtube.com/watch?v=R0QbrOv7y_I",
            "percent": 100,
            "hz": 360
        },
        {
            "user": "Sleepykiller",
            "link": "https://www.youtube.com/watch?v=ivs_-VvX83Y",
            "percent": 100,
            "hz": 360
        },
        {
            "user": "volokno",
            "link": "https://www.youtube.com/watch?v=V7zWjvl8H5U",
            "percent": 100,
            "hz": 288
        },
        {
            "user": "vlubz",
            "link": "https://www.youtube.com/watch?v=nr1yCKifH48",
            "percent": 100,
            "hz": 144
        },
        {
            "user": "LustKumita",
            "link": "https://www.youtube.com/watch?v=H2f9t5a-bJ4",
            "percent": 69,
            "hz": 75
        },
        {
            "user": "JonnePro77",
            "link": "https://www.youtube.com/watch?v=e_QiSHj6Tiw",
            "percent": 100,
            "hz": 360
        },
        {
            "user": "zDusti",
            "link": "https://www.youtube.com/watch?v=nn-UzTnEXuM",
            "percent": 100,
            "hz": 360
        },
        {
            "user": "uR1",
            "link": "https://www.youtube.com/watch?v=N__t1t5gICw",
            "percent": 100,
            "hz": 240
        },
        {
            "user": "arielus05",
            "link": "https://youtu.be/Xqvsx-w-xvE",
            "percent": 100,
            "hz": 144
        },
        {
            "user": "ChristianGD2309",
            "link": "https://www.twitch.tv/videos/1155300946",
            "percent": 100,
            "hz": 60
        },
        {
            "user": "ZedGMD",
            "link": "https://www.youtube.com/watch?v=-kZEYVC-hp0&",
            "percent": 100,
            "hz": 160
        },
        {
            "user": "Cooliguess",
            "link": "https://www.youtube.com/watch?v=ABx_NaXxGWU&ab_channel=yesno",
            "percent": 100,
            "hz": 360
        },
        {
            "user": "DingXD",
            "link": "https://www.youtube.com/watch?v=OgT9todWEm4",
            "percent": 100,
            "hz": 240
        },
        {
            "user": "CrisGi",
            "link": "https://www.youtube.com/watch?v=7Tdt1vefZKY",
            "percent": 100,
            "hz": 360
        },
        {
            "user": "Davine_007",
            "link": "https://youtu.be/N7KG9Cchhlk",
            "percent": 100,
            "hz": 144
        },
        {
            "user": "Hasik",
            "link": "https://www.youtube.com/watch?v=G0OjvVpP8uQ",
            "percent": 100,
            "hz": 165
        },
        {
            "user": "Santyr",
            "link": "https://youtu.be/TdHPK7Vl5-E",
            "percent": 100,
            "hz": 360
        },
        {
            "user": "Ploffy",
            "link": "https://youtu.be/7mcA-gV8IJQ",
            "percent": 100,
            "hz": 330
        },
        {
            "user": "WilzX",
            "link": "https://www.youtube.com/watch?v=7tSHMYZkDnY",
            "percent": 100,
            "hz": 200
        },
        {
            "user": "spoop",
            "link": "https://youtu.be/bX9AJQRrIN8",
            "percent": 100,
            "hz": 360
        },
        {
            "user": "h4tecr1me.",
            "link": "https://youtu.be/DYR4LF9c0KU",
            "percent": 100,
            "hz": 144
        },
        {
            "user": "Keruo",
            "link": "https://youtu.be/srUFPnl-HAk",
            "percent": 100,
            "hz": 144
        },
        {
            "user": "Mortex",
            "link": "https://youtu.be/mf2L4dKawFI",
            "percent": 100,
            "hz": 240
        },
        {
            "user": "Dandy Chiggins",
            "link": "https://www.youtube.com/watch?v=EucUD-v7_dQ",
            "percent": 100,
            "hz": 240
        },
        {
            "user": "NEMTyt",
            "link": "https://www.youtube.com/watch?v=iT7bZkRg7q0",
            "percent": 100,
            "hz": 144
        },
        {
            "user": "Strylah",
            "link": "https://www.youtube.com/watch?v=REjllb3TLa8",
            "percent": 100,
            "hz": 240
        },
        {
            "user": "Xtyles",
            "link": "https://www.youtube.com/watch?v=GwrGAj1LqNQ",
            "percent": 100,
            "hz": 360
        },
        {
            "user": "BrightBird",
            "link": "https://youtu.be/8rmcDY6f8TE",
            "percent": 100,
            "hz": 288
        },
        {
            "user": "Finki",
            "link": "https://www.youtube.com/watch?v=QGp4NX5sFh4",
            "percent": 100,
            "hz": 360
        },
        {
            "user": "KylashTheKiller",
            "link": "https://youtu.be/6X9ALInGtJU",
            "percent": 100,
            "hz": 60
        },
        {
            "user": "Andrew14916",
            "link": "https://www.youtube.com/watch?v=57Z-soyhGpc",
            "percent": 100,
            "hz": 288
        },
        {
            "user": "krispix",
            "link": "https://www.youtube.com/watch?v=s9y_eotSLOM",
            "percent": 100,
            "hz": 225
        },
        {
            "user": "Itsmegadash",
            "link": "https://www.youtube.com/watch?v=7WYwZobDs3A",
            "percent": 100,
            "hz": 180
        },
        {
            "user": "Chr8ts",
            "link": "https://www.youtube.com/watch?v=qH8NBJR4n64",
            "percent": 100,
            "hz": 240
        },
        {
            "user": "Korvak",
            "link": "https://youtu.be/fRizU_paJzo",
            "percent": 100,
            "hz": 240
        },
        {
            "user": "Zregus",
            "link": "https://www.twitch.tv/videos/1239063284",
            "percent": 100,
            "hz": 300
        },
        {
            "user": "NixHGD",
            "link": "https://youtu.be/ZfInLpGaUJI",
            "percent": 87,
            "hz": 240
        },
        {
            "user": "PatoQuack",
            "link": "https://www.youtube.com/watch?v=VGCFJGFSIEI",
            "percent": 100,
            "hz": 357
        },
        {
            "user": "TH54",
            "link": "https://youtu.be/vJ55605uH78",
            "percent": 100,
            "hz": 360
        },
        {
            "user": "1BerSerKerG",
            "link": "https://www.youtube.com/watch?v=rcLlTEdwqXE",
            "percent": 100,
            "hz": 240
        },
        {
            "user": "MfoGaming1219",
            "link": "https://youtu.be/l0d656Ce1eo",
            "percent": 100,
            "hz": 165
        },
        {
            "user": "Acacia",
            "link": "https://youtu.be/A2MZmxZvjs4",
            "percent": 100,
            "hz": 288
        },
        {
            "user": "snickles",
            "link": "https://youtu.be/KmJfgYADCg8",
            "percent": 100,
            "hz": 360
        },
        {
            "user": "Semperfusion",
            "link": "https://www.youtube.com/watch?v=NxjGn_TWfTA",
            "percent": 100,
            "hz": 360
        },
        {
            "user": "futuristicfire",
            "link": "https://www.youtube.com/watch?v=NVhJY7fD7ts",
            "percent": 100,
            "hz": 240
        },
        {
            "user": "Decin0",
            "link": "https://youtu.be/HzvLkiNugBI?t=6",
            "percent": 100,
            "hz": 288
        },
        {
            "user": "CaoticGD",
            "link": "https://youtu.be/cHK239HgCIc",
            "percent": 100,
            "hz": 360
        },
        {
            "user": "Certified Noob",
            "link": "https://youtu.be/ShiVbrK4UuA",
            "percent": 100,
            "hz": 165
        },
        {
            "user": "Rixen Ace",
            "link": "https://www.youtube.com/watch?v=V3AYR7tS8N8",
            "percent": 100,
            "hz": 165
        },
        {
            "user": "Kahzry",
            "link": "https://youtu.be/hy1qvfheYEI",
            "percent": 100,
            "hz": 144
        },
        {
            "user": "couldbeahuman",
            "link": "https://www.youtube.com/watch?v=DczwM8rHQ_4",
            "percent": 100,
            "hz": 360
        },
        {
            "user": "SoWOW",
            "link": "https://www.youtube.com/watch?v=chHX4pJEhr4",
            "percent": 100,
            "hz": 120,
            "mobile": true
        },
        {
            "user": "wolfblack54",
            "link": "https://youtu.be/ywsa7hqrcWQ",
            "percent": 100,
            "hz": 180
        },
        {
            "user": "Dijinald Cactus",
            "link": "https://www.youtube.com/watch?v=Lun9fKhKutI",
            "percent": 100,
            "hz": 120
        },
        {
            "user": "Dk",
            "link": "https://www.youtube.com/watch?v=hkW4jkcUAuQ",
            "percent": 100,
            "hz": 240
        },
        {
            "user": "Coffin",
            "link": "https://youtu.be/QlaS-sBB-gk",
            "percent": 66,
            "hz": 144
        },
        {
            "user": "IkuGD",
            "link": "https://youtu.be/fkW0u5ahYB4",
            "percent": 100,
            "hz": 60,
            "mobile": true
        },
        {
            "user": "RazerJCZ",
            "link": "https://www.youtube.com/watch?v=6P06e9MXXCQ",
            "percent": 100,
            "hz": 360
        },
        {
            "user": "MaxisGaming",
            "link": "https://www.youtube.com/watch?v=a_AzDW6CWYU&list=PLSP_Ybrgd_EJlyAyB_bxj_ROrSnGw6-FT&index=21",
            "percent": 83,
            "hz": 144
        },
        {
            "user": "NiXaNTy",
            "link": "https://youtu.be/cRf7rfkPvko",
            "percent": 100,
            "hz": 300
        },
        {
            "user": "Kookyeyes",
            "link": "https://www.youtube.com/watch?v=LUeNWNV85f0",
            "percent": 100,
            "hz": 360
        },
        {
            "user": "homegrowntag",
            "link": "https://youtu.be/Q0_MOdyHSc0",
            "percent": 100,
            "hz": 144
        },
        {
            "user": "neverbeenseen",
            "link": "https://youtu.be/53Fqund2XnA",
            "percent": 100,
            "hz": 360
        },
        {
            "user": "NigraGMD",
            "link": "https://www.youtube.com/watch?v=gThd4tmaXSc",
            "percent": 100,
            "hz": 144
        },
        {
            "user": "Maxis",
            "link": "https://youtu.be/7wi2Y77OWAk",
            "percent": 100,
            "hz": 144
        },
        {
            "user": "Holojen",
            "link": "https://youtu.be/h8O39i11vAE",
            "percent": 100,
            "hz": 288
        },
        {
            "user": "Riptide",
            "link": "https://youtu.be/pHwwmYc_UJM",
            "percent": 100,
            "hz": 120
        },
        {
            "user": "Senko-San",
            "link": "https://www.youtube.com/watch?v=evWOhO0UNsg",
            "percent": 100,
            "hz": 244
        },
        {
            "user": "Xarii_72",
            "link": "https://youtu.be/L1mykn4d29k",
            "percent": 100,
            "hz": 240
        },
        {
            "user": "tunbag_",
            "link": "https://youtu.be/8nhKirXfaMw",
            "percent": 100,
            "hz": 360
        },
        {
            "user": "iXope",
            "link": "https://youtu.be/4oGnG3snsXA",
            "percent": 100,
            "hz": 360
        },
        {
            "user": "YoshiL",
            "link": "https://youtu.be/pstoEc3hFYc",
            "percent": 100,
            "hz": 360
        },
        {
            "user": "NTB",
            "link": "https://www.youtube.com/watch?v=mZk6Z3Du8HY",
            "percent": 100,
            "hz": 300
        },
        {
            "user": "qarz",
            "link": "https://www.youtube.com/watch?v=jnItMp5B27U",
            "percent": 100,
            "hz": 144
        },
        {
            "user": "CookieGMD",
            "link": "https://www.youtube.com/watch?v=GbekkOnL1c0",
            "percent": 100,
            "hz": 360
        },
        {
            "user": "Andrxw",
            "link": "https://www.youtube.com/watch?v=lnCRDGrbtHQ",
            "percent": 100,
            "hz": 144
        },
        {
            "user": "gonza",
            "link": "https://www.youtube.com/watch?v=pXDCQhvTFiY",
            "percent": 100,
            "hz": 240
        },
        {
            "user": "Helgium",
            "link": "https://youtu.be/2Qir2x3kfpg",
            "percent": 100,
            "hz": 360
        },
        {
            "user": "Sobean",
            "link": "https://www.youtube.com/watch?v=rzatj-LfEgU",
            "percent": 100,
            "hz": 240
        },
        {
            "user": "LKuteshi",
            "link": "https://youtu.be/K_JI29G-6_4",
            "percent": 100,
            "hz": 120,
            "mobile": true
        },
        {
            "user": "SashaProPlay",
            "link": "https://youtu.be/eMNyHJbPi8o",
            "percent": 100,
            "hz": 240
        },
        {
            "user": "Voltrux",
            "link": "https://www.youtube.com/watch?v=H2tEo8ddByE",
            "percent": 100,
            "hz": 360
        },
        {
            "user": "Vaoen",
            "link": "https://youtu.be/Ql9ZXDUnaEg",
            "percent": 100,
            "hz": 288
        },
        {
            "user": "FuPlug",
            "link": "https://www.youtube.com/watch?v=CSJMJ2XlC-E",
            "percent": 100,
            "hz": 144
        },
        {
            "user": "ihopxe",
            "link": "https://www.youtube.com/watch?v=rqnQhmHZLbA",
            "percent": 100,
            "hz": 240
        },
        {
            "user": "raggedy",
            "link": "https://www.youtube.com/watch?v=8NThxZuCmi8",
            "percent": 100,
            "hz": 360
        },
        {
            "user": "rikkocreativity",
            "link": "https://www.youtube.com/watch?v=38ce0jbztpk",
            "percent": 100,
            "hz": 240
        },
        {
            "user": "Ka4epra",
            "link": "https://www.youtube.com/watch?v=m-erTP7K8rU",
            "percent": 100,
            "hz": 300
        },
        {
            "user": "bistik",
            "link": "https://youtu.be/1a67doWXniA?t=450",
            "percent": 100,
            "hz": 360
        },
        {
            "user": "MelonGL",
            "link": "https://www.youtube.com/watch?v=c8p34GzwfuY",
            "percent": 100,
            "hz": 300
        },
        {
            "user": "ImplosionGD",
            "link": "https://youtu.be/L_IIfhsMP6o",
            "percent": 100,
            "hz": 360
        },
        {
            "user": "bananamf",
            "link": "https://www.youtube.com/watch?v=ZpvK2D9NiKQ",
            "percent": 100,
            "hz": 165
        },
        {
            "user": "lucap123",
            "link": "https://www.youtube.com/watch?v=jKLOQXSOasc",
            "percent": 100,
            "hz": 144
        },
        {
            "user": "jacka1",
            "link": "https://youtu.be/Yw_B4-76Jzs",
            "percent": 83,
            "hz": 360
        },
        {
            "user": "Cuin",
            "link": "https://youtu.be/qNdBA72lc_4",
            "percent": 100,
            "hz": 240
        },
        {
            "user": "Nectro",
            "link": "https://www.twitch.tv/videos/1513822197?filter=highlights&sort=time",
            "percent": 66,
            "hz": 360
        },
        {
            "user": "Exnayder",
            "link": "https://youtu.be/Gw0qZDKdigs",
            "percent": 81,
            "hz": 60
        },
        {
            "user": "starships",
            "link": "https://youtu.be/g3t52Y5LFn4",
            "percent": 100,
            "hz": 360
        },
        {
            "user": "HendrixT14",
            "link": "https://youtu.be/asLLcrfONrY",
            "percent": 74,
            "hz": 144
        },
        {
            "user": "SiriguyGD",
            "link": "https://www.youtube.com/watch?v=owpI7-rWrpo&t=4s",
            "percent": 100,
            "hz": 240
        },
        {
            "user": "woi",
            "link": "https://youtu.be/PAKBYPPEKms",
            "percent": 100,
            "hz": 360
        },
        {
            "user": "wienerrr",
            "link": "https://www.youtube.com/watch?v=U8NFiz4PUrU",
            "percent": 100,
            "hz": 360
        },
        {
            "user": "Nobelix",
            "link": "https://youtu.be/vlddlbbQoqg",
            "percent": 100,
            "hz": 360
        },
        {
            "user": "Romafire",
            "link": "https://youtu.be/2WkvLxcuy4E",
            "percent": 100,
            "hz": 120
        },
        {
            "user": "Dxst",
            "link": "https://www.youtube.com/watch?v=yRJH3JgSEL8",
            "percent": 100,
            "hz": 300
        },
        {
            "user": "GlitchyGlotch",
            "link": "https://youtu.be/LLQboLvBBjs",
            "percent": 100,
            "hz": 360
        },
        {
            "user": "Buk",
            "link": "https://www.youtube.com/watch?v=j0QBtT1GkG8",
            "percent": 100,
            "hz": 360
        },
        {
            "user": "Airi~",
            "link": "https://youtu.be/L59j15G2crc",
            "percent": 100,
            "hz": 144
        },
        {
            "user": "Snakez363",
            "link": "https://youtu.be/epuRX37UMjQ",
            "percent": 100,
            "hz": 144
        },
        {
            "user": "f1resent",
            "link": "https://www.youtube.com/watch?v=gJf8YRgoV4E&ab_channel=f1resent",
            "percent": 100,
            "hz": 240
        },
        {
            "user": "Dylinator",
            "link": "https://youtu.be/rynujgnsvEY?t=4",
            "percent": 100,
            "hz": 360
        },
        {
            "user": "AshenID",
            "link": "https://youtu.be/1frXmDwcODo",
            "percent": 100,
            "hz": 144,
            "mobile": true
        },
        {
            "user": "cosmy",
            "link": "https://www.youtube.com/watch?v=KeW4Fglf3R8",
            "percent": 100,
            "hz": 144
        },
        {
            "user": "L3gend",
            "link": "https://www.youtube.com/watch?v=WedaZLdZoPs",
            "percent": 100,
            "hz": 360
        },
        {
            "user": "AleczD",
            "link": "https://www.youtube.com/watch?v=wx0CdsXavu4",
            "percent": 100,
            "hz": 240
        },
        {
            "user": "Sr_Panini",
            "link": "https://www.youtube.com/watch?v=xgKAW-XBXls",
            "percent": 100,
            "hz": 288
        },
        {
            "user": "prnoob",
            "link": "https://www.youtube.com/watch?v=622WNMwm1lA",
            "percent": 100,
            "hz": 144
        },
        {
            "user": "TheKalvinator",
            "link": "https://youtu.be/0v0-5k_wUIE",
            "percent": 100,
            "hz": 240
        },
        {
            "user": "Mariomcluki",
            "link": "https://youtu.be/DejXzjb9DU0",
            "percent": 66,
            "hz": 300
        },
        {
            "user": "Willow",
            "link": "https://youtu.be/Fe99WP036tQ",
            "percent": 100,
            "hz": 240
        },
        {
            "user": "lonifer",
            "link": "https://www.youtube.com/watch?v=jcdwi_ilrIs&ab_channel=lonifer",
            "percent": 100,
            "hz": 360
        },
        {
            "user": "TimsTeamYTgd",
            "link": "https://www.youtube.com/watch?v=Gaq0rU5223Q",
            "percent": 100,
            "hz": 165
        },
        {
            "user": "frol1kkk",
            "link": "https://www.youtube.com/watch?v=Q5WN2wkPSvI",
            "percent": 100,
            "hz": 360
        },
        {
            "user": "NotD4N1",
            "link": "https://youtu.be/GeR0F4GtIGw",
            "percent": 100,
            "hz": 360
        },
        {
            "user": "Eqlipsic",
            "link": "https://youtu.be/4Jrck7HaGo4",
            "percent": 100,
            "hz": 240
        },
        {
            "user": "TheDerpShark",
            "link": "https://www.youtube.com/watch?v=bxz_HHZ6cgc",
            "percent": 100,
            "hz": 360
        },
        {
            "user": "Maotito",
            "link": "https://www.youtube.com/watch?v=IaBuRMl7H40",
            "percent": 100,
            "hz": 165
        },
        {
            "user": "explosivo-star",
            "link": "https://youtu.be/Qgbl97Nbg5s",
            "percent": 100,
            "hz": 360
        },
        {
            "user": "mag1c",
            "link": "https://www.youtube.com/watch?v=_pAv-5-RjNE",
            "percent": 100,
            "hz": 360
        },
        {
            "user": "vKaii",
            "link": "https://youtu.be/zyjbnNgoqao",
            "percent": 100,
            "hz": 360
        },
        {
            "user": "Flazyx",
            "link": "https://youtu.be/NdQdh3r4ipo",
            "percent": 100,
            "hz": 240
        },
        {
            "user": "FeikNubGD",
            "link": "https://youtu.be/ljbXF-sqrQg",
            "percent": 100,
            "hz": 120
        },
        {
            "user": "skyv",
            "link": "https://www.youtube.com/watch?v=ZK5aitnJeVo&ab_channel=skyv",
            "percent": 100,
            "hz": 240
        },
        {
            "user": "Yiosen",
            "link": "https://youtu.be/zjztuX1ot20",
            "percent": 100,
            "hz": 360
        },
        {
            "user": "AgiLityGMD",
            "link": "https://www.youtube.com/watch?v=LL9l901aPdg",
            "percent": 100,
            "hz": 288
        },
        {
            "user": "Saladishealthy",
            "link": "https://www.youtube.com/watch?v=0k_sonE2PgQ",
            "percent": 100,
            "hz": 360
        },
        {
            "user": "Dalight",
            "link": "https://youtu.be/49NTxSa1y8I",
            "percent": 100,
            "hz": 340
        },
        {
            "user": "SagerR",
            "link": "https://youtu.be/KxjQFAHeHms",
            "percent": 100,
            "hz": 360
        },
        {
            "user": "DenyZr",
            "link": "https://youtu.be/SVV5qWMHSJc",
            "percent": 100,
            "hz": 240
        },
        {
            "user": "ThirtyTwelve",
            "link": "https://youtu.be/nyF7LhzQmDk",
            "percent": 100,
            "hz": 240
        },
        {
            "user": "Bafferov",
            "link": "https://youtu.be/PVIprlYRXLs",
            "percent": 100,
            "hz": 144
        },
        {
            "user": "boylighty",
            "link": "https://www.youtube.com/watch?v=DMyV55QHQ-Y",
            "percent": 100,
            "hz": 144
        },
        {
            "user": "UnaiMJ",
            "link": "https://www.youtube.com/watch?v=-PuQuFVJYtw",
            "percent": 100,
            "hz": 240
        },
        {
            "user": "Kakku2",
            "link": "https://www.youtube.com/watch?v=4rP8EybquRs",
            "percent": 100,
            "hz": 360
        },
        {
            "user": "Wild [GD]",
            "link": "https://www.youtube.com/watch?v=NYJNTrtuvXs",
            "percent": 100,
            "hz": 330
        },
        {
            "user": "Normus",
            "link": "https://youtu.be/zkrp6ayp3bI",
            "percent": 100,
            "hz": 360
        },
        {
            "user": "zepynr",
            "link": "https://www.youtube.com/watch?v=PFp7yNeIAN8",
            "percent": 100,
            "hz": 360
        },
        {
            "user": "Voxility",
            "link": "https://www.youtube.com/watch?v=5VlpNIaln88",
            "percent": 100,
            "hz": 360
        },
        {
            "user": "Goulzz",
            "link": "https://www.youtube.com/watch?v=Qteu0UdO2w4",
            "percent": 100,
            "hz": 360
        },
        {
            "user": "Snowball",
            "link": "https://www.youtube.com/watch?v=sGGcTttB8sc&t=8s",
            "percent": 100,
            "hz": 360
        },
        {
            "user": "Kunai",
            "link": "https://www.youtube.com/watch?v=FD7K4r_EuSA",
            "percent": 100,
            "hz": 360
        },
        {
            "user": "Element",
            "link": "https://www.youtube.com/watch?v=1zVn-GwL7NU",
            "percent": 100,
            "hz": 240
        },
        {
            "user": "Gadolithius",
            "link": "https://youtu.be/OJBTNcDn3qo",
            "percent": 100,
            "hz": 240
        },
        {
            "user": "Sloppy Joe Gaming",
            "link": "https://www.youtube.com/watch?v=H-PvNIbHfWo",
            "percent": 100,
            "hz": 360
        },
        {
            "user": "hendrixT14",
            "link": "https://youtu.be/CRf2a6Sogvk",
            "percent": 100,
            "hz": 165
        },
        {
            "user": "Boshy",
            "link": "https://youtu.be/fIrc2LXEbIc",
            "percent": 100,
            "hz": 240
        },
        {
            "user": "IELREXI",
            "link": "https://youtu.be/DsEAq4K8iIo",
            "percent": 100,
            "hz": 144
        },
        {
            "user": "asaltalmejas",
            "link": "https://youtu.be/i0b9u1z1KiY",
            "percent": 100,
            "hz": 360
        },
        {
            "user": "MXLTEN",
            "link": "https://www.youtube.com/watch?v=hYVCoWdUWuA",
            "percent": 100,
            "hz": 360
        },
        {
            "user": "aza74",
            "link": "https://youtu.be/t4izCdqRl0c",
            "percent": 100,
            "hz": 240
        },
        {
            "user": "ItsStam",
            "link": "https://www.youtube.com/watch?v=pxOOtQUKm1g",
            "percent": 100,
            "hz": 180
        },
        {
            "user": "Darkseid_a.t16",
            "link": "https://www.youtube.com/watch?v=WSmSE2JgrMg&ab_channel=Darkseid_a.t17",
            "percent": 100,
            "hz": 360
        },
        {
            "user": "BIL32YT",
            "link": "https://youtu.be/6l13Un88unM",
            "percent": 100,
            "hz": 360
        },
        {
            "user": "RedMurder",
            "link": "https://www.youtube.com/watch?v=9KA70-uqMyM&ab_channel=RedMurder",
            "percent": 100,
            "hz": 360
        },
        {
            "user": "guec",
            "link": "https://youtu.be/sXlzxEhKlCA",
            "percent": 100,
            "hz": 360
        },
        {
            "user": "MonsterSquid",
            "link": "https://youtu.be/206RG4k9Vew",
            "percent": 100,
            "hz": 300
        },
        {
            "user": "Hayy",
            "link": "https://www.youtube.com/watch?v=hETyeEqDDX8",
            "percent": 100,
            "hz": 288
        },
        {
            "user": "flipster09",
            "link": "https://youtu.be/Gs_HtblUkDw",
            "percent": 100,
            "hz": 240
        },
        {
            "user": "ceynet",
            "link": "https://www.youtube.com/watch?v=W8q3fq0v9E4",
            "percent": 100,
            "hz": 144
        },
        {
            "user": "Aytgd",
            "link": "https://youtu.be/uIdDowrDTao",
            "percent": 100,
            "hz": 360
        },
        {
            "user": "Moment",
            "link": "https://youtu.be/uzyngUxOzxg",
            "percent": 100,
            "hz": 360
        },
        {
            "user": "gdemerald",
            "link": "https://youtu.be/4vddW1kAugg",
            "percent": 100,
            "hz": 300
        },
        {
            "user": "MrKot",
            "link": "https://youtu.be/NVTonUxuPV8",
            "percent": 100,
            "hz": 240
        },
        {
            "user": "IPlayGD",
            "link": "https://youtu.be/Ap7eiyySfQ4",
            "percent": 100,
            "hz": 360
        }
    ]
}    
