{
    "id": 80607255,
    "name": "Shitty The Hell Trinity",
    "author": "Prometheus",
    "creators": [
        "Prometheus",
        "fice",
        "HuskieGaming",
        "carl",
        "fakeiwnl"
    ],
    "verifier": "fakeiwnl",
    "verification": "https://www.youtube.com/watch?v=3tRgb-wZX7I",
    "showcase": "https://youtu.be/JlOU_KmJTHQ",
    "percentToQualify": 100,
    "records": [
        {
            "user": "antisynth",
            "link": "https://www.youtube.com/watch?v=x4zY1_9chXI",
            "percent": 100,
            "hz": 330
        },
        {
            "user": "Prometheus",
            "link": "https://youtu.be/WpxohJH7bIQ",
            "percent": 100,
            "hz": 144
        }
    ]
}
