{
    "id": 78204620,
    "name": "Shitty The Rock House",
    "author": "Alecs",
    "creators": [],
    "verifier": "KylashTheKiller",
    "verification": "https://www.youtube.com/watch?v=H5RI1rG31-U",
    "showcase": "https://youtu.be/20Af0O6zjrc",
    "percentToQualify": 53,
    "password": "Not Copyable",
    "records": [
        {
            "user": "attrixia",
            "link": "https://youtu.be/_QoRFTvXTtI",
            "percent": 100,
            "hz": 150
        },
        {
            "user": "ObvSilver",
            "link": "https://youtu.be/VhoyvydJY1A",
            "percent": 100,
            "hz": 165
        },
        {
            "user": "Decin0",
            "link": "https://youtu.be/TbpZCAZEMvE",
            "percent": 100,
            "hz": 360
        },
        {
            "user": "CaoticGD",
            "link": "https://youtu.be/T1OndLapLks",
            "percent": 58,
            "hz": 360
        },
        {
            "user": "T333",
            "link": "https://www.youtube.com/watch?v=yReuJjoUG5U",
            "percent": 100,
            "hz": 240
        },
        {
            "user": "BrightBird",
            "link": "https://youtu.be/1QWS-XOWy-s",
            "percent": 100,
            "hz": 288
        },
        {
            "user": "Gamez",
            "link": "https://www.youtube.com/watch?v=94ex5j9n04s",
            "percent": 100,
            "hz": 144
        },
        {
            "user": "Rixen Ace",
            "link": "https://youtu.be/aSxqy84H6cU",
            "percent": 100,
            "hz": 165
        },
        {
            "user": "LzKlauss",
            "link": "https://www.youtube.com/watch?v=zKSc_6YyFH0",
            "percent": 100,
            "hz": 360
        },
        {
            "user": "CaoticGD",
            "link": "https://youtu.be/eGw6Xwz5v88",
            "percent": 100,
            "hz": 360
        },
        {
            "user": "miguel6456",
            "link": "https://youtu.be/urcRUqLSX0Q",
            "percent": 100,
            "hz": 360
        },
        {
            "user": "Nano",
            "link": "https://youtu.be/-kyivlFb10o",
            "percent": 75,
            "hz": 360
        },
        {
            "user": "Jack0kcaj",
            "link": "https://www.youtube.com/watch?v=mshH4mHxl_0",
            "percent": 100,
            "hz": 75
        },
        {
            "user": "Freikz",
            "link": "https://youtu.be/F5XT_2cesws",
            "percent": 100,
            "hz": 360
        },
        {
            "user": "MauklyH",
            "link": "https://www.youtube.com/watch?v=JhQcLlTTXac",
            "percent": 100,
            "hz": 360
        },
        {
            "user": "Samuuu18",
            "link": "https://youtu.be/MMfhmV2JsgE",
            "percent": 100,
            "hz": 360
        },
        {
            "user": "Sharpy88",
            "link": "https://www.youtube.com/watch?v=tgIa-mo5k7E",
            "percent": 100,
            "hz": 280
        },
        {
            "user": "LKuteshi",
            "link": "https://youtu.be/WL_WrVXwwTg",
            "percent": 100,
            "hz": 120,
            "mobile": true
        },
        {
            "user": "Andrxw",
            "link": "https://www.youtube.com/watch?v=JPow3jP-x4E",
            "percent": 100,
            "hz": 144
        },
        {
            "user": "IkuGD",
            "link": "https://www.youtube.com/watch?v=kg64aArhUoI&ab_channel=IkuGD",
            "percent": 100,
            "hz": 60,
            "mobile": true
        },
        {
            "user": "Nectro",
            "link": "https://www.twitch.tv/nectrolive/clip/CloudyTrappedHorseradishBudBlast-oOiMIvUgM5qFNBdi",
            "percent": 55,
            "hz": 240
        },
        {
            "user": "Kenos Song",
            "link": "https://youtu.be/BE6SKehuDeY",
            "percent": 100,
            "hz": 360
        },
        {
            "user": "Delay",
            "link": "https://www.youtube.com/watch?v=b3Ys8BNFGwk",
            "percent": 100,
            "hz": 144
        },
        {
            "user": "biskit",
            "link": "https://youtu.be/oXSQLiUWWac",
            "percent": 100,
            "hz": 360
        },
        {
            "user": "Dandy Chiggins",
            "link": "https://youtu.be/uhCLhxG3yJ4",
            "percent": 100,
            "hz": 360
        },
        {
            "user": "FeikNubGD",
            "link": "https://www.youtube.com/watch?v=KP-7R2I4gW4",
            "percent": 100,
            "hz": 120
        },
        {
            "user": "HargChucu",
            "link": "https://youtu.be/308mU8veQFc",
            "percent": 100,
            "hz": 240
        },
        {
            "user": ".com",
            "link": "https://www.youtube.com/watch?v=V-bx1cUBCyo",
            "percent": 100,
            "hz": 120
        },
        {
            "user": "Keruo",
            "link": "https://medal.tv/games/geometry-dash/clips/oTRnKQLn1319k/d1337rO0Flu6?invite=cr-MSxUQzUsNzE5NTEyOTIs",
            "percent": 100,
            "hz": 240
        },
        {
            "user": "Finnynenisses",
            "link": "https://www.youtube.com/watch?v=xEVmXrZjy-A",
            "percent": 75,
            "hz": 144
        },
        {
            "user": "Dxst",
            "link": "https://www.youtube.com/watch?v=ZLn0wKxFW9w",
            "percent": 100,
            "hz": 300
        },
        {
            "user": "Kobra456",
            "link": "https://youtu.be/LcmH_t7Z3d4",
            "percent": 100,
            "hz": 288
        },
        {
            "user": "GD Leaf",
            "link": "https://www.youtube.com/watch?v=RGCSH7X0QZI",
            "percent": 100,
            "hz": 144
        },
        {
            "user": "woi",
            "link": "https://youtu.be/m5t32JkXWYY",
            "percent": 100,
            "hz": 360
        },
        {
            "user": "DerflaX",
            "link": "https://youtu.be/fG4QCvWVz7E",
            "percent": 100,
            "hz": 360
        },
        {
            "user": "Snakez363",
            "link": "https://www.youtube.com/watch?v=GNv4xSIoKX0",
            "percent": 100,
            "hz": 144
        },
        {
            "user": "Andrew14916",
            "link": "https://youtu.be/Fu0oTwZn9xk",
            "percent": 100,
            "hz": 360
        },
        {
            "user": "bnuuy",
            "link": "https://www.youtube.com/watch?v=I1IbkYaAyZc",
            "percent": 100,
            "hz": 360
        },
        {
            "user": "KasaZX",
            "link": "https://www.youtube.com/watch?v=w6A8jBaOl8A",
            "percent": 100,
            "hz": 165
        },
        {
            "user": "Dipper552",
            "link": "https://www.youtube.com/watch?v=DhIXd1MLTd8",
            "percent": 100,
            "hz": 144
        },
        {
            "user": "IKuster",
            "link": "https://youtu.be/mDu6OS60ut0",
            "percent": 100,
            "hz": 300
        },
        {
            "user": "natertot07",
            "link": "https://youtu.be/m-PrklLlQdg",
            "percent": 100,
            "hz": 360
        },
        {
            "user": "Dylinator",
            "link": "https://www.youtube.com/watch?v=bTn3wsEuXoQ",
            "percent": 100,
            "hz": 360
        },
        {
            "user": "Acacia",
            "link": "https://www.youtube.com/watch?v=hb3H-0bg1YA",
            "percent": 100,
            "hz": 360
        },
        {
            "user": "Villa",
            "link": "https://www.youtube.com/watch?v=sqF2jMjaM50",
            "percent": 100,
            "hz": 360
        },
        {
            "user": "FullyDiverse",
            "link": "https://youtu.be/_DO_8GvnnE4?t=6",
            "percent": 100,
            "hz": 360
        },
        {
            "user": "KasiaUwU",
            "link": "https://youtu.be/3tMfnAJbzmw",
            "percent": 100,
            "hz": 240
        }
    ]
}
