{
    "id": 66904532,
    "name": "Shitty The Rupture",
    "author": "Chspchips",
    "creators": [],
    "verifier": "Chspchips",
    "verification": "https://www.youtube.com/watch?v=CJx8nglZTdk",
    "showcase": "https://youtu.be/Dw0hJdVVkrE",
    "percentToQualify": 55,
    "password": "Free to Copy",
    "records": [
        {
            "user": "Kobra456",
            "link": "https://www.youtube.com/watch?v=9X7qFiZxajA",
            "percent": 100,
            "hz": 144
        },
        {
            "user": "iRaily",
            "link": "https://youtu.be/L3BBjPftMVU",
            "percent": 100,
            "hz": 144
        },
        {
            "user": "Samuuu18",
            "link": "https://www.youtube.com/watch?v=53HmnpOKL_Y&feature=youtu.be",
            "percent": 100,
            "hz": 180
        },
        {
            "user": "Fh1r",
            "link": "https://www.youtube.com/watch?v=1hdeAdZos3U",
            "percent": 100,
            "hz": 240
        },
        {
            "user": "IDeltaPhantomI",
            "link": "https://youtu.be/H43bU5CfL2w",
            "percent": 100,
            "hz": 240
        },
        {
            "user": "ZerniasX",
            "link": "https://youtu.be/zg265tkpBrc",
            "percent": 100,
            "hz": 288
        },
        {
            "user": "Lawnmower",
            "link": "https://youtu.be/zMyi_VKEePs",
            "percent": 100,
            "hz": 240
        },
        {
            "user": "Soda",
            "link": "https://www.youtube.com/watch?v=sP6FdTQzPOU&ab_channel=Sodan",
            "percent": 100,
            "hz": 144
        },
        {
            "user": "LLunaa",
            "link": "https://www.youtube.com/watch?v=QFdOgsDybWg",
            "percent": 100,
            "hz": 240
        },
        {
            "user": "attrixia",
            "link": "https://youtu.be/ra6A_TNokDE",
            "percent": 100,
            "hz": 144
        },
        {
            "user": "Emonadeo",
            "link": "https://www.youtube.com/watch?v=wjc2hqstCqU",
            "percent": 100,
            "hz": 240
        },
        {
            "user": "Delphin",
            "link": "https://youtu.be/jwL5KTTreRU",
            "percent": 81,
            "hz": 75
        },
        {
            "user": "Suno",
            "link": "https://www.youtube.com/watch?v=fYasY4khbJU",
            "percent": 100,
            "hz": 288
        },
        {
            "user": "DS",
            "link": "https://www.youtube.com/watch?v=LnvfW3RMlYU&ab_channel=DS",
            "percent": 100,
            "hz": 144
        },
        {
            "user": "dots",
            "link": "https://www.youtube.com/watch?v=imu263Lfs-Y",
            "percent": 100,
            "hz": 180
        },
        {
            "user": "SrGuillester",
            "link": "https://www.youtube.com/watch?v=fHqhy9bO00o",
            "percent": 100,
            "hz": 144
        },
        {
            "user": "Renar333",
            "link": "https://youtu.be/DQIX2v2xn_0",
            "percent": 100,
            "hz": 180
        },
        {
            "user": "Dustik",
            "link": "https://www.youtube.com/watch?v=WlO2ZJ60Ggs&ab_channel=Dustik",
            "percent": 100,
            "hz": 144
        },
        {
            "user": "CringyDylan",
            "link": "https://www.youtube.com/watch?v=K4iHmQOvFDc",
            "percent": 100,
            "hz": 144
        },
        {
            "user": "gdXposed",
            "link": "https://youtu.be/hFPOc2xc4LQ",
            "percent": 100,
            "hz": 240
        },
        {
            "user": "BlueTomcat",
            "link": "https://youtu.be/IwIjOBW9lU0",
            "percent": 100,
            "hz": 144
        },
        {
            "user": "Galaxyx",
            "link": "https://youtu.be/lQbm5c9xwk8",
            "percent": 100,
            "hz": 180
        },
        {
            "user": "Tai0",
            "link": "https://youtu.be/-kvtScmLp3U",
            "percent": 100,
            "hz": 144
        },
        {
            "user": "GhuXo",
            "link": "https://youtu.be/kRo4suVCZbI",
            "percent": 60,
            "hz": 165
        },
        {
            "user": "ddddr",
            "link": "https://www.youtube.com/watch?v=lVKj6lOzZ1o",
            "percent": 100,
            "hz": 144
        },
        {
            "user": "IKuster",
            "link": "https://www.youtube.com/watch?v=2L0qfBToIck",
            "percent": 100,
            "hz": 120
        },
        {
            "user": "Bibus [ET]",
            "link": "https://www.youtube.com/watch?v=BDiCOOTHIFs",
            "percent": 100,
            "hz": 300
        },
        {
            "user": "LilBucketGD",
            "link": "https://youtu.be/XGIJQ1d-NgQ",
            "percent": 100,
            "hz": 240
        },
        {
            "user": "nayf",
            "link": "https://youtu.be/NP9jxpf3IqI",
            "percent": 100,
            "hz": 240
        },
        {
            "user": "Delay",
            "link": "https://www.youtube.com/watch?v=plZeT9CNPZ0",
            "percent": 100,
            "hz": 240
        },
        {
            "user": "Shel",
            "link": "https://www.youtube.com/watch?v=DHkyUry8IQQ",
            "percent": 100,
            "hz": 144
        },
        {
            "user": "GD CrimsonKing22",
            "link": "https://www.youtube.com/watch?v=nU2cusRQWfo&ab_channel=GDCrimsonKing22",
            "percent": 100,
            "hz": 288
        },
        {
            "user": "KowoT",
            "link": "https://www.youtube.com/watch?v=34CUrtkX4f0&ab_channel=KowoT%5BBR%5D",
            "percent": 100,
            "hz": 200
        },
        {
            "user": "ZedGMD",
            "link": "https://youtu.be/VogvmwQhfIU",
            "percent": 100,
            "hz": 360
        },
        {
            "user": "LXGamer",
            "link": "https://youtu.be/JeN2wG_FPTI",
            "percent": 100,
            "hz": 120
        },
        {
            "user": "Nolife",
            "link": "https://www.youtube.com/watch?v=ZdoyKYipisI",
            "percent": 100,
            "hz": 240
        },
        {
            "user": "bnuuy",
            "link": "https://youtu.be/eF8epXOiojI",
            "percent": 100,
            "hz": 240
        },
        {
            "user": "SlimmeFelix",
            "link": "https://www.youtube.com/watch?v=KZdQM5C5cQw",
            "percent": 100,
            "hz": 288
        },
        {
            "user": "Keruo",
            "link": "https://youtu.be/BUgD7viXniE",
            "percent": 100,
            "hz": 144
        },
        {
            "user": "WilltheRen",
            "link": "https://www.youtube.com/watch?v=CU1NJ_SULv0",
            "percent": 100,
            "hz": 165
        },
        {
            "user": "deex3",
            "link": "https://www.youtube.com/watch?v=gfcMaXX0iX0",
            "percent": 100,
            "hz": 360
        },
        {
            "user": "Dandy Chiggins",
            "link": "https://youtu.be/yUsHC7bUSqc",
            "percent": 100,
            "hz": 240
        },
        {
            "user": "DogeyBoi",
            "link": "https://www.youtube.com/watch?v=KOekEwe57L0",
            "percent": 100,
            "hz": 360
        },
        {
            "user": "Armani",
            "link": "https://youtu.be/JysK8OzOU3g",
            "percent": 100,
            "hz": 360
        },
        {
            "user": "Breakcore",
            "link": "https://www.youtube.com/watch?v=U1RukM58ZH8",
            "percent": 100,
            "hz": 360
        },
        {
            "user": "Yarkii",
            "link": "https://youtu.be/j3pOUi3WalA",
            "percent": 100,
            "hz": 300
        },
        {
            "user": "Holojen",
            "link": "https://www.youtube.com/watch?v=Mn19bL-Jkcc&list=PLJHYdCN91MRje_0o9u_dfsDigMNk35Gb9",
            "percent": 100,
            "hz": 288
        },
        {
            "user": "LBoke",
            "link": "https://www.youtube.com/watch?v=hJROOKiyvjs",
            "percent": 100,
            "hz": 300
        },
        {
            "user": "Riptide",
            "link": "https://youtu.be/OP0QwKwjymQ",
            "percent": 100,
            "hz": 120
        },
        {
            "user": "Lyrian",
            "link": "https://youtu.be/ehPs7MWWBXs",
            "percent": 100,
            "hz": 360
        },
        {
            "user": "Oblivion7",
            "link": "https://youtu.be/ZNJdKE4B4RM",
            "percent": 100,
            "hz": 120
        },
        {
            "user": "Kenos Song",
            "link": "https://youtu.be/esApMYMlFPo",
            "percent": 100,
            "hz": 360
        },
        {
            "user": "kacro",
            "link": "https://www.youtube.com/watch?v=Cgx10v8sYEU",
            "percent": 100,
            "hz": 360
        },
        {
            "user": "biskit",
            "link": "https://www.youtube.com/watch?v=pdpBWKn562A",
            "percent": 100,
            "hz": 360
        },
        {
            "user": "MrBrainTickeT",
            "link": "https://www.youtube.com/watch?v=PrWsViJn4_4",
            "percent": 61,
            "hz": 360
        },
        {
            "user": "BrightBird",
            "link": "https://youtu.be/_RcLWj6Uh00",
            "percent": 100,
            "hz": 288
        },
        {
            "user": "antisynth",
            "link": "https://www.youtube.com/watch?v=JkJiRC_hih4",
            "percent": 100,
            "hz": 330
        },
        {
            "user": "FullyDiverse",
            "link": "https://youtu.be/S1Eh9UGRXYg",
            "percent": 100,
            "hz": 360
        },
        {
            "user": "Spinach",
            "link": "https://www.youtube.com/watch?v=UpH3wZ1WR60",
            "percent": 100,
            "hz": 288
        },
        {
            "user": "KasiaUwU",
            "link": "https://youtu.be/2yNVQmDTvzA",
            "percent": 100,
            "hz": 240
        },
        {
            "user": "Willow",
            "link": "https://youtu.be/hUXKR5DTSys",
            "percent": 100,
            "hz": 240
        },
        {
            "user": "Normus",
            "link": "https://youtu.be/KXFnE0hCa8k",
            "percent": 100,
            "hz": 360
        },
        {
            "user": "XinikieN",
            "link": "https://www.youtube.com/watch?v=ROvZbWspB_s",
            "percent": 71,
            "hz": 144
        }
    ]
}
