{
    "id": 81872820,
    "name": "Shitty The Hallucination",
    "author": "iRaily",
    "creators": [
        "Whitar",
        "Chspchips",
        "iRaily"
    ],
    "verifier": "iRaily",
    "verification": "https://youtu.be/vV4KjSfWvAY",
    "showcase": "https://youtu.be/8wC7dJRNmcE",
    "percentToQualify": 61,
    "records": [
        {
            "user": "KylashTheKiller",
            "link": "https://www.youtube.com/watch?v=l9og2y2uH2E",
            "percent": 100,
            "hz": 60
        },
        {
            "user": "Samuuu18",
            "link": "https://youtu.be/LNWcmmW0ahA",
            "percent": 100,
            "hz": 360
        },
        {
            "user": "Andrew14916",
            "link": "https://www.youtube.com/watch?v=y6YHUPlKszQ",
            "percent": 100,
            "hz": 360
        },
        {
            "user": "skeeb",
            "link": "https://www.youtube.com/watch?v=SrBiE9PiDeg",
            "percent": 100,
            "hz": 288
        },
        {
            "user": "Dandy Chiggins",
            "link": "https://youtu.be/gGrSSEbWa-A",
            "percent": 100,
            "hz": 360
        },
        {
            "user": "FullyDiverse",
            "link": "https://youtu.be/ECW91aOHv3w",
            "percent": 100,
            "hz": 360
        },
        {
            "user": "Shel",
            "link": "https://youtu.be/IP7x9avQey8",
            "percent": 100,
            "hz": 144
        },
        {
            "user": "GD CrimsonKing22",
            "link": "https://www.youtube.com/watch?v=Re6Z8Yo_3VU",
            "percent": 100,
            "hz": 360
        },
        {
            "user": "Vicrf",
            "link": "https://youtu.be/2-rDfgUWUNc",
            "percent": 100,
            "hz": 288
        },
        {
            "user": "DogeyBoi",
            "link": "https://www.youtube.com/watch?v=F_fzvIQu9GE",
            "percent": 100,
            "hz": 240
        },
        {
            "user": "BrightBird",
            "link": "https://youtu.be/5rCR61jGPVE",
            "percent": 100,
            "hz": 288
        },
        {
            "user": "Drako",
            "link": "https://www.youtube.com/watch?v=Db6pqcjbwxU",
            "percent": 71,
            "hz": 360
        },
        {
            "user": "Sloppy Joe Gaming",
            "link": "https://www.youtube.com/watch?v=EhigNcudjuM",
            "percent": 100,
            "hz": 360
        },
        {
            "user": "KO_Tao",
            "link": "https://www.youtube.com/watch?v=uYgGXVnijvc",
            "percent": 76,
            "hz": 360
        },
        {
            "user": "IKuster",
            "link": "https://youtu.be/bWEEnLrrJoU",
            "percent": 100,
            "hz": 300
        },
        {
            "user": "Kenos Song",
            "link": "https://youtu.be/tjALsnl88u0",
            "percent": 100,
            "hz": 360
        },
        {
            "user": "ItzMira",
            "link": "https://youtu.be/Qk17_CRlUNo",
            "percent": 100,
            "hz": 240
        },
        {
            "user": "Bleamer",
            "link": "https://www.youtube.com/watch?v=1-CuD598Wtc",
            "percent": 76,
            "hz": 360
        },
        {
            "user": "zepynr",
            "link": "https://www.youtube.com/watch?v=iczET60D1TI",
            "percent": 100,
            "hz": 360
        },
        {
            "user": "BarbequeSauce",
            "link": "https://youtu.be/ax_cv1F4UcY",
            "percent": 100,
            "hz": 360
        },
        {
            "user": "Stell06",
            "link": "https://youtu.be/Dy8qMVJelLg",
            "percent": 100,
            "hz": 360
        },
        {
            "user": "Vink",
            "link": "https://youtu.be/z1k4Zyxe_54",
            "percent": 100,
            "hz": 240
        },
        {
            "user": "ItzSmileD",
            "link": "https://youtu.be/RiYGWquvG6k",
            "percent": 100,
            "hz": 300
        },
        {
            "user": "FifloczeqGD",
            "link": "https://youtu.be/nVTM6PswwcQ",
            "percent": 70,
            "hz": 240,
            "mobile": true
        },
        {
            "user": "Zipovina",
            "link": "https://www.youtube.com/watch?v=cO23zgJQLkI&ab_channel=Zipovina",
            "percent": 100,
            "hz": 321
        }
            
    ]
}
