{
    "id": 81879096,
    "name": "Shitty Thinking Space",
    "author": "AzielGD",
    "creators": ["Kiwi1938"],
    "verifier": "AleczD",
    "verification": "https://youtu.be/CNXc7i7ZWxU",
    "showcase": "https://youtu.be/fdZegi2UWfo",
    "percentToQualify": 68,
    "records": [
        {
            "user": "bnuuy",
            "link": "https://youtu.be/kKnBdYTLm6U",
            "percent": 80,
            "hz": 360
        },
        {
            "user": "lilWC",
            "link": "https://youtu.be/iVGXqkuPw_w",
            "percent": 100,
            "hz": 360
        },
        {
            "user": "I Eat Tea Bagz",
            "link": "https://youtu.be/fZzaRXDrStA",
            "percent": 100,
            "hz": 360
        },
        {
            "user": "FuPlug",
            "link": "https://www.youtube.com/watch?v=QmiYD46K3ZA",
            "percent": 100,
            "hz": 144
        },
        {
            "user": "KasiaUwU",
            "link": "https://youtu.be/qq18TVJuAoQ",
            "percent": 100,
            "hz": 240
        },
        {
            "user": "lucap123",
            "link": "https://www.youtube.com/watch?v=UP4ZkWldt28",
            "percent": 100,
            "hz": 144
        },
        {
            "user": "Kenos Song",
            "link": "https://youtu.be/LRP4U4eA9kg",
            "percent": 100,
            "hz": 360
        }
    ]
}
