{
    "id": 70068243,
    "name": "Shitty Triple Six",
    "author": "Rustic",
    "creators": [
        "Rustic",
        "Nyx"
    ],
    "verifier": "Bibox",
    "verification": "https://www.youtube.com/watch?v=QgNYV62Cp8g",
    "showcase": "https://youtu.be/yAMAIdpgO5Y",
    "percentToQualify": 65,
    "records": [
        {
            "user": "iRaily",
            "link": "https://youtu.be/gMacais_PN0",
            "percent": 100,
            "hz": 288
        },
        {
            "user": "Wrandom Stuff",
            "link": "https://youtu.be/DZBrnlRygiw",
            "percent": 100,
            "hz": 333
        },
        {
            "user": "BlueTomcat",
            "link": "https://www.youtube.com/watch?v=apSpwVf6hXE",
            "percent": 100,
            "hz": 288
        },
        {
            "user": "DogeyBoi",
            "link": "https://www.youtube.com/watch?v=zGwIMUOoROo",
            "percent": 100,
            "hz": 165
        },
        {
            "user": "Samuuu18",
            "link": "https://youtu.be/7Rrx8fVX5p4",
            "percent": 100,
            "hz": 360
        },
        {
            "user": "TboyGD",
            "link": "https://www.youtube.com/watch?v=C5OQ-WGYeLM",
            "percent": 100,
            "hz": 60
        },
        {
            "user": "Delay",
            "link": "https://www.youtube.com/watch?v=6_7R-JmAx1w",
            "percent": 100,
            "hz": 288
        },
        {
            "user": "Wkdy",
            "link": "https://www.youtube.com/watch?v=_qxv-XWg47Q&ab_channel=Wkdy",
            "percent": 100,
            "hz": 240
        },
        {
            "user": "Shel",
            "link": "https://youtu.be/GDJHQMMR7Og",
            "percent": 100,
            "hz": 144
        },
        {
            "user": "KylashTheKiller",
            "link": "https://youtu.be/yF-djqlJEoU",
            "percent": 100,
            "hz": 60
        },
        {
            "user": "Riptide",
            "link": "https://youtu.be/SPpRF9AhsVo",
            "percent": 100,
            "hz": 120
        },
        {
            "user": "SemiRed",
            "link": "https://youtu.be/R0u47QyQ0rw",
            "percent": 100,
            "hz": 144
        },
        {
            "user": "zCodeB0y",
            "link": "https://youtu.be/elOq8kP3wOg",
            "percent": 100,
            "hz": 60
        },
        {
            "user": "KasiaUwU",
            "link": "https://youtu.be/nWzekptq0wY",
            "percent": 100,
            "hz": 240
        },
        {
            "user": "Toki504",
            "link": "https://youtu.be/n8rwqnhvTO0",
            "percent": 100,
            "hz": 120
        },
        {
            "user": "ImSoSirius",
            "link": "https://www.youtube.com/watch?v=VsoqeL_mQz0",
            "percent": 100,
            "hz": 144
        },
        {
            "user": "Demons [GD]",
            "link": "https://www.youtube.com/watch?v=PqdqAHDMJMw",
            "percent": 100,
            "hz": 120
        }
    ]
}
