{
    "id": 73108892,
    "name": "Shitty Trueffet",
    "author": "strix",
    "creators": [],
    "verifier": "nayf",
    "verification": "https://youtu.be/3mD3TLNQyVA",
    "showcase": "https://youtu.be/ulSSTbQ-S4Y",
    "percentToQualify": 63,
    "password": "Free to Copy",
    "records": [
        {
            "user": "Tai0",
            "link": "https://youtu.be/riteGAgvGQc",
            "percent": 100,
            "hz": 144
        },
        {
            "user": "Nolife",
            "link": "https://www.youtube.com/watch?v=-_nuG1DxPgU",
            "percent": 100,
            "hz": 240
        },
        {
            "user": "BlueTomcat",
            "link": "https://youtu.be/3iwUKRLI2ws",
            "percent": 100,
            "hz": 288
        },
        {
            "user": "iRaily",
            "link": "https://youtu.be/tewpGAfUAF8",
            "percent": 100,
            "hz": 288
        },
        {
            "user": "Fh1r",
            "link": "https://www.youtube.com/watch?v=a1E1Dbr7EzQ",
            "percent": 100,
            "hz": 240
        },
        {
            "user": "Venomio",
            "link": "https://www.youtube.com/watch?v=BUS0VbGT-F4",
            "percent": 100,
            "hz": 300
        },
        {
            "user": "Samuuu18",
            "link": "https://youtu.be/3dQ6lZY2IeA",
            "percent": 100,
            "hz": 180
        },
        {
            "user": "deex3",
            "link": "https://youtu.be/sEPdb9dsBog",
            "percent": 100,
            "hz": 360
        },
        {
            "user": "attrixia",
            "link": "https://youtu.be/tgbiYbKYJpQ",
            "percent": 100,
            "hz": 150
        },
        {
            "user": "GD CrimsonKing22",
            "link": "https://www.youtube.com/watch?v=uc9L4QjW9nE&ab_channel=GDCrimsonKing22",
            "percent": 100,
            "hz": 288
        },
        {
            "user": "Dragoon",
            "link": "https://youtu.be/wZPD2C7pk1A",
            "percent": 100,
            "hz": 360
        },
        {
            "user": "ZerniasX",
            "link": "https://youtu.be/jruBITxjPSY",
            "percent": 100,
            "hz": 360
        },
        {
            "user": "YOUNGBOY",
            "link": "https://www.youtube.com/watch?v=CmA1ob3aw5o",
            "percent": 100,
            "hz": 240
        },
        {
            "user": "WilltheRen",
            "link": "https://www.youtube.com/watch?v=zbIMvpVqLZw",
            "percent": 100,
            "hz": 165
        },
        {
            "user": "deathbylag",
            "link": "https://youtu.be/nqXUhHmwcL0?t=169",
            "percent": 100,
            "hz": 288
        },
        {
            "user": "Sushiboys",
            "link": "https://www.youtube.com/watch?v=dkCDUzcoNoU",
            "percent": 100,
            "hz": 300
        },
        {
            "user": "Dandy Chiggins",
            "link": "https://www.youtube.com/watch?v=-a9MrqkqFuo",
            "percent": 100,
            "hz": 240
        },
        {
            "user": "zigor137",
            "link": "https://www.youtube.com/watch?v=OQ9qTyybl8A",
            "percent": 100,
            "hz": 165
        },
        {
            "user": "hipo",
            "link": "https://www.youtube.com/watch?v=S4ZInkHisxw",
            "percent": 100,
            "hz": 240
        },
        {
            "user": "Spurgu429",
            "link": "https://youtu.be/ZdEIw-LEDPo",
            "percent": 100,
            "hz": 240
        },
        {
            "user": "Sydney",
            "link": "https://youtu.be/deAPm4prJyM",
            "percent": 100,
            "hz": 288
        },
        {
            "user": "Gavinthetator",
            "link": "https://www.youtube.com/watch?v=FU0-7xf6a7Q",
            "percent": 100,
            "hz": 288
        },
        {
            "user": "gdxposed",
            "link": "https://www.youtube.com/watch?v=DYY2HVqFDrg",
            "percent": 100,
            "hz": 360
        },
        {
            "user": "BrightBird",
            "link": "https://www.youtube.com/watch?v=iZLk5By0LQ0",
            "percent": 100,
            "hz": 288
        },
        {
            "user": "Armani",
            "link": "https://www.youtube.com/watch?v=YxEaeOL1x_Y",
            "percent": 100,
            "hz": 240
        },
        {
            "user": "Santyr",
            "link": "https://www.youtube.com/watch?v=ZcBsA-I9Sfo",
            "percent": 100,
            "hz": 360
        },
        {
            "user": "Crisis",
            "link": "https://www.youtube.com/watch?v=6TxyoZxc1lQ",
            "percent": 100,
            "hz": 360
        },
        {
            "user": "Blueberry",
            "link": "https://www.youtube.com/watch?v=MfMNwhSsN7U",
            "percent": 100,
            "hz": 360
        },
        {
            "user": "Solid",
            "link": "https://www.youtube.com/watch?v=u3mTYFeQzPU",
            "percent": 100,
            "hz": 240
        },
        {
            "user": "Vinx",
            "link": "https://www.youtube.com/watch?v=AStlgmNLcRc&ab_channel=Vinx",
            "percent": 100,
            "hz": 360
        },
        {
            "user": "Vicrf",
            "link": "https://www.youtube.com/watch?v=tXgeGob5exY",
            "percent": 100,
            "hz": 240
        },
        {
            "user": "Delay",
            "link": "https://www.youtube.com/watch?v=wo3ono_WIDE&t=3s",
            "percent": 100,
            "hz": 144
        },
        {
            "user": "Breakcore",
            "link": "https://www.youtube.com/watch?v=SAvvJ6SvUcg",
            "percent": 100,
            "hz": 360
        },
        {
            "user": "Decin0",
            "link": "https://www.youtube.com/watch?v=E2RwamOB8CA&t=113s",
            "percent": 100,
            "hz": 288
        },
        {
            "user": "PatoQuack",
            "link": "https://www.youtube.com/watch?v=V_tOjYV2qO0",
            "percent": 100,
            "hz": 357
        },
        {
            "user": "Cyphe",
            "link": "https://youtu.be/GiiDqTSlS5o",
            "percent": 100,
            "hz": 360
        },
        {
            "user": "Kenos Song",
            "link": "https://www.youtube.com/watch?v=eOwbiGp__y0",
            "percent": 100,
            "hz": 360
        },
        {
            "user": "kri1s5",
            "link": "https://www.youtube.com/watch?v=O4SKt9j_cIM",
            "percent": 100,
            "hz": 60
        },
        {
            "user": "Maesile",
            "link": "https://youtu.be/WD4CaGylwKc",
            "percent": 100,
            "hz": 144
        },
        {
            "user": "KylashTheKiller",
            "link": "https://youtu.be/qQM991IwBZ8",
            "percent": 100,
            "hz": 60
        },
        {
            "user": "Freikz",
            "link": "https://youtu.be/VBLEHRah5_M",
            "percent": 100,
            "hz": 330
        },
        {
            "user": "Chee2y",
            "link": "https://www.youtube.com/watch?v=04iAfblAS7Y",
            "percent": 100,
            "hz": 240
        },
        {
            "user": "f1rst",
            "link": "https://www.youtube.com/watch?v=OG1CwGO5fRc&ab_channel=f1rstWracc",
            "percent": 100,
            "hz": 240
        },
        {
            "user": "fox",
            "link": "https://www.youtube.com/watch?v=kuq90R71iiw",
            "percent": 100,
            "hz": 240
        },
        {
            "user": "FrenchFry",
            "link": "https://youtu.be/1f44CaJgzSo",
            "percent": 100,
            "hz": 360
        },
        {
            "user": "JAroGamesGD",
            "link": "https://www.youtube.com/watch?v=hnfhBNYoRNY",
            "percent": 100,
            "hz": 240
        },
        {
            "user": "Lyrian",
            "link": "https://www.youtube.com/watch?v=rP_jhoq6_RY&t=32s",
            "percent": 100,
            "hz": 360
        },
        {
            "user": "Fredrick",
            "link": "https://www.youtube.com/watch?v=5oxXRQ0Xt1w",
            "percent": 75,
            "hz": 240
        },
        {
            "user": "DogeyBoi",
            "link": "https://www.youtube.com/watch?v=_I_WTJW7Zys&t=9s",
            "percent": 100,
            "hz": 360
        },
        {
            "user": "Echo",
            "link": "https://www.youtube.com/watch?v=wni3NWNnWec",
            "percent": 100,
            "hz": 240
        },
        {
            "user": "Invinceicube",
            "link": "https://youtu.be/-Yy3MXitxnQ",
            "percent": 100,
            "hz": 240
        },
        {
            "user": "bnuuy",
            "link": "https://www.youtube.com/watch?v=HL_cN22xNJA",
            "percent": 100,
            "hz": 240
        },
        {
            "user": "RaizingGD",
            "link": "https://www.youtube.com/watch?v=f6ARpDWpGbY",
            "percent": 100,
            "hz": 75
        },
        {
            "user": "Wolphy",
            "link": "https://youtu.be/OATg9y_iyus",
            "percent": 100,
            "hz": 360
        },
        {
            "user": "Kassian",
            "link": "https://www.youtube.com/watch?v=279e_rp4VCk&ab_channel=\u0674",
            "percent": 100,
            "hz": 360
        },
        {
            "user": "Kraz",
            "link": "https://youtu.be/xYs8yr3Ic30",
            "percent": 100,
            "hz": 360
        },
        {
            "user": "Mircloudy",
            "link": "https://youtu.be/8iFbYBKh7Ho",
            "percent": 100,
            "hz": 144
        },
        {
            "user": "momo baba",
            "link": "https://www.youtube.com/watch?v=66YAAfGA--U",
            "percent": 69,
            "hz": 144
        },
        {
            "user": "h4tecr1me.",
            "link": "https://www.youtube.com/watch?v=ena-owmld2o&ab_channel=h4tecr1me.",
            "percent": 100,
            "hz": 240
        },
        {
            "user": "Davine_007",
            "link": "https://youtu.be/mAOQro8rRx4",
            "percent": 100,
            "hz": 144
        },
        {
            "user": "Zeyker",
            "link": "https://www.youtube.com/watch?v=JY9-96M9AEU",
            "percent": 81,
            "hz": 360
        },
        {
            "user": "Holojen",
            "link": "https://youtu.be/H3FOc_LSPAQ",
            "percent": 100,
            "hz": 288
        },
        {
            "user": "SoWOW",
            "link": "https://www.youtube.com/watch?v=sD_xDiHFCdM",
            "percent": 100,
            "hz": 120,
            "mobile": true
        },
        {
            "user": "KorushiGD",
            "link": "https://www.youtube.com/watch?v=sB_0TQHTjQY",
            "percent": 100,
            "hz": 288
        },
        {
            "user": "biskit",
            "link": "https://youtu.be/Aqiqplm1Sy8",
            "percent": 100,
            "hz": 360
        },
        {
            "user": "Shel",
            "link": "https://youtu.be/qwMoJSTCnrc",
            "percent": 100,
            "hz": 144
        },
        {
            "user": "Riptide",
            "link": "https://youtu.be/AocWDDlGzF0",
            "percent": 100,
            "hz": 120
        },
        {
            "user": "thisisfcp",
            "link": "https://www.youtube.com/watch?v=m2qE-1f07oc",
            "percent": 100,
            "hz": 360
        },
        {
            "user": "starships",
            "link": "https://www.youtube.com/watch?v=njxgurxTvuo",
            "percent": 100,
            "hz": 360
        },
        {
            "user": "IktanoGDonas",
            "link": "https://www.youtube.com/watch?v=LAb1YFk0NJA",
            "percent": 96,
            "hz": 120
        },
        {
            "user": "Shemenzy",
            "link": "https://www.youtube.com/watch?v=49J3dUuWqaE",
            "percent": 100,
            "hz": 300
        },
        {
            "user": "Dylinator",
            "link": "https://youtu.be/rynujgnsvEY?t=95",
            "percent": 100,
            "hz": 360
        },
        {
            "user": "vKaii",
            "link": "https://www.youtube.com/watch?v=F1EBKfSMbuE&t=28s",
            "percent": 100,
            "hz": 360
        },
        {
            "user": "CookieGMD",
            "link": "https://www.youtube.com/watch?v=Dxl2nkEdSQg",
            "percent": 100,
            "hz": 240
        },
        {
            "user": "Holy",
            "link": "https://youtu.be/7huqDjdLnj8",
            "percent": 100,
            "hz": 144
        },
        {
            "user": "FullyDiverse",
            "link": "https://youtu.be/uCGM2NHxeGc",
            "percent": 100,
            "hz": 360
        },
        {
            "user": "asdsdvb",
            "link": "https://www.youtube.com/watch?v=275FiJj8TuY",
            "percent": 100,
            "hz": 240
        },
        {
            "user": "XORFSFASXC",
            "link": "https://youtu.be/xCnIGlfYd6w",
            "percent": 100,
            "hz": 240
        },
        {
            "user": "Fortnite chicken",
            "link": "https://www.youtube.com/watch?v=fr_yTW2XSFQ&ab_channel=FluffGD",
            "percent": 100,
            "hz": 360
        },
        {
            "user": "NotD4N1",
            "link": "https://youtu.be/LcyJV17PGyA",
            "percent": 81,
            "hz": 360
        },
        {
            "user": "Vaoen",
            "link": "https://www.twitch.tv/videos/1580660830",
            "percent": 100,
            "hz": 288
        },
        {
            "user": "Huhon",
            "link": "https://youtu.be/9aJME7wGBAw",
            "percent": 100,
            "hz": 360
        },
        {
            "user": "Spinach",
            "link": "https://www.youtube.com/watch?v=XO2xuo9hLqY",
            "percent": 100,
            "hz": 288
        },
        {
            "user": "Deceit",
            "link": "https://youtu.be/havhe_fSGUA",
            "percent": 67,
            "hz": 240
        },
        {
            "user": "lonifer",
            "link": "https://www.youtube.com/watch?v=pTTvyIWeAD0&ab_channel=lonifer%5BST%F0%9F%8D%93%5D",
            "percent": 100,
            "hz": 360
        },
        {
            "user": "lSeuni",
            "link": "https://youtu.be/Kwai6vEiuBo",
            "percent": 100,
            "hz": 144
        },
        {
            "user": "qzkk",
            "link": "https://www.youtube.com/watch?v=m3Ar1V9voDE",
            "percent": 100,
            "hz": 360
        },
        {
            "user": "NiXaNTy",
            "link": "https://www.youtube.com/watch?v=vE5oC5LKtls",
            "percent": 100,
            "hz": 300
        },
        {
            "user": "T333",
            "link": "https://youtu.be/duAjtKjfiMM",
            "percent": 100,
            "hz": 240
        },
        {
            "user": "IKuster",
            "link": "https://youtu.be/bDnTp54cSwIM",
            "percent": 100,
            "hz": 300
        },
        {
            "user": "Texmexmann",
            "link": "https://youtu.be/BqhftZ7ma04",
            "percent": 100,
            "hz": 144
        },
        {
            "user": "Mav Mitchell",
            "link": "https://www.youtube.com/watch?v=O9Ha49GZG5s",
            "percent": 100,
            "hz": 360
        },
        {
            "user": "ItzMira",
            "link": "https://youtu.be/cwOM4ucww58",
            "percent": 100,
            "hz": 240
        },
        {
            "user": "Stucc",
            "link": "https://youtu.be/CCmqJa5oDDU",
            "percent": 100,
            "hz": 360
        },
        {
            "user": "PremiumLeviathan",
            "link": "https://www.youtube.com/watch?v=sMLsPqGIQpA",
            "percent": 100,
            "hz": 360
        },
        {
            "user": "SPKLoli",
            "link": "https://www.youtube.com/watch?v=g1plJ5p8w_E",
            "percent": 100,
            "hz": 360
        },
        {
            "user": "Jerakoh",
            "link": "https://www.youtube.com/watch?v=ia0LkBXJC3A",
            "percent": 100,
            "hz": 240
        },
        {
            "user": "ItzShinra",
            "link": "https://youtu.be/Qg3PqgnJi7c",
            "percent": 100,
            "hz": 360
        },
        {
            "user": "BarbequeSauce",
            "link": "https://drive.google.com/file/d/1LIDrGGzLA1gAYK-DczJbcUoY-gem1A96/view",
            "percent": 100,
            "hz": 240
        },
        {
            "user": "Sloppy Joe Gaming",
            "link": "https://www.youtube.com/watch?v=yaCL328opFs",
            "percent": 100,
            "hz": 360
        },
        {
            "user": "UnaiMJ",
            "link": "https://youtu.be/kHC3ezy7Mfk",
            "percent": 100,
            "hz": 360
        },
        {
            "user": "DashTH",
            "link": "https://www.youtube.com/watch?v=A3vrcLHLsSA",
            "percent": 100,
            "hz": 144
        },
        {
            "user": "aza74",
            "link": "https://youtu.be/pJaY1VTJugQ",
            "percent": 100,
            "hz": 240
        },
        {
            "user": "Acacia",
            "link": "https://youtu.be/1-uKY0qJeFM",
            "percent": 100,
            "hz": 360
        },
        {
            "user": "snickles",
            "link": "https://youtu.be/sXbKJUs4ymA",
            "percent": 100,
            "hz": 360
        },
        {
            "user": "YinnYang",
            "link": "https://youtu.be/VZYlRCDmA3w",
            "percent": 100,
            "hz": 360
        },
        {
            "user": "Crockee",
            "link": "https://youtu.be/ZNtQQudMnXI",
            "percent": 100,
            "hz": 360
        },
        {
            "user": "K1ryhan",
            "link": "https://youtu.be/RjiTzDZfFnM",
            "percent": 68,
            "hz": 240
        },
        {
            "user": "Irumi",
            "link": "https://www.youtube.com/watch?v=NzdReTT4cYI&t=1s",
            "percent": 100,
            "hz": 360
        },
        {
            "user": "Vink",
            "link": "https://youtu.be/hCtMRAF9vt4",
            "percent": 100,
            "hz": 240
        },
        {
            "user": "k1ryhan",
            "link": "https://youtu.be/45d6vyUUCNI",
            "percent": 100,
            "hz": 240
        },
        {
            "user": "Speedboy",
            "link": "https://youtu.be/sCAOoiGytRs",
            "percent": 74,
            "hz": 120
        },
        {
            "user": "Andrxw",
            "link": "https://www.youtube.com/watch?v=T8swNorehE0",
            "percent": 100,
            "hz": 144
        }
            
    ]
}
