{
    "id": 86525030,
    "name": "Shitty UNKNOWN",
    "author": "SarcasticMuch",
    "creators": [
    ],
    "verifier": "KylashTheKiller",
    "verification": "https://youtu.be/1O-mPiB4d-A",
    "showcase": "https://youtu.be/ObIJBphSSdY",
    "percentToQualify": 65,
    "password": "Free to Copy",
    "records": [
        {
            "user": "Dandy Chiggins",
            "link": "https://youtu.be/xxVMqmhe6tg",
            "percent": 100,
            "hz": 360
        },
        {
            "user": "vKaii",
            "link": "https://youtu.be/Duyzy6kVUCQ",
            "percent": 100,
            "hz": 288
        },
        {
            "user": "Andrxw",
            "link": "https://www.youtube.com/watch?v=AroZCBYN29c",
            "percent": 100,
            "hz": 144
        },
        {
            "user": "zepynr",
            "link": "https://www.youtube.com/watch?v=m4Tbv2WtpM0",
            "percent": 100,
            "hz": 360
        },
        {
            "user": "Normus",
            "link": "https://youtu.be/jrMk_Qh4sP4",
            "percent": 100,
            "hz": 360
        },
        {
            "user": "BarbequeSauce",
            "link": "https://youtu.be/HQXH61M0nAA",
            "percent": 100,
            "hz": 360
        },
        {
            "user": "ZerniasX",
            "link": "https://youtu.be/bzlI-OiLhXo",
            "percent": 100,
            "hz": 360
        },
        {
            "user": "FullyDiverse",
            "link": "https://youtu.be/rVSx4jPaeWw",
            "percent": 100,
            "hz": 321
        },
        {
            "user": "lucap123",
            "link": "https://www.youtube.com/watch?v=fmXAqe8Z4eY",
            "percent": 100,
            "hz": 144
        },
        {
            "user": "QuarTez",
            "link": "https://www.youtube.com/watch?v=_asUw6tBTaI",
            "percent": 100,
            "hz": 360
        },
        {
            "user": "Morgenshtern",
            "link": "https://youtu.be/a9M5d4pRxPM",
            "percent": 100,
            "hz": 360
        },
        {
            "user": "zrK",
            "link": "https://www.youtube.com/watch?v=j-KR0I-Wtpg",
            "percent": 100,
            "hz": 290
        },
        {
            "user": "mist3red",
            "link": "https://youtu.be/bQRfSyiWr5E",
            "percent": 100,
            "hz": 225
        },
        {
            "user": "bull2k",
            "link": "https://youtu.be/a23xtlh8m7U",
            "percent": 100,
            "hz": 360
        },
        {
            "user": "GUISDAS",
            "link": "https://youtu.be/W9Q_UUclWRg",
            "percent": 100,
            "hz": 165
        },
        {
            "user": "plainz",
            "link": "https://www.youtube.com/watch?v=bvtRIHUCNxE",
            "percent": 70,
            "hz": 144
        },
        {
            "user": "IPlayGD",
            "link": "https://www.youtube.com/watch?v=W6F_1jneM3c",
            "percent": 100,
            "hz": 360
        },
        {
            "user": "IKuster",
            "link": "https://youtu.be/8xsDq1GDA1c",
            "percent": 100,
            "hz": 360
        },
        {
            "user": "Peace",
            "link": "https://youtu.be/fzWXVBIKQbc",
            "percent": 100,
            "hz": 244
        },
        {
            "user": "Villa",
            "link": "https://www.youtube.com/watch?v=sM1tvWe7yqo",
            "percent": 100,
            "hz": 360
        },
        {
            "user": "sydno",
            "link": "https://www.youtube.com/watch?v=BZJRXb2h08s",
            "percent": 100,
            "hz": 360
        },
        {
            "user": "Clare",
            "link": "https://www.youtube.com/watch?v=tsq5U7Wgtdk",
            "percent": 100,
            "hz": 360
        },
        {
            "user": "LzKlauss",
            "link": "https://youtu.be/DpiMWUaEY94",
            "percent": 100,
            "hz": 360
        }
        
        
    ]
}
