{
    "id": 78908225,
    "name": "Shitty Unnerfed Allegiance",
    "author": "Sovola",
    "creators": [],
    "verifier": "Magmeta",
    "verification": "https://www.youtube.com/watch?v=wQdVvRYvUkY",
    "showcase": "https://youtu.be/RnA2RYf_RQI",
    "percentToQualify": 100,
    "records": [
        {
            "user": "T333",
            "link": "https://www.youtube.com/watch?v=m_1tTvqeaI0",
            "percent": 100,
            "hz": 240
        },
        {
            "user": "biskit",
            "link": "https://www.youtube.com/watch?v=VJemNT3BSS0",
            "percent": 100,
            "hz": 360
        },
        {
            "user": "Dxst",
            "link": "https://www.youtube.com/watch?v=4EHdmoh8rUM",
            "percent": 100,
            "hz": 144
        },
        {
            "user": "danialves555",
            "link": "https://youtu.be/GfuFXp5jgSA",
            "percent": 100,
            "hz": 240
        },
        {
            "user": "AgiLityGMD",
            "link": "https://youtu.be/t545Qcgq7is",
            "percent": 100,
            "hz": 288
        },
        {
            "user": "Dylinator",
            "link": "https://youtu.be/aXb4WFJVLeU?t=1746",
            "percent": 100,
            "hz": 360
        }
    ]
}
