{
    "id": 81532406,
    "name": "Shitty VEIL",
    "author": "Maxiops35",
    "creators": [
        "Maxiops35",
        "Zazzoo"
    ],
    "verifier": "Maxiops35",
    "verification": "https://youtu.be/U1noIgdLP5M",
    "showcase": "https://youtu.be/jVYxsjCVCJo",
    "percentToQualify": 61,
    "records": [
        {
            "user": "donut737",
            "link": "https://youtu.be/ka96ly9UF-I",
            "percent": 100,
            "hz": 144
        },
        {
            "user": "NotD4N1",
            "link": "https://youtu.be/ygkUROFgv_8",
            "percent": 100,
            "hz": 360
        },
        {
            "user": "TheInsanePro",
            "link": "https://youtu.be/-vOF_U57QGY",
            "percent": 100,
            "hz": 60,
            "mobile": true
        },
        {
            "user": "Riptide",
            "link": "https://youtu.be/75RTeajJTVM",
            "percent": 100,
            "hz": 120
        },
        {
            "user": "Emonadeo",
            "link": "https://www.youtube.com/watch?v=gbN748mOhLs",
            "percent": 100,
            "hz": 240
        },
        {
            "user": "Troy3",
            "link": "https://youtu.be/Mnwix8W5anM",
            "percent": 100,
            "hz": 180
        },
        {
            "user": "AnTy15",
            "link": "https://www.youtube.com/watch?v=692mIcorlrg",
            "percent": 72,
            "hz": 90
        },
        {
            "user": "Vink",
            "link": "https://youtu.be/egSl9tJfVWs",
            "percent": 100,
            "hz": 240
        }
    ]
}
