{
    "id": 78653522,
    "name": "Shitty Vengeance",
    "author": "IDeltaPhantomI",
    "creators": [
        "Shochare",
        "IDeltaPhantomI"
    ],
    "verifier": "IDeltaPhantomI",
    "verification": "https://www.youtube.com/watch?v=cjWRB8UZR3M",
    "showcase": "https://youtu.be/oWCY75-8N-4",
    "percentToQualify": 61,
    "password": "Not Copyable",
    "records": [
        {
            "user": "LzKlauss",
            "link": "https://www.youtube.com/watch?v=QgUPKRHZI60",
            "percent": 100,
            "hz": 360
        },
        {
            "user": "biskit",
            "link": "https://youtu.be/qR2hyIzk0Xo",
            "percent": 100,
            "hz": 360
        },
        {
            "user": "domi77",
            "link": "https://www.youtube.com/watch?v=txMsYUkRAWc",
            "percent": 100,
            "hz": 144
        },
        {
            "user": "BrightBird",
            "link": "https://youtu.be/iTUKXJLj82o",
            "percent": 100,
            "hz": 288
        },
        {
            "user": "KylashTheKiller",
            "link": "https://youtu.be/vkGuVd9TnjM",
            "percent": 100,
            "hz": 60
        },
        {
            "user": "Riptide",
            "link": "https://youtu.be/nagw_U8iZdI",
            "percent": 100,
            "hz": 120
        },
        {
            "user": "ItzMira",
            "link": "https://youtu.be/-Qtph_NrFFM",
            "percent": 100,
            "hz": 240
        },
        {
            "user": "KasiaUwU",
            "link": "https://youtu.be/TuK4AGHJAdg",
            "percent": 100,
            "hz": 240
        }
    ]
}
