{
    "id": 67344125,
    "name": "Shitty Visible Ray",
    "author": "HargChucu",
    "creators": [],
    "verifier": "Fh1r",
    "verification": "https://www.youtube.com/watch?v=g8N0bRov1fE",
    "showcase": "https://youtu.be/vUPLR8w1S7c",
    "percentToQualify": 54,
    "records": [
        {
            "user": "Tim\u00e9o",
            "link": "https://youtu.be/Ffxer9LiBOs",
            "percent": 100,
            "hz": 144
        },
        {
            "user": "Space4",
            "link": "https://www.youtube.com/watch?v=hwISE5YEhFg",
            "percent": 100,
            "hz": 240
        },
        {
            "user": "KandyMan",
            "link": "https://www.youtube.com/watch?v=fzJ_TBOnSPM",
            "percent": 100,
            "hz": 144
        },
        {
            "user": "SuPPerBBoy [GD]",
            "link": "https://www.youtube.com/watch?v=PrC5WiOfLYI",
            "percent": 100,
            "hz": 280
        },
        {
            "user": "FrenchFry",
            "link": "https://www.youtube.com/watch?v=TjKbhj0Om2U",
            "percent": 100,
            "hz": 288
        },
        {
            "user": "SrGuillester",
            "link": "https://youtu.be/JQ2y7HGunNc",
            "percent": 100,
            "hz": 144
        },
        {
            "user": "Kobra456",
            "link": "https://www.youtube.com/watch?v=WtuLlAt2OHA",
            "percent": 100,
            "hz": 288
        },
        {
            "user": "krakow1918",
            "link": "https://youtu.be/FNb9YG2y-H0",
            "percent": 100,
            "hz": 240
        },
        {
            "user": "Derek46",
            "link": "https://www.youtube.com/watch?v=9xajDjM57R4",
            "percent": 100,
            "hz": 240
        },
        {
            "user": "ZerniasX",
            "link": "https://youtu.be/1qaVkmUTJ54",
            "percent": 100,
            "hz": 288
        },
        {
            "user": "PetarParadrop",
            "link": "https://www.youtube.com/watch?v=FSj9n6CQWBI&ab_channel=FriedChickenBoy",
            "percent": 100,
            "hz": 240
        },
        {
            "user": "Alex",
            "link": "https://m.youtube.com/watch?v=bCiOqTgVni0&t=73s",
            "percent": 100,
            "hz": 360
        },
        {
            "user": "SupaX_",
            "link": "https://youtu.be/VMCmZDZW8tE",
            "percent": 100,
            "hz": 240
        },
        {
            "user": "gdXposed",
            "link": "https://youtu.be/iLKSYHo8Wrw",
            "percent": 100,
            "hz": 240
        },
        {
            "user": "IDeltaPhantomI",
            "link": "https://youtu.be/Y6sFIsRAPqI",
            "percent": 100,
            "hz": 240
        },
        {
            "user": "danialves555",
            "link": "https://www.youtube.com/watch?v=ghQWPMvN_ww",
            "percent": 100,
            "hz": 240
        },
        {
            "user": "T333",
            "link": "https://www.youtube.com/watch?v=QfzzV6edo2A",
            "percent": 100,
            "hz": 240
        },
        {
            "user": "iRaily",
            "link": "https://youtu.be/g8N0bRov1fE",
            "percent": 100,
            "hz": 288
        },
        {
            "user": "Tai0",
            "link": "https://youtu.be/xGAF785c23c",
            "percent": 100,
            "hz": 144
        },
        {
            "user": "CorroZ",
            "link": "https://www.youtube.com/watch?v=dPq_tvvyvZI",
            "percent": 74,
            "hz": 144
        },
        {
            "user": "Sushiboys",
            "link": "https://www.youtube.com/watch?v=dUU_PVGz7Wk",
            "percent": 100,
            "hz": 300
        },
        {
            "user": "sand1234",
            "link": "https://www.youtube.com/watch?v=s7UAfN89sfs&ab_channel=Sand1234",
            "percent": 100,
            "hz": 288
        },
        {
            "user": "BlueTomcat",
            "link": "https://youtu.be/9fB_06l6bf0",
            "percent": 100,
            "hz": 288
        },
        {
            "user": "GD Crimsonking22",
            "link": "https://www.youtube.com/watch?v=WvIpRYmPNtA&ab_channel=GDCrimsonKing22",
            "percent": 100,
            "hz": 288
        },
        {
            "user": "Delay",
            "link": "https://www.youtube.com/watch?v=oQs_gw_8N-s",
            "percent": 100,
            "hz": 240
        },
        {
            "user": "BliffY",
            "link": "https://youtu.be/cMDrI6_BH9g",
            "percent": 100,
            "hz": 60
        },
        {
            "user": "DogeyBoi",
            "link": "https://www.youtube.com/watch?v=ppQ9_JvlMsc",
            "percent": 100,
            "hz": 165
        },
        {
            "user": "Nolife",
            "link": "https://www.youtube.com/watch?v=xFzdmgIWYu8",
            "percent": 100,
            "hz": 240
        },
        {
            "user": "attrixia",
            "link": "https://youtu.be/Ee6NBSo8EvE",
            "percent": 100,
            "hz": 150
        },
        {
            "user": "zygimantux",
            "link": "https://www.youtube.com/watch?v=B2t7Q8gLncQ",
            "percent": 100,
            "hz": 144
        },
        {
            "user": "Santyr",
            "link": "https://www.youtube.com/watch?v=JfUDVG7FItc",
            "percent": 100,
            "hz": 360
        },
        {
            "user": "Solid",
            "link": "https://youtu.be/FW8TLOc-s7c",
            "percent": 100,
            "hz": 240
        },
        {
            "user": "zDusti",
            "link": "https://www.youtube.com/watch?v=nYV9E6GLYxA",
            "percent": 76,
            "hz": 240
        },
        {
            "user": "RazerJCZ",
            "link": "https://www.youtube.com/watch?v=P91MtKrKO_U",
            "percent": 89,
            "hz": 330
        },
        {
            "user": "Samuuu18",
            "link": "https://youtu.be/7ivXUcou8N0",
            "percent": 100,
            "hz": 360
        },
        {
            "user": "Shel",
            "link": "https://youtu.be/99yf3qVM6VU",
            "percent": 100,
            "hz": 144
        },
        {
            "user": "MinYong",
            "link": "https://youtu.be/Dx9b-_uDW84",
            "percent": 100,
            "hz": 240
        },
        {
            "user": "KylashTheKiller",
            "link": "https://www.youtube.com/watch?v=6Dnbk2L1OWY",
            "percent": 100,
            "hz": 60
        },
        {
            "user": "BrightBird",
            "link": "https://youtu.be/EjkVVFXmVXQ",
            "percent": 100,
            "hz": 288
        },
        {
            "user": "FakeRodri",
            "link": "https://youtu.be/eGae1iYCUhw",
            "percent": 100,
            "hz": 330
        },
        {
            "user": "LzKlauss",
            "link": "https://youtu.be/NHAXVVZRLTE",
            "percent": 100,
            "hz": 240
        },
        {
            "user": "TheRandomStuff",
            "link": "https://www.youtube.com/watch?v=JzcFXYwlU4E",
            "percent": 100,
            "hz": 240
        },
        {
            "user": "Kenos Song",
            "link": "https://youtu.be/ICvWEWq0aoU",
            "percent": 100,
            "hz": 360
        },
        {
            "user": "Riptide",
            "link": "https://youtu.be/dCfrBg6kQl0",
            "percent": 100,
            "hz": 120
        },
        {
            "user": "kri1s5",
            "link": "https://youtu.be/wZSSqxSiK34",
            "percent": 100,
            "hz": 60
        },
        {
            "user": "kacro",
            "link": "https://www.youtube.com/watch?v=dG1s99VPxOE",
            "percent": 100,
            "hz": 360
        },
        {
            "user": "Dandy Chiggins",
            "link": "https://youtu.be/LEkeJJhnVKQ",
            "percent": 100,
            "hz": 240
        },
        {
            "user": "7ssumi",
            "link": "https://youtu.be/NUqjnweu8vY",
            "percent": 100,
            "hz": 288
        },
        {
            "user": "HargChucu",
            "link": "https://youtu.be/r9pdeDCEkv8",
            "percent": 100,
            "hz": 240
        },
        {
            "user": "SuseJRG",
            "link": "https://youtu.be/GCb4LJkkqFU",
            "percent": 100,
            "hz": 240
        },
        {
            "user": "biskit",
            "link": "https://youtu.be/BZ9igK8LtUg",
            "percent": 100,
            "hz": 360
        },
        {
            "user": "AleczD",
            "link": "https://www.youtube.com/watch?v=Im6hA2BKOtQ",
            "percent": 100,
            "hz": 240
        },
        {
            "user": "RussianPotato",
            "link": "https://www.youtube.com/watch?v=m6dLozhJzxQ",
            "percent": 100,
            "hz": 288
        },
        {
            "user": "Eqlipsic",
            "link": "https://youtu.be/8gHvUJZkByE",
            "percent": 100,
            "hz": 240
        },
        {
            "user": "bnuuy",
            "link": "https://youtu.be/dJc4EcmHQDI",
            "percent": 100,
            "hz": 360
        },
        {
            "user": "Dep96",
            "link": "https://www.youtube.com/watch?v=dCcXieIGvY8",
            "percent": 100,
            "hz": 240
        },
        {
            "user": "Lawnmower",
            "link": "https://youtu.be/WC6dSYe0gCs",
            "percent": 100,
            "hz": 240
        }
    ]
}
