{
    "id": 79209711,
    "name": "Shitty Wasureta",
    "author": "MamaMauve",
    "creators": [],
    "verifier": "iRaily",
    "verification": "https://www.youtube.com/watch?v=LVPpeJs_fCA",
    "showcase": "https://youtu.be/lWRY30p85Es",
    "percentToQualify": 58,
    "records": [
        {
            "user": "BlueTomcat",
            "link": "https://www.youtube.com/watch?v=VyK0_ue6YT8",
            "percent": 100,
            "hz": 288
        },
        {
            "user": "Decin0",
            "link": "https://youtu.be/WhPhCKNKyeE",
            "percent": 100,
            "hz": 360
        },
        {
            "user": "xdgamer",
            "link": "https://youtu.be/kimraXfhSi0",
            "percent": 100,
            "hz": 288
        },
        {
            "user": "Gamez",
            "link": "https://www.youtube.com/watch?v=94ex5j9n04s",
            "percent": 100,
            "hz": 144
        },
        {
            "user": "CookieGMD",
            "link": "https://www.youtube.com/watch?v=hCrTG0fdH_M",
            "percent": 100,
            "hz": 360
        },
        {
            "user": "ZawyGD",
            "link": "https://www.youtube.com/watch?v=2SjoDAw1lwk",
            "percent": 100,
            "hz": 144
        },
        {
            "user": "Armani",
            "link": "https://youtu.be/spDHcn9JT5Q",
            "percent": 100,
            "hz": 360
        },
        {
            "user": "attrixia",
            "link": "https://www.youtube.com/watch?v=FCNOlROKpO0",
            "percent": 100,
            "hz": 150
        },
        {
            "user": "WilltheRen",
            "link": "https://www.youtube.com/watch?v=agOhDLTus9Q",
            "percent": 100,
            "hz": 280
        },
        {
            "user": "Tai0",
            "link": "https://youtu.be/gJNlsblNIPA",
            "percent": 100,
            "hz": 144
        },
        {
            "user": "Matthlew",
            "link": "https://youtu.be/imlarj4HLO0",
            "percent": 100,
            "hz": 144
        },
        {
            "user": "StarXV",
            "link": "https://youtu.be/hqZkqzn5JVk",
            "percent": 100,
            "hz": 240
        },
        {
            "user": "Andrxw",
            "link": "https://www.youtube.com/watch?v=DYrl061aVK0",
            "percent": 100,
            "hz": 144
        },
        {
            "user": "DogeyBoi",
            "link": "https://www.youtube.com/watch?v=3vgqsofjPKk&ab_channel=MrDogeyBoi",
            "percent": 100,
            "hz": 360
        },
        {
            "user": "KylashTheKiller",
            "link": "https://youtu.be/0wzvX162LUU",
            "percent": 100,
            "hz": 60
        },
        {
            "user": "KowoT",
            "link": "https://youtu.be/yz8UdiIFfVU",
            "percent": 100,
            "hz": 144
        },
        {
            "user": "FakeRodri",
            "link": "https://youtu.be/jW1sQBdv22k",
            "percent": 100,
            "hz": 360
        },
        {
            "user": "adrian",
            "link": "https://www.youtube.com/watch?v=-TidfRafBCY&ab_channel=bliss",
            "percent": 100,
            "hz": 360
        },
        {
            "user": "AntonioGMD",
            "link": "https://www.youtube.com/watch?v=xLyKLtTwAAk",
            "percent": 100,
            "hz": 240
        },
        {
            "user": "DehydratedMoron",
            "link": "https://youtu.be/dm9wCptVebs",
            "percent": 67,
            "hz": 144
        },
        {
            "user": "Chr8ts",
            "link": "https://youtu.be/KBY_YVom98g",
            "percent": 100,
            "hz": 240
        },
        {
            "user": "gonza",
            "link": "https://youtu.be/YTtXCaglLOs",
            "percent": 100,
            "hz": 240
        },
        {
            "user": "TurtleER",
            "link": "https://youtu.be/fKmrWi5ptys",
            "percent": 100,
            "hz": 360
        },
        {
            "user": "Galaxyx",
            "link": "https://www.youtube.com/watch?v=rtSrHncjBaw",
            "percent": 100,
            "hz": 360
        },
        {
            "user": "GD CrimsonKing22",
            "link": "https://www.youtube.com/watch?v=3KT1JrxyXvY&t=2s&ab_channel=GDCrimsonKing22",
            "percent": 100,
            "hz": 360
        },
        {
            "user": "Samuuu18",
            "link": "https://youtu.be/4MgAfCM-4gM",
            "percent": 100,
            "hz": 360
        },
        {
            "user": "RocketVrl",
            "link": "https://www.youtube.com/watch?v=Wq_NUWOg2V4",
            "percent": 100,
            "hz": 360
        },
        {
            "user": "zygimantux",
            "link": "https://www.youtube.com/watch?v=11YAfObhnLo",
            "percent": 100,
            "hz": 360
        },
        {
            "user": "Rixen Ace",
            "link": "https://www.youtube.com/watch?v=1vMwlFwO2QU",
            "percent": 100,
            "hz": 165
        },
        {
            "user": "AndUhHalf",
            "link": "https://cdn.medal.tv/25202542/share-330634255.mp4",
            "percent": 100,
            "hz": 144
        },
        {
            "user": "biskit",
            "link": "https://youtu.be/1a67doWXniA?t=301",
            "percent": 100,
            "hz": 360
        },
        {
            "user": "MelonGL",
            "link": "https://www.youtube.com/watch?v=yzYgl7umrdU",
            "percent": 100,
            "hz": 360
        },
        {
            "user": "WauksGD",
            "link": "https://www.youtube.com/watch?v=g8HSVanQpwc",
            "percent": 100,
            "hz": 144
        },
        {
            "user": "TheDerpShark",
            "link": "https://www.youtube.com/watch?v=81GuPQk9Go0&ab_channel=TheDerpShark",
            "percent": 100,
            "hz": 180
        },
        {
            "user": "Fusion425",
            "link": "https://youtu.be/rXDljl3LCr0",
            "percent": 100,
            "hz": 360
        },
        {
            "user": "ItzMira",
            "link": "https://www.youtube.com/watch?v=SMl4OsGwhIo",
            "percent": 100,
            "hz": 180
        },
        {
            "user": "Wygv",
            "link": "https://www.youtube.com/watch?v=K61MU4oUZPo",
            "percent": 100,
            "hz": 240
        },
        {
            "user": "Cuin",
            "link": "https://youtu.be/tNKDhXRkwxA",
            "percent": 100,
            "hz": 240
        },
        {
            "user": "thisisfcp",
            "link": "https://www.youtube.com/watch?v=JfoCOzOqql8",
            "percent": 100,
            "hz": 360
        },
        {
            "user": "soon",
            "link": "https://youtu.be/Z0zgM1kCCCU",
            "percent": 100,
            "hz": 360
        },
        {
            "user": "HzAlula",
            "link": "https://youtu.be/20S7xoF26yA",
            "percent": 100,
            "hz": 240
        },
        {
            "user": "Shel",
            "link": "https://youtu.be/Yl2wVapq0C8",
            "percent": 100,
            "hz": 144
        },
        {
            "user": "ItsDTD",
            "link": "https://youtu.be/ULtPDYj1DoY",
            "percent": 100,
            "hz": 360
        },
        {
            "user": "BrightBird",
            "link": "https://youtu.be/8WE4VwehU3U",
            "percent": 100,
            "hz": 288
        },
        {
            "user": "MenDozA",
            "link": "https://youtu.be/dxaQdLbSv1A",
            "percent": 100,
            "hz": 120
        },
        {
            "user": "UniGMD",
            "link": "https://youtu.be/okSAWjp3dyI",
            "percent": 100,
            "hz": 240
        },
        {
            "user": "ObvSilver",
            "link": "https://youtu.be/Eww6yVBQ53Y",
            "percent": 100,
            "hz": 165
        },
        {
            "user": "Kenos Song",
            "link": "https://youtu.be/8yOgKVDgcPo",
            "percent": 100,
            "hz": 360
        },
        {
            "user": "Snakez363",
            "link": "https://youtu.be/e0-RCiGgUic",
            "percent": 100,
            "hz": 144
        },
        {
            "user": "ImCrisGD",
            "link": "https://www.youtube.com/watch?v=nHUAVJk33JE",
            "percent": 100,
            "hz": 300
        },
        {
            "user": "Frozono",
            "link": "https://youtu.be/oTOwuzOsxPI",
            "percent": 100,
            "hz": 240
        },
        {
            "user": "Dr4QuiTo",
            "link": "https://www.youtube.com/watch?v=pUtuT_cHRr0&ab_channel=Dr4QuiTo",
            "percent": 100,
            "hz": 360
        },
        {
            "user": "SoWOW",
            "link": "https://youtu.be/ja6lNEA6uFo",
            "percent": 100,
            "hz": 120,
            "mobile": true
        },
        {
            "user": "AleczD",
            "link": "https://www.youtube.com/watch?v=ukEloas4gns",
            "percent": 100,
            "hz": 240
        },
        {
            "user": "Nekss2137",
            "link": "https://youtu.be/YW1ERS4zLzA",
            "percent": 72,
            "hz": 288
        },
        {
            "user": "asdsdvb",
            "link": "https://www.youtube.com/watch?v=qrE35WIsxuI",
            "percent": 100,
            "hz": 240
        },
        {
            "user": "IRJBoss",
            "link": "https://youtu.be/yI5a1M72O3I",
            "percent": 100,
            "hz": 360
        },
        {
            "user": "Owlyy83",
            "link": "https://youtu.be/0nUGStxVkvE",
            "percent": 100,
            "hz": 240
        },
        {
            "user": "Holombro",
            "link": "https://youtu.be/gCcQ1mDtJ9c",
            "percent": 100,
            "hz": 359
        },
        {
            "user": "Clpz",
            "link": "https://www.youtube.com/watch?v=dna9OGYPb3A",
            "percent": 100,
            "hz": 360
        },
        {
            "user": "Chilovao",
            "link": "https://youtu.be/IR2APoiKfFw",
            "percent": 61,
            "hz": 360
        },
        {
            "user": "Julianmoon",
            "link": "https://www.youtube.com/watch?v=LZmfIo5YF00",
            "percent": 100,
            "hz": 260
        },
        {
            "user": "Drako",
            "link": "https://www.youtube.com/watch?v=GKDiXbUJ4s0",
            "percent": 100,
            "hz": 360
        },
        {
            "user": "Luki22",
            "link": "https://youtu.be/ZUs9t6BEgp4",
            "percent": 71,
            "hz": 360
        },
        {
            "user": "Valpux",
            "link": "https://youtu.be/CCXaOjd6MwM",
            "percent": 100,
            "hz": 144
        },
        {
            "user": "Cuchara",
            "link": "https://youtu.be/suHZVkQIB-A",
            "percent": 100,
            "hz": 220
        },
        {
            "user": "LeyroGD",
            "link": "https://youtu.be/D4sdEVi6LFE",
            "percent": 100,
            "hz": 300
        },
        {
            "user": "Spinach",
            "link": "https://www.youtube.com/watch?v=UpH3wZ1WR60",
            "percent": 100,
            "hz": 288
        },
        {
            "user": "DashTH",
            "link": "https://www.youtube.com/watch?v=HCrGMfCcwAI",
            "percent": 100,
            "hz": 144
        },
        {
            "user": "GunnieGD",
            "link": "https://www.youtube.com/watch?v=nQY5PBwZTf0&t=12s",
            "percent": 100,
            "hz": 300
        },
        {
            "user": "Ratio",
            "link": "https://www.youtube.com/watch?v=X9DRPzDzTm4",
            "percent": 100,
            "hz": 360
        },
        {
            "user": "IgorWedkarz",
            "link": "https://www.youtube.com/watch?v=STW41PGGLaU",
            "percent": 65,
            "hz": 240
        },
        {
            "user": "explosivo-star",
            "link": "https://www.youtube.com/watch?v=KhUxm8H-a-c",
            "percent": 100,
            "hz": 360
        },
        {
            "user": "Delay",
            "link": "https://www.youtube.com/watch?v=aicY1GFTdmo",
            "percent": 100,
            "hz": 288
        },
        {
            "user": "NotD4N1",
            "link": "https://youtu.be/Jg2rOQMNQZM",
            "percent": 100,
            "hz": 240
        },
        {
            "user": "Villa",
            "link": "https://www.youtube.com/watch?v=qxHC-HbrD8s",
            "percent": 100,
            "hz": 360
        },
        {
            "user": "Dxst",
            "link": "https://www.youtube.com/watch?v=KxBCtQrZIxI",
            "percent": 100,
            "hz": 360
        },
        {
            "user": "Ashlie",
            "link": "https://youtu.be/t5IvkeQCG6Y",
            "percent": 100,
            "hz": 144
        },
        {
            "user": "UnaiMJ",
            "link": "https://www.youtube.com/watch?v=6emJ9YyugGA",
            "percent": 100,
            "hz": 240
        },
        {
            "user": "QuesitoGD",
            "link": "https://www.youtube.com/watch?v=uuij3dWkk_0&t=1s",
            "percent": 100,
            "hz": 300
        },
        {
            "user": "foocii",
            "link": "https://youtu.be/mj_D5pQrq14",
            "percent": 100,
            "hz": 300
        },
        {
            "user": "natertot07",
            "link": "https://youtu.be/-6IeFSC0TJ8",
            "percent": 100,
            "hz": 288
        },
        {
            "user": "ThePotato",
            "link": "https://youtu.be/SzZwHL9HArc",
            "percent": 100,
            "hz": 144
        },
        {
            "user": "SuperThiago1234",
            "link": "https://youtu.be/OplCULt0MXA",
            "percent": 100,
            "hz": 360
        },
        {
            "user": "Andrew14916",
            "link": "https://www.youtube.com/watch?v=yXrw4nGZpIU",
            "percent": 100,
            "hz": 360
        },
        {
            "user": "patadas",
            "link": "https://youtu.be/fsthorUQb6A",
            "percent": 100,
            "hz": 165
        },
        {
            "user": "dark",
            "link": "https://www.youtube.com/watch?v=bbLhnX1R4O0&ab_channel=dark",
            "percent": 100,
            "hz": 240
        },
        {
            "user": "Dino",
            "link": "https://youtu.be/3Xe-WtL6woQ",
            "percent": 76,
            "hz": 360
        },
        {
            "user": "HGL",
            "link": "https://youtu.be/snuWnedxy04",
            "percent": 100,
            "hz": 144
        },
        {
            "user": "asmallsock",
            "link": "https://youtu.be/mcTe4HWw8ao",
            "percent": 100,
            "hz": 300
        },
        {
            "user": "Fronly",
            "link": "https://youtu.be/IAWPbmkUj1I",
            "percent": 100,
            "hz": 120,
            "mobile": true
        },
        {
            "user": "riptide",
            "link": "https://youtu.be/n9vVm6BgpXY",
            "percent": 100,
            "hz": 120
        },
        {
            "user": "Pluntix",
            "link": "https://youtu.be/J9dxzbbB6AY",
            "percent": 100,
            "hz": 360
        },
        {
            "user": "Dandy Chiggins",
            "link": "https://youtu.be/QJ7rf8EsRJA",
            "percent": 100,
            "hz": 360
        },
        {
            "user": "flipster09",
            "link": "https://www.youtube.com/watch?v=kk8-HciRjS4",
            "percent": 100,
            "hz": 240
        },
        {
            "user": "kwir9n",
            "link": "https://youtu.be/qXYEeZwBrQs",
            "percent": 100,
            "hz": 288
        },
        {
            "user": "Tunax",
            "link": "https://youtu.be/5TNZZ7gompY",
            "percent": 100,
            "hz": 360
        },
        {
            "user": "Crockee",
            "link": "https://youtu.be/yEZqspXbJKY",
            "percent": 100,
            "hz": 360
        },
        {
            "user": "Mauster",
            "link": "https://youtu.be/GfJD-uao_TU",
            "percent": 100,
            "hz": 360
        },
        {
            "user": "wolfblack54",
            "link": "https://www.youtube.com/watch?v=oUOTD_Z4xdo",
            "percent": 100,
            "hz": 360
        },
        {
            "user": "Bióxido",
            "link": "https://www.youtube.com/watch?v=G7txm4jjpK8",
            "percent": 100,
            "hz": 120
        },
        {
            "user": "Tuteco47",
            "link": "https://www.youtube.com/watch?v=xiM-5cLtDcg",
            "percent": 100,
            "hz": 240
        },
        {
            "user": "Dylinator",
            "link": "https://youtu.be/aXb4WFJVLeU?t=235",
            "percent": 100,
            "hz": 360
        },
        {
            "user": "FullyDiverse",
            "link": "https://www.youtube.com/watch?v=MWm4m6Gloto",
            "percent": 100,
            "hz": 321
        },
        {
            "user": "chrouu",
            "link": "https://youtu.be/xedr86Z_Rbs",
            "percent": 65,
            "hz": 288
        },
        {
            "user": "poliwagpi4554",
            "link": "https://youtu.be/X2EhJULboWw",
            "percent": 100,
            "hz": 240
        },
        {
            "user": "mea666nsss",
            "link": "https://youtu.be/aEnfe_MNLH4",
            "percent": 64,
            "hz": 360
        },
        {
            "user": "scarniq",
            "link": "https://www.youtube.com/watch?v=F2nKE8BEooI",
            "percent": 100,
            "hz": 360
        },
        {
            "user": "LAMINGTON",
            "link": "https://www.youtube.com/watch?v=tCylDZwxGAs",
            "percent": 100,
            "hz": 360
        },
        {
            "user": "LzKlauss",
            "link": "https://www.youtube.com/watch?v=kGfl0n8YIDI",
            "percent": 100,
            "hz": 360
        },
        {
            "user": "OriskZZ",
            "link": "https://www.youtube.com/watch?v=ohsQD06keZI&ab_channel=OriskZZ",
            "percent": 100,
            "hz": 360
        },
        {
            "user": "himura",
            "link": "https://youtu.be/PG96Nc8A7TA",
            "percent": 100,
            "hz": 144
        },
        {
            "user": "rexyy",
            "link": "https://youtu.be/56Q527rYXSY",
            "percent": 63,
            "hz": 360
        },
        {
            "user": "sythety",
            "link": "https://www.youtube.com/watch?v=R8rqUVX8z-o",
            "percent": 76,
            "hz": 240
        },
        {
            "user": "Quissup",
            "link": "https://www.youtube.com/watch?v=XnJwH-5J9A4",
            "percent": 100,
            "hz": 360
        },
        {
            "user": "VodaBAF",
            "link": "https://www.youtube.com/watch?v=ukMJ2d4sqWw",
            "percent": 72,
            "hz": 60,
            "mobile": true
        },
        {
            "user": "Regnom The ChienBeurre",
            "link": "https://youtu.be/S2ggI7-pmlA",
            "percent": 100,
            "hz": 144
        },
        {
            "user": "Teyyo",
            "link": "https://www.youtube.com/watch?v=TFQ2Txo0ZTU",
            "percent": 60,
            "hz": 360
        },
        {
            "user": "Nutbasta",
            "link": "https://youtu.be/LM0XqFbwXqw",
            "percent": 59,
            "hz": 144
        }
    
    ]
}
