{
    "id": 80485353,
    "name": "Shitty Worse Trip",
    "author": "FireRift",
    "creators": [],
    "verifier": "Luke",
    "verification": "https://www.youtube.com/watch?v=NGssw3D4yMI",
    "showcase": "https://youtu.be/9N_UnC06Oyk",
    "password": 307537,
    "percentToQualify": 100,
    "records": [
        {
            "user": "Riptide",
            "link": "https://youtu.be/xCzaU9nWTsI",
            "percent": 100,
            "hz": 120
        },
        {
            "user": "Samuuu18",
            "link": "https://www.twitch.tv/videos/1528399906",
            "percent": 100,
            "hz": 360
        },
        {
            "user": "biskit",
            "link": "https://youtu.be/ZGwjZrSAaVw",
            "percent": 100,
            "hz": 360
        },
        {
            "user": "Stell06",
            "link": "https://www.youtube.com/watch?v=55ZRh76n_H4",
            "percent": 100,
            "hz": 360
        },
        {
            "user": "Demons [GD]",
            "link": "https://youtu.be/q6cjyd5y-XQ",
            "percent": 100,
            "hz": 120
        },
        {
            "user": "Boshy",
            "link": "https://youtu.be/Hi8_sGxWoWE",
            "percent": 100,
            "hz": 240
        }
    ]
}
