{
    "id": 81848970,
    "name": "Shitty Yatagarasu",
    "author": "SupaX_",
    "creators": [
        "SupaX_",
        "HdLink13",
        "fice",
        "iRaily",
        "Fishyyy",
        "Whitar",
        "SkyStorm",
        "AugustVN",
        "NourTheKing",
        "TheRealAiden",
        "Whiliams",
        "Waaab",
        "AlexFiter",
        "Prometheus",
        "Atotakai",
        "Chspchips"
    ],
    "verifier": "TravelChimp",
    "verification": "https://youtu.be/eLDuFOzTebI",
    "showcase": "https://www.youtube.com/watch?v=MSbmqpwWJz8",
    "percentToQualify": 58,
    "password": 696969,
    "records": [
        {
            "user": "KylashTheKiller",
            "link": "https://youtu.be/t4YrsndJKNQ",
            "percent": 100,
            "hz": 60
        },
        {
            "user": "KasiaUwU",
            "link": "https://youtu.be/P-gY0OqD0Gw",
            "percent": 100,
            "hz": 240
        },
        {
            "user": "skyv",
            "link": "https://youtu.be/d-S-_J1F8y4",
            "percent": 100,
            "hz": 360
        }
    ]
}
