{
    "id": 78376395,
    "name": "Shitty Zodiac",
    "author": "Fh1r",
    "creators": ["Chspchips"],
    "verifier": "Fh1r",
    "verification": "https://www.youtube.com/watch?v=l4xOT6c9ZWA",
    "showcase": "https://youtu.be/2pmbqsuOm6Y",
    "percentToQualify": 56,
    "password": "67993",
    "records": [
        {
            "user": "Shel",
            "link": "https://youtu.be/jov1l8FfY-Q",
            "percent": 100,
            "hz": 144
        },
        {
            "user": "iRaily",
            "link": "https://youtu.be/_NNFGCY3yJM",
            "percent": 100,
            "hz": 288
        },
        {
            "user": "Holojen",
            "link": "https://youtu.be/dOusWEglT6E",
            "percent": 100,
            "hz": 288
        },
        {
            "user": "LzKlauss",
            "link": "https://youtu.be/asOWLihAuiw",
            "percent": 100,
            "hz": 240
        },
        {
            "user": "Shemenzy",
            "link": "https://www.youtube.com/watch?v=eq2EjAnNXnY&t=61s",
            "percent": 100,
            "hz": 360
        },
        {
            "user": "RazerJCZ",
            "link": "https://www.youtube.com/watch?v=v5qcKszOC5o",
            "percent": 100,
            "hz": 360
        },
        {
            "user": "DeNora17",
            "link": "https://www.youtube.com/watch?v=Or764lJGdxk",
            "percent": 63,
            "hz": 360
        },
        {
            "user": "Samuuu18",
            "link": "https://youtu.be/OVKV3XgUVJw",
            "percent": 100,
            "hz": 360
        },
        {
            "user": "fakeiwnl",
            "link": "https://www.youtube.com/watch?v=Lq-HOmYTj0A",
            "percent": 100,
            "hz": 360
        },
        {
            "user": "Solid",
            "link": "https://youtu.be/GGCiiK8sbrY",
            "percent": 100,
            "hz": 360
        },
        {
            "user": "gonza",
            "link": "https://youtu.be/yNs22sE7jaM",
            "percent": 100,
            "hz": 240
        },
        {
            "user": "attrixia",
            "link": "https://youtu.be/P8d_Tce-REY",
            "percent": 100,
            "hz": 120
        },
        {
            "user": "biskit",
            "link": "https://youtu.be/1a67doWXniA?t=557",
            "percent": 100,
            "hz": 360
        },
        {
            "user": "RunT",
            "link": "https://youtu.be/nSxaF2DzwO8",
            "percent": 100,
            "hz": 330
        },
        {
            "user": "Snakez363",
            "link": "https://youtu.be/I-qjns_z6N0",
            "percent": 100,
            "hz": 144
        },
        {
            "user": "homegrowntag",
            "link": "https://youtu.be/REPHs3onoNY",
            "percent": 100,
            "hz": 288
        },
        {
            "user": "starships",
            "link": "https://youtu.be/vH-0BQJdupY",
            "percent": 100,
            "hz": 360
        },
        {
            "user": "Vaoen",
            "link": "https://www.twitch.tv/videos/1549286258?t=02h04m09s",
            "percent": 100,
            "hz": 288
        },
        {
            "user": "RichStar",
            "link": "https://www.youtube.com/watch?v=RD-sGK9o3i8",
            "percent": 100,
            "hz": 240
        },
        {
            "user": "aheadhulkdrive",
            "link": "https://www.youtube.com/watch?v=-wWj214YlJE&t=6s",
            "percent": 100,
            "hz": 360
        },
        {
            "user": "Mag1cw1z3rd",
            "link": "https://youtu.be/IwwCcTFqg5A",
            "percent": 66,
            "hz": 360
        },
        {
            "user": "GD Fayo",
            "link": "https://www.youtube.com/watch?v=Hxk340jAuz0",
            "percent": 100,
            "hz": 360
        },
        {
            "user": "frol1kkk",
            "link": "https://youtu.be/baGJBf1oyZI",
            "percent": 100,
            "hz": 360
        },
        {
            "user": "lonifer",
            "link": "https://www.youtube.com/watch?v=eBygMWrvsoM&ab_channel=lonifer",
            "percent": 100,
            "hz": 360
        },
        {
            "user": "Riptide",
            "link": "https://youtu.be/wNH8tsiLbRw",
            "percent": 100,
            "hz": 240
        },
        {
            "user": "Lhiquidd",
            "link": "https://youtu.be/ISUSn8NroXY",
            "percent": 100,
            "hz": 360
        },
        {
            "user": "Dandy Chiggins",
            "link": "https://youtu.be/4MWxIQOZYwY",
            "percent": 100,
            "hz": 360
        },
        {
            "user": "nebnoob",
            "link": "https://www.youtube.com/watch?v=W2V1MzvtTOY",
            "percent": 100,
            "hz": 360
        },
        {
            "user": "NitkaGD",
            "link": "https://www.youtube.com/watch?v=0ujksmIkgRo",
            "percent": 72,
            "hz": 360
        },
        {
            "user": "skyv",
            "link": "https://youtu.be/QH0NEQvLFWU",
            "percent": 100,
            "hz": 360
        },
        {
            "user": "TheChaos",
            "link": "https://youtu.be/huULTvdN6Xg",
            "percent": 96,
            "hz": 240
        },
        {
            "user": "FullyDiverse",
            "link": "https://youtu.be/SkxUNhmcO5k",
            "percent": 100,
            "hz": 321
        },
        {
            "user": "CinnamonGMD",
            "link": "https://www.youtube.com/watch?v=o0u2dxbC3Uw",
            "percent": 100,
            "hz": 360
        },
        {
            "user": "Dylinator",
            "link": "https://youtu.be/aXb4WFJVLeU?t=1852",
            "percent": 100,
            "hz": 360
        },
        {
            "user": "Tunax",
            "link": "https://youtu.be/Ifgoo4p5aSY",
            "percent": 100,
            "hz": 360
        },
        {
            "user": "Zentersack",
            "link": "https://www.youtube.com/watch?v=ERt8HY0HMTQ",
            "percent": 94,
            "hz": 144
        },
        {
            "user": "Kubain",
            "link": "https://youtu.be/W1p6WllVjgk",
            "percent": 76,
            "hz": 165
        },
        {
            "user": "lucap123",
            "link": "https://youtu.be/mbg8FRCURUg",
            "percent": 100,
            "hz": 144
        },
        {
            "user": "TravelChimp",
            "link": "https://www.youtube.com/watch?v=LkcDpk5aCVU",
            "percent": 100,
            "hz": 288
        },
        {
            "user": "KasiaUwU",
            "link": "https://www.youtube.com/watch?v=60TDWru6uFk",
            "percent": 100,
            "hz": 240
        },
        {
            "user": "sSilvercrak / JASDreamer",
            "link": "https://youtu.be/YjAEDN_kCL4",
            "percent": 57,
            "hz": 360
        }
    ]
}
